-- phpMyAdmin SQL Dump
-- version 4.6.4
-- https://www.phpmyadmin.net/
--
-- Servidor: mysql.neoprojects.com.pe
-- Tiempo de generación: 03-01-2017 a las 20:31:50
-- Versión del servidor: 5.6.25-log
-- Versión de PHP: 7.1.0

SET SQL_MODE = "NO_AUTO_VALUE_ON_ZERO";
SET time_zone = "+00:00";


/*!40101 SET @OLD_CHARACTER_SET_CLIENT=@@CHARACTER_SET_CLIENT */;
/*!40101 SET @OLD_CHARACTER_SET_RESULTS=@@CHARACTER_SET_RESULTS */;
/*!40101 SET @OLD_COLLATION_CONNECTION=@@COLLATION_CONNECTION */;
/*!40101 SET NAMES utf8mb4 */;

--
-- Base de datos: `datatrack`
--

-- --------------------------------------------------------

--
-- Estructura de tabla para la tabla `categoria`
--

CREATE TABLE `categoria` (
  `id` int(10) UNSIGNED NOT NULL,
  `tipo` varchar(255) COLLATE utf8_unicode_ci NOT NULL,
  `created_at` timestamp NULL DEFAULT NULL,
  `updated_at` timestamp NULL DEFAULT NULL
) ENGINE=MyISAM DEFAULT CHARSET=utf8 COLLATE=utf8_unicode_ci;

--
-- Volcado de datos para la tabla `categoria`
--

INSERT INTO `categoria` (`id`, `tipo`, `created_at`, `updated_at`) VALUES
(1, 'TV', '2016-11-07 01:52:16', '2016-11-07 01:52:16'),
(2, 'WM', '2016-11-07 01:52:16', '2016-11-07 01:52:16'),
(3, 'REF', '2016-11-07 01:52:16', '2016-11-07 01:52:16'),
(4, 'CAV', '2016-11-07 01:52:16', '2016-11-07 01:52:16'),
(5, 'ISP', '2016-11-07 01:52:16', '2016-11-07 01:52:16'),
(6, 'AC', '2016-11-07 01:52:16', '2016-11-07 01:52:16');

-- --------------------------------------------------------

--
-- Estructura de tabla para la tabla `channel`
--

CREATE TABLE `channel` (
  `id` int(10) UNSIGNED NOT NULL,
  `name` varchar(255) COLLATE utf8_unicode_ci NOT NULL,
  `created_at` timestamp NULL DEFAULT NULL,
  `updated_at` timestamp NULL DEFAULT NULL
) ENGINE=MyISAM DEFAULT CHARSET=utf8 COLLATE=utf8_unicode_ci;

--
-- Volcado de datos para la tabla `channel`
--

INSERT INTO `channel` (`id`, `name`, `created_at`, `updated_at`) VALUES
(1, 'DEPARTMENT STORE\r', NULL, NULL),
(2, 'HYPERMARKET\r', NULL, NULL),
(3, 'SPECIALTY\r', NULL, NULL),
(4, 'WHOLESALERS\r', NULL, NULL);

-- --------------------------------------------------------

--
-- Estructura de tabla para la tabla `ciudad`
--

CREATE TABLE `ciudad` (
  `id` int(10) UNSIGNED NOT NULL,
  `provincia_id` int(10) UNSIGNED NOT NULL,
  `name` varchar(255) COLLATE utf8_unicode_ci NOT NULL,
  `created_at` timestamp NULL DEFAULT NULL,
  `updated_at` timestamp NULL DEFAULT NULL
) ENGINE=MyISAM DEFAULT CHARSET=utf8 COLLATE=utf8_unicode_ci;

--
-- Volcado de datos para la tabla `ciudad`
--

INSERT INTO `ciudad` (`id`, `provincia_id`, `name`, `created_at`, `updated_at`) VALUES
(81, 10, 'ABANCAY\r', NULL, NULL),
(82, 1, 'AMAZONAS\r', NULL, NULL),
(83, 11, 'ANDAHUAYLAS\r', NULL, NULL),
(84, 12, 'AREQUIPA\r', NULL, NULL),
(85, 39, 'ASCOPE\r', NULL, NULL),
(86, 16, 'AYACUCHO\r', NULL, NULL),
(87, 4, 'BAGUA\r', NULL, NULL),
(88, 4, 'BAGUA CHICA\r', NULL, NULL),
(89, 22, 'BAMBAMARCA\r', NULL, NULL),
(90, 49, 'BARRANCA\r', NULL, NULL),
(91, 18, 'CAJABAMBA\r', NULL, NULL),
(92, 19, 'CAJAMARCA\r', NULL, NULL),
(93, 13, 'CAMANA\r', NULL, NULL),
(94, 50, 'CAÑETE\r', NULL, NULL),
(95, 8, 'CARAZ\r', NULL, NULL),
(96, 6, 'CASMA\r', NULL, NULL),
(97, 46, 'CAYALTI\r', NULL, NULL),
(98, 14, 'CAYLLOMA\r', NULL, NULL),
(99, 20, 'CELENDIN\r', NULL, NULL),
(100, 2, 'CHACHAPOYAS\r', NULL, NULL),
(101, 40, 'CHEPEN\r', NULL, NULL),
(102, 46, 'CHICLAYO\r', NULL, NULL),
(103, 9, 'CHIMBOTE\r', NULL, NULL),
(104, 30, 'CHINCHA\r', NULL, NULL),
(105, 21, 'CHOTA\r', NULL, NULL),
(106, 59, 'CHULUCANAS\r', NULL, NULL),
(107, 25, 'CUSCO\r', NULL, NULL),
(108, 47, 'FERREÑAFE\r', NULL, NULL),
(109, 52, 'HUACHO\r', NULL, NULL),
(110, 43, 'HUAMACHUCO\r', NULL, NULL),
(111, 27, 'HUANCAVELICA\r', NULL, NULL),
(112, 35, 'HUANCAYO\r', NULL, NULL),
(113, 28, 'HUANUCO\r', NULL, NULL),
(114, 51, 'HUARAL\r', NULL, NULL),
(115, 7, 'HUARAZ\r', NULL, NULL),
(116, 5, 'HUARMEY\r', NULL, NULL),
(117, 31, 'ICA\r', NULL, NULL),
(118, 57, 'ILO\r', NULL, NULL),
(119, 55, 'IQUITOS\r', NULL, NULL),
(120, 23, 'JAEN\r', NULL, NULL),
(121, 67, 'JUANJUI\r', NULL, NULL),
(122, 66, 'JULIACA\r', NULL, NULL),
(123, 34, 'LA MERCED\r', NULL, NULL),
(124, 38, 'LA OROYA\r', NULL, NULL),
(125, 48, 'LAMBAYEQUE\r', NULL, NULL),
(126, 53, 'LIMA\r', NULL, NULL),
(127, 67, 'MARISCAL CACERES\r', NULL, NULL),
(128, 3, 'MENDOZA\r', NULL, NULL),
(129, 15, 'MOLLENDO\r', NULL, NULL),
(130, 48, 'MOTUPE\r', NULL, NULL),
(131, 68, 'MOYOBAMBA\r', NULL, NULL),
(132, 32, 'NAZCA\r', NULL, NULL),
(133, 69, 'NUEVA CAJAMARCA\r', NULL, NULL),
(134, 48, 'OLMOS\r', NULL, NULL),
(135, 41, 'OTUZCO\r', NULL, NULL),
(136, 42, 'PACASMAYO\r', NULL, NULL),
(137, 60, 'PAITA\r', NULL, NULL),
(138, 58, 'PASCO\r', NULL, NULL),
(139, 33, 'PISCO\r', NULL, NULL),
(140, 61, 'PIURA\r', NULL, NULL),
(141, 75, 'PUCALLPA\r', NULL, NULL),
(142, 56, 'PUERTO MALDONADO\r', NULL, NULL),
(143, 65, 'PUNO\r', NULL, NULL),
(144, 26, 'QUILLABAMBA\r', NULL, NULL),
(145, 69, 'RIOJA\r', NULL, NULL),
(146, 36, 'SATIPO\r', NULL, NULL),
(147, 62, 'SECHURA\r', NULL, NULL),
(148, 63, 'SULLANA\r', NULL, NULL),
(149, 72, 'TACNA\r', NULL, NULL),
(150, 64, 'TALARA\r', NULL, NULL),
(151, 61, 'TAMBOGRANDE\r', NULL, NULL),
(152, 70, 'TARAPOTO\r', NULL, NULL),
(153, 37, 'TARMA\r', NULL, NULL),
(154, 29, 'TINGO MARIA\r', NULL, NULL),
(155, 71, 'TOCACHE\r', NULL, NULL),
(156, 44, 'TRUJILLO\r', NULL, NULL),
(157, 73, 'TUMBES\r', NULL, NULL),
(158, 76, 'UCAYALI\r', NULL, NULL),
(159, 45, 'VIRU\r', NULL, NULL),
(160, 54, 'YURIMAGUAS\r', NULL, NULL);

-- --------------------------------------------------------

--
-- Estructura de tabla para la tabla `config`
--

CREATE TABLE `config` (
  `id` int(10) UNSIGNED NOT NULL,
  `tag` varchar(255) COLLATE utf8_unicode_ci NOT NULL,
  `value` varchar(255) COLLATE utf8_unicode_ci NOT NULL,
  `created_at` timestamp NULL DEFAULT NULL,
  `updated_at` timestamp NULL DEFAULT NULL
) ENGINE=MyISAM DEFAULT CHARSET=utf8 COLLATE=utf8_unicode_ci;

-- --------------------------------------------------------

--
-- Estructura de tabla para la tabla `departamento`
--

CREATE TABLE `departamento` (
  `id` int(10) UNSIGNED NOT NULL,
  `region2_id` int(10) UNSIGNED NOT NULL,
  `nombre` varchar(255) COLLATE utf8_unicode_ci NOT NULL,
  `created_at` timestamp NULL DEFAULT NULL,
  `updated_at` timestamp NULL DEFAULT NULL
) ENGINE=MyISAM DEFAULT CHARSET=utf8 COLLATE=utf8_unicode_ci;

--
-- Volcado de datos para la tabla `departamento`
--

INSERT INTO `departamento` (`id`, `region2_id`, `nombre`, `created_at`, `updated_at`) VALUES
(1, 6, 'AMAZONAS\r', NULL, NULL),
(2, 4, 'ANCASH\r', NULL, NULL),
(3, 5, 'APURIMAC\r', NULL, NULL),
(4, 2, 'AREQUIPA\r', NULL, NULL),
(5, 5, 'AYACUCHO\r', NULL, NULL),
(6, 3, 'CAJAMARCA\r', NULL, NULL),
(7, 1, 'CALLAO\r', NULL, NULL),
(8, 2, 'CUSCO\r', NULL, NULL),
(9, 5, 'HUANCAVELICA\r', NULL, NULL),
(10, 5, 'HUANUCO\r', NULL, NULL),
(11, 2, 'ICA\r', NULL, NULL),
(12, 5, 'JUNIN\r', NULL, NULL),
(13, 4, 'LA LIBERTAD\r', NULL, NULL),
(14, 3, 'LAMBAYEQUE\r', NULL, NULL),
(15, 1, 'LIMA\r', NULL, NULL),
(16, 6, 'LORETO\r', NULL, NULL),
(17, 6, 'MADRE DE DIOS\r', NULL, NULL),
(18, 2, 'MOQUEGUA\r', NULL, NULL),
(19, 5, 'PASCO\r', NULL, NULL),
(20, 3, 'PIURA\r', NULL, NULL),
(21, 2, 'PUNO\r', NULL, NULL),
(22, 5, 'SAN MARTIN\r', NULL, NULL),
(23, 2, 'TACNA\r', NULL, NULL),
(24, 3, 'TUMBES\r', NULL, NULL),
(25, 6, 'UCAYALI\r', NULL, NULL);

-- --------------------------------------------------------

--
-- Estructura de tabla para la tabla `direccion_ubicacion`
--

CREATE TABLE `direccion_ubicacion` (
  `id` int(10) UNSIGNED NOT NULL,
  `ciudad_id` int(10) UNSIGNED NOT NULL,
  `distrito_id` int(10) UNSIGNED NOT NULL,
  `provincia_id` int(10) UNSIGNED NOT NULL,
  `departamento_id` int(10) UNSIGNED NOT NULL,
  `region1_id` int(10) UNSIGNED NOT NULL,
  `region2_id` int(10) UNSIGNED NOT NULL,
  `dtime` datetime NOT NULL,
  `created_at` timestamp NULL DEFAULT NULL,
  `updated_at` timestamp NULL DEFAULT NULL
) ENGINE=MyISAM DEFAULT CHARSET=utf8 COLLATE=utf8_unicode_ci;

--
-- Volcado de datos para la tabla `direccion_ubicacion`
--

INSERT INTO `direccion_ubicacion` (`id`, `ciudad_id`, `distrito_id`, `provincia_id`, `departamento_id`, `region1_id`, `region2_id`, `dtime`, `created_at`, `updated_at`) VALUES
(1, 126, 124, 53, 15, 1, 1, '0000-00-00 00:00:00', NULL, NULL),
(2, 84, 28, 12, 4, 2, 2, '0000-00-00 00:00:00', NULL, NULL),
(3, 126, 113, 53, 15, 1, 1, '0000-00-00 00:00:00', NULL, NULL),
(4, 126, 14, 24, 7, 1, 1, '0000-00-00 00:00:00', NULL, NULL),
(5, 92, 17, 19, 6, 2, 3, '0000-00-00 00:00:00', NULL, NULL),
(6, 94, 117, 50, 15, 2, 1, '0000-00-00 00:00:00', NULL, NULL),
(7, 126, 77, 53, 15, 1, 1, '0000-00-00 00:00:00', NULL, NULL),
(8, 102, 36, 46, 14, 2, 3, '0000-00-00 00:00:00', NULL, NULL),
(9, 103, 37, 9, 2, 2, 4, '0000-00-00 00:00:00', NULL, NULL),
(10, 113, 56, 28, 10, 2, 5, '0000-00-00 00:00:00', NULL, NULL),
(11, 117, 60, 31, 11, 2, 2, '0000-00-00 00:00:00', NULL, NULL),
(12, 119, 64, 55, 16, 2, 6, '0000-00-00 00:00:00', NULL, NULL),
(13, 126, 120, 53, 15, 1, 1, '0000-00-00 00:00:00', NULL, NULL),
(14, 123, 33, 34, 12, 2, 1, '0000-00-00 00:00:00', NULL, NULL),
(15, 126, 63, 53, 15, 1, 1, '0000-00-00 00:00:00', NULL, NULL),
(16, 126, 63, 53, 15, 1, 1, '0000-00-00 00:00:00', NULL, NULL),
(17, 126, 86, 53, 15, 1, 1, '0000-00-00 00:00:00', NULL, NULL),
(18, 140, 101, 61, 20, 2, 3, '0000-00-00 00:00:00', NULL, NULL),
(19, 140, 26, 61, 20, 2, 3, '0000-00-00 00:00:00', NULL, NULL),
(20, 84, 99, 12, 4, 2, 2, '0000-00-00 00:00:00', NULL, NULL),
(21, 141, 139, 75, 25, 2, 6, '0000-00-00 00:00:00', NULL, NULL),
(22, 126, 66, 53, 15, 1, 1, '0000-00-00 00:00:00', NULL, NULL),
(23, 126, 110, 53, 15, 1, 1, '0000-00-00 00:00:00', NULL, NULL),
(24, 126, 115, 53, 15, 1, 1, '0000-00-00 00:00:00', NULL, NULL),
(25, 126, 119, 53, 15, 1, 1, '0000-00-00 00:00:00', NULL, NULL),
(26, 156, 131, 44, 13, 2, 4, '0000-00-00 00:00:00', NULL, NULL),
(27, 126, 113, 53, 15, 1, 1, '0000-00-00 00:00:00', NULL, NULL),
(28, 156, 131, 44, 13, 2, 4, '0000-00-00 00:00:00', NULL, NULL),
(29, 102, 36, 46, 14, 2, 3, '0000-00-00 00:00:00', NULL, NULL),
(30, 126, 120, 53, 15, 1, 1, '0000-00-00 00:00:00', NULL, NULL),
(31, 126, 63, 53, 15, 1, 1, '0000-00-00 00:00:00', NULL, NULL),
(32, 126, 115, 53, 15, 1, 1, '0000-00-00 00:00:00', NULL, NULL),
(33, 126, 110, 53, 15, 1, 1, '0000-00-00 00:00:00', NULL, NULL),
(34, 126, 112, 53, 15, 1, 1, '0000-00-00 00:00:00', NULL, NULL),
(35, 126, 86, 53, 15, 1, 1, '0000-00-00 00:00:00', NULL, NULL),
(36, 126, 40, 53, 15, 1, 1, '0000-00-00 00:00:00', NULL, NULL),
(37, 126, 14, 24, 7, 1, 1, '0000-00-00 00:00:00', NULL, NULL),
(38, 126, 18, 24, 7, 1, 1, '0000-00-00 00:00:00', NULL, NULL),
(39, 126, 109, 53, 15, 1, 1, '0000-00-00 00:00:00', NULL, NULL),
(40, 126, 43, 53, 15, 1, 1, '0000-00-00 00:00:00', NULL, NULL),
(41, 140, 101, 61, 20, 2, 3, '0000-00-00 00:00:00', NULL, NULL),
(42, 84, 99, 12, 4, 2, 2, '0000-00-00 00:00:00', NULL, NULL),
(43, 126, 63, 53, 15, 1, 1, '0000-00-00 00:00:00', NULL, NULL),
(44, 103, 37, 9, 2, 2, 4, '0000-00-00 00:00:00', NULL, NULL),
(45, 126, 119, 53, 15, 1, 1, '0000-00-00 00:00:00', NULL, NULL),
(46, 112, 54, 35, 12, 2, 5, '0000-00-00 00:00:00', NULL, NULL),
(47, 126, 109, 53, 15, 1, 1, '0000-00-00 00:00:00', NULL, NULL),
(48, 140, 101, 61, 20, 2, 3, '0000-00-00 00:00:00', NULL, NULL),
(49, 117, 60, 31, 11, 2, 2, '0000-00-00 00:00:00', NULL, NULL),
(50, 92, 17, 19, 6, 2, 3, '0000-00-00 00:00:00', NULL, NULL),
(51, 126, 66, 53, 15, 1, 1, '0000-00-00 00:00:00', NULL, NULL),
(52, 141, 139, 75, 25, 2, 6, '0000-00-00 00:00:00', NULL, NULL),
(53, 122, 70, 66, 21, 2, 2, '0000-00-00 00:00:00', NULL, NULL),
(54, 126, 15, 53, 15, 1, 1, '0000-00-00 00:00:00', NULL, NULL),
(55, 156, 131, 44, 13, 2, 4, '0000-00-00 00:00:00', NULL, NULL),
(56, 126, 134, 53, 15, 1, 1, '0000-00-00 00:00:00', NULL, NULL),
(57, 94, 84, 50, 15, 2, 1, '0000-00-00 00:00:00', NULL, NULL),
(58, 126, 77, 53, 15, 1, 1, '0000-00-00 00:00:00', NULL, NULL),
(59, 112, 54, 35, 12, 2, 5, '0000-00-00 00:00:00', NULL, NULL),
(60, 113, 56, 28, 10, 2, 5, '0000-00-00 00:00:00', NULL, NULL),
(61, 141, 139, 75, 25, 2, 6, '0000-00-00 00:00:00', NULL, NULL),
(62, 90, 12, 49, 15, 2, 1, '0000-00-00 00:00:00', NULL, NULL),
(63, 126, 77, 53, 15, 1, 1, '0000-00-00 00:00:00', NULL, NULL),
(64, 126, 77, 53, 15, 1, 1, '0000-00-00 00:00:00', NULL, NULL),
(65, 126, 120, 53, 15, 1, 1, '0000-00-00 00:00:00', NULL, NULL),
(66, 126, 63, 53, 15, 1, 1, '0000-00-00 00:00:00', NULL, NULL),
(67, 126, 109, 53, 15, 1, 1, '0000-00-00 00:00:00', NULL, NULL),
(68, 126, 66, 53, 15, 1, 1, '0000-00-00 00:00:00', NULL, NULL),
(69, 126, 109, 53, 15, 1, 1, '0000-00-00 00:00:00', NULL, NULL),
(70, 92, 17, 19, 6, 2, 3, '0000-00-00 00:00:00', NULL, NULL),
(71, 102, 36, 46, 14, 2, 3, '0000-00-00 00:00:00', NULL, NULL),
(72, 140, 101, 61, 20, 2, 3, '0000-00-00 00:00:00', NULL, NULL),
(73, 156, 131, 44, 13, 2, 4, '0000-00-00 00:00:00', NULL, NULL),
(74, 84, 28, 12, 4, 2, 2, '0000-00-00 00:00:00', NULL, NULL),
(75, 107, 45, 25, 8, 2, 2, '0000-00-00 00:00:00', NULL, NULL),
(76, 117, 60, 31, 11, 2, 2, '0000-00-00 00:00:00', NULL, NULL),
(77, 122, 70, 66, 21, 2, 2, '0000-00-00 00:00:00', NULL, NULL),
(78, 126, 113, 53, 15, 1, 1, '0000-00-00 00:00:00', NULL, NULL),
(79, 126, 18, 24, 7, 1, 1, '0000-00-00 00:00:00', NULL, NULL),
(80, 84, 30, 12, 4, 2, 2, '0000-00-00 00:00:00', NULL, NULL),
(81, 126, 14, 24, 7, 1, 1, '0000-00-00 00:00:00', NULL, NULL),
(82, 126, 15, 53, 15, 1, 1, '0000-00-00 00:00:00', NULL, NULL),
(83, 92, 17, 19, 6, 2, 3, '0000-00-00 00:00:00', NULL, NULL),
(84, 117, 60, 31, 11, 2, 2, '0000-00-00 00:00:00', NULL, NULL),
(85, 84, 6, 12, 4, 2, 2, '0000-00-00 00:00:00', NULL, NULL),
(86, 126, 63, 53, 15, 1, 1, '0000-00-00 00:00:00', NULL, NULL),
(87, 126, 63, 53, 15, 1, 1, '0000-00-00 00:00:00', NULL, NULL),
(88, 156, 131, 44, 13, 2, 4, '0000-00-00 00:00:00', NULL, NULL),
(89, 104, 49, 30, 11, 2, 2, '0000-00-00 00:00:00', NULL, NULL),
(90, 84, 6, 12, 4, 2, 2, '0000-00-00 00:00:00', NULL, NULL),
(91, 84, 28, 12, 4, 2, 2, '0000-00-00 00:00:00', NULL, NULL),
(92, 109, 50, 52, 15, 2, 1, '0000-00-00 00:00:00', NULL, NULL),
(93, 112, 54, 35, 12, 2, 5, '0000-00-00 00:00:00', NULL, NULL),
(94, 117, 60, 31, 11, 2, 2, '0000-00-00 00:00:00', NULL, NULL),
(95, 84, 6, 12, 4, 2, 2, '0000-00-00 00:00:00', NULL, NULL),
(96, 126, 63, 53, 15, 1, 1, '0000-00-00 00:00:00', NULL, NULL),
(97, 84, 99, 12, 4, 2, 2, '0000-00-00 00:00:00', NULL, NULL),
(98, 126, 119, 53, 15, 1, 1, '0000-00-00 00:00:00', NULL, NULL),
(99, 156, 131, 44, 13, 2, 4, '0000-00-00 00:00:00', NULL, NULL),
(100, 126, 134, 53, 15, 1, 1, '0000-00-00 00:00:00', NULL, NULL),
(101, 139, 100, 33, 11, 2, 2, '0000-00-00 00:00:00', NULL, NULL),
(102, 92, 17, 19, 6, 2, 3, '0000-00-00 00:00:00', NULL, NULL),
(103, 156, 131, 44, 13, 2, 1, '0000-00-00 00:00:00', NULL, NULL),
(104, 126, 124, 53, 15, 1, 1, '0000-00-00 00:00:00', NULL, NULL),
(105, 126, 113, 53, 15, 1, 1, '0000-00-00 00:00:00', NULL, NULL),
(106, 102, 36, 46, 14, 2, 3, '0000-00-00 00:00:00', NULL, NULL),
(107, 90, 12, 49, 15, 2, 1, '0000-00-00 00:00:00', NULL, NULL),
(108, 126, 15, 53, 15, 1, 1, '0000-00-00 00:00:00', NULL, NULL),
(109, 126, 75, 53, 15, 1, 1, '0000-00-00 00:00:00', NULL, NULL),
(110, 84, 30, 12, 4, 2, 2, '0000-00-00 00:00:00', NULL, NULL),
(111, 126, 32, 53, 15, 1, 1, '0000-00-00 00:00:00', NULL, NULL),
(112, 126, 40, 53, 15, 1, 1, '0000-00-00 00:00:00', NULL, NULL),
(113, 126, 77, 53, 15, 1, 1, '0000-00-00 00:00:00', NULL, NULL),
(114, 126, 43, 53, 15, 1, 1, '0000-00-00 00:00:00', NULL, NULL),
(115, 126, 46, 53, 15, 1, 1, '0000-00-00 00:00:00', NULL, NULL),
(116, 84, 138, 12, 4, 2, 2, '0000-00-00 00:00:00', NULL, NULL),
(117, 92, 17, 19, 6, 2, 3, '0000-00-00 00:00:00', NULL, NULL),
(118, 126, 43, 53, 15, 1, 1, '0000-00-00 00:00:00', NULL, NULL),
(119, 126, 77, 53, 15, 1, 1, '0000-00-00 00:00:00', NULL, NULL),
(120, 126, 115, 53, 15, 1, 1, '0000-00-00 00:00:00', NULL, NULL),
(121, 126, 66, 53, 15, 1, 1, '0000-00-00 00:00:00', NULL, NULL),
(122, 126, 40, 53, 15, 1, 1, '0000-00-00 00:00:00', NULL, NULL),
(123, 126, 63, 53, 15, 1, 1, '0000-00-00 00:00:00', NULL, NULL),
(124, 126, 106, 53, 15, 1, 1, '0000-00-00 00:00:00', NULL, NULL),
(125, 126, 115, 53, 15, 1, 1, '0000-00-00 00:00:00', NULL, NULL),
(126, 126, 72, 53, 15, 1, 1, '0000-00-00 00:00:00', NULL, NULL),
(127, 84, 6, 12, 4, 2, 2, '0000-00-00 00:00:00', NULL, NULL),
(128, 126, 109, 53, 15, 1, 1, '0000-00-00 00:00:00', NULL, NULL),
(129, 117, 60, 31, 11, 2, 2, '0000-00-00 00:00:00', NULL, NULL),
(130, 126, 113, 53, 15, 1, 1, '0000-00-00 00:00:00', NULL, NULL),
(131, 103, 37, 9, 2, 2, 4, '0000-00-00 00:00:00', NULL, NULL),
(132, 156, 131, 44, 13, 2, 4, '0000-00-00 00:00:00', NULL, NULL),
(133, 126, 66, 53, 15, 1, 1, '0000-00-00 00:00:00', NULL, NULL),
(134, 140, 101, 61, 20, 2, 3, '0000-00-00 00:00:00', NULL, NULL),
(135, 126, 63, 53, 15, 1, 1, '0000-00-00 00:00:00', NULL, NULL),
(136, 126, 112, 53, 15, 1, 1, '0000-00-00 00:00:00', NULL, NULL),
(137, 126, 7, 53, 15, 1, 1, '0000-00-00 00:00:00', NULL, NULL),
(138, 126, 112, 53, 15, 1, 1, '0000-00-00 00:00:00', NULL, NULL),
(139, 102, 36, 46, 14, 2, 3, '0000-00-00 00:00:00', NULL, NULL),
(140, 126, 133, 24, 7, 1, 1, '0000-00-00 00:00:00', NULL, NULL),
(141, 102, 36, 46, 14, 2, 3, '0000-00-00 00:00:00', NULL, NULL),
(142, 126, 78, 53, 15, 1, 1, '0000-00-00 00:00:00', NULL, NULL),
(143, 117, 60, 31, 11, 2, 2, '0000-00-00 00:00:00', NULL, NULL),
(144, 126, 102, 53, 15, 1, 1, '0000-00-00 00:00:00', NULL, NULL),
(145, 126, 77, 53, 15, 1, 1, '0000-00-00 00:00:00', NULL, NULL),
(146, 126, 106, 53, 15, 1, 1, '0000-00-00 00:00:00', NULL, NULL),
(147, 126, 110, 53, 15, 1, 1, '0000-00-00 00:00:00', NULL, NULL),
(148, 126, 18, 24, 7, 1, 1, '0000-00-00 00:00:00', NULL, NULL),
(149, 126, 14, 24, 7, 1, 1, '0000-00-00 00:00:00', NULL, NULL),
(150, 126, 75, 53, 15, 1, 1, '0000-00-00 00:00:00', NULL, NULL),
(151, 126, 66, 53, 15, 1, 1, '0000-00-00 00:00:00', NULL, NULL),
(152, 126, 13, 53, 15, 1, 1, '0000-00-00 00:00:00', NULL, NULL),
(153, 126, 75, 53, 15, 1, 1, '0000-00-00 00:00:00', NULL, NULL),
(154, 126, 113, 53, 15, 1, 1, '0000-00-00 00:00:00', NULL, NULL),
(155, 126, 13, 53, 15, 1, 1, '0000-00-00 00:00:00', NULL, NULL),
(156, 126, 106, 53, 15, 1, 1, '0000-00-00 00:00:00', NULL, NULL),
(157, 126, 15, 53, 15, 1, 1, '0000-00-00 00:00:00', NULL, NULL),
(158, 126, 120, 53, 15, 1, 1, '0000-00-00 00:00:00', NULL, NULL),
(159, 126, 7, 53, 15, 1, 1, '0000-00-00 00:00:00', NULL, NULL),
(160, 126, 86, 53, 15, 1, 1, '0000-00-00 00:00:00', NULL, NULL),
(161, 126, 86, 53, 15, 1, 1, '0000-00-00 00:00:00', NULL, NULL),
(162, 126, 86, 53, 15, 1, 1, '0000-00-00 00:00:00', NULL, NULL),
(163, 126, 72, 53, 15, 1, 1, '0000-00-00 00:00:00', NULL, NULL),
(164, 126, 120, 53, 15, 1, 1, '0000-00-00 00:00:00', NULL, NULL),
(165, 126, 110, 53, 15, 1, 1, '0000-00-00 00:00:00', NULL, NULL),
(166, 126, 72, 53, 15, 1, 1, '0000-00-00 00:00:00', NULL, NULL),
(167, 126, 72, 53, 15, 1, 1, '0000-00-00 00:00:00', NULL, NULL),
(168, 126, 109, 53, 15, 1, 1, '0000-00-00 00:00:00', NULL, NULL),
(169, 126, 115, 53, 15, 1, 1, '0000-00-00 00:00:00', NULL, NULL),
(170, 126, 120, 53, 15, 1, 1, '0000-00-00 00:00:00', NULL, NULL),
(171, 156, 131, 44, 13, 2, 4, '0000-00-00 00:00:00', NULL, NULL),
(172, 126, 86, 53, 15, 1, 1, '0000-00-00 00:00:00', NULL, NULL),
(173, 94, 84, 50, 15, 2, 1, '0000-00-00 00:00:00', NULL, NULL),
(174, 84, 6, 12, 4, 2, 2, '0000-00-00 00:00:00', NULL, NULL),
(175, 126, 106, 53, 15, 1, 1, '0000-00-00 00:00:00', NULL, NULL),
(176, 126, 77, 53, 15, 1, 1, '0000-00-00 00:00:00', NULL, NULL),
(177, 84, 6, 12, 4, 2, 2, '0000-00-00 00:00:00', NULL, NULL),
(178, 126, 7, 53, 15, 1, 1, '0000-00-00 00:00:00', NULL, NULL),
(179, 90, 12, 49, 15, 2, 1, '0000-00-00 00:00:00', NULL, NULL),
(180, 126, 66, 53, 15, 1, 1, '0000-00-00 00:00:00', NULL, NULL),
(181, 92, 17, 19, 6, 2, 3, '0000-00-00 00:00:00', NULL, NULL),
(182, 126, 14, 24, 7, 1, 1, '0000-00-00 00:00:00', NULL, NULL),
(183, 126, 77, 53, 15, 1, 1, '0000-00-00 00:00:00', NULL, NULL),
(184, 126, 7, 53, 15, 1, 1, '0000-00-00 00:00:00', NULL, NULL),
(185, 102, 36, 46, 14, 2, 3, '0000-00-00 00:00:00', NULL, NULL),
(186, 103, 37, 9, 2, 2, 4, '0000-00-00 00:00:00', NULL, NULL),
(187, 104, 38, 30, 11, 2, 2, '0000-00-00 00:00:00', NULL, NULL),
(188, 126, 18, 24, 7, 1, 1, '0000-00-00 00:00:00', NULL, NULL),
(189, 126, 43, 53, 15, 1, 1, '0000-00-00 00:00:00', NULL, NULL),
(190, 107, 45, 25, 8, 2, 2, '0000-00-00 00:00:00', NULL, NULL),
(191, 107, 111, 25, 8, 2, 2, '0000-00-00 00:00:00', NULL, NULL),
(192, 126, 46, 53, 15, 1, 1, '0000-00-00 00:00:00', NULL, NULL),
(193, 126, 120, 53, 15, 1, 1, '0000-00-00 00:00:00', NULL, NULL),
(194, 109, 50, 52, 15, 2, 1, '0000-00-00 00:00:00', NULL, NULL),
(195, 112, 54, 35, 12, 2, 5, '0000-00-00 00:00:00', NULL, NULL),
(196, 113, 56, 28, 10, 2, 5, '0000-00-00 00:00:00', NULL, NULL),
(197, 114, 57, 51, 15, 2, 1, '0000-00-00 00:00:00', NULL, NULL),
(198, 117, 60, 31, 11, 2, 2, '0000-00-00 00:00:00', NULL, NULL),
(199, 126, 63, 53, 15, 1, 1, '0000-00-00 00:00:00', NULL, NULL),
(200, 126, 120, 53, 15, 1, 1, '0000-00-00 00:00:00', NULL, NULL),
(201, 122, 70, 66, 21, 2, 2, '0000-00-00 00:00:00', NULL, NULL),
(202, 126, 120, 53, 15, 1, 1, '0000-00-00 00:00:00', NULL, NULL),
(203, 126, 72, 53, 15, 1, 1, '0000-00-00 00:00:00', NULL, NULL),
(204, 126, 82, 53, 15, 1, 1, '0000-00-00 00:00:00', NULL, NULL),
(205, 139, 100, 33, 11, 2, 2, '0000-00-00 00:00:00', NULL, NULL),
(206, 140, 101, 61, 20, 2, 3, '0000-00-00 00:00:00', NULL, NULL),
(207, 126, 109, 53, 15, 1, 1, '0000-00-00 00:00:00', NULL, NULL),
(208, 141, 139, 75, 25, 2, 6, '0000-00-00 00:00:00', NULL, NULL),
(209, 126, 104, 53, 15, 1, 1, '0000-00-00 00:00:00', NULL, NULL),
(210, 143, 105, 65, 21, 2, 2, '0000-00-00 00:00:00', NULL, NULL),
(211, 148, 123, 63, 20, 2, 3, '0000-00-00 00:00:00', NULL, NULL),
(212, 126, 106, 53, 15, 1, 1, '0000-00-00 00:00:00', NULL, NULL),
(213, 126, 78, 53, 15, 1, 1, '0000-00-00 00:00:00', NULL, NULL),
(214, 126, 66, 53, 15, 1, 1, '0000-00-00 00:00:00', NULL, NULL),
(215, 126, 109, 53, 15, 1, 1, '0000-00-00 00:00:00', NULL, NULL),
(216, 126, 110, 53, 15, 1, 1, '0000-00-00 00:00:00', NULL, NULL),
(217, 126, 112, 53, 15, 1, 1, '0000-00-00 00:00:00', NULL, NULL),
(218, 126, 7, 53, 15, 1, 1, '0000-00-00 00:00:00', NULL, NULL),
(219, 148, 123, 63, 20, 2, 3, '0000-00-00 00:00:00', NULL, NULL),
(220, 149, 125, 72, 23, 2, 2, '0000-00-00 00:00:00', NULL, NULL),
(221, 156, 131, 44, 13, 2, 4, '0000-00-00 00:00:00', NULL, NULL),
(222, 126, 133, 24, 7, 1, 1, '0000-00-00 00:00:00', NULL, NULL),
(223, 126, 112, 53, 15, 1, 1, '0000-00-00 00:00:00', NULL, NULL),
(224, 126, 15, 53, 15, 1, 1, '0000-00-00 00:00:00', NULL, NULL),
(225, 126, 81, 53, 15, 1, 1, '0000-00-00 00:00:00', NULL, NULL),
(226, 126, 13, 53, 15, 1, 1, '0000-00-00 00:00:00', NULL, NULL),
(227, 156, 131, 44, 13, 2, 4, '0000-00-00 00:00:00', NULL, NULL),
(228, 126, 75, 53, 15, 1, 1, '0000-00-00 00:00:00', NULL, NULL),
(229, 126, 40, 53, 15, 1, 1, '0000-00-00 00:00:00', NULL, NULL),
(230, 82, 65, 1, 1, 2, 6, '0000-00-00 00:00:00', NULL, NULL),
(231, 126, 80, 53, 15, 1, 1, '0000-00-00 00:00:00', NULL, NULL),
(232, 126, 86, 53, 15, 1, 1, '0000-00-00 00:00:00', NULL, NULL),
(233, 118, 61, 57, 18, 2, 2, '0000-00-00 00:00:00', NULL, NULL),
(234, 103, 92, 9, 2, 2, 4, '0000-00-00 00:00:00', NULL, NULL),
(235, 137, 96, 60, 20, 2, 3, '0000-00-00 00:00:00', NULL, NULL),
(236, 126, 114, 53, 15, 1, 1, '0000-00-00 00:00:00', NULL, NULL),
(237, 150, 98, 64, 20, 2, 3, '0000-00-00 00:00:00', NULL, NULL),
(238, 126, 80, 53, 15, 1, 1, '0000-00-00 00:00:00', NULL, NULL),
(239, 126, 120, 53, 15, 1, 1, '0000-00-00 00:00:00', NULL, NULL),
(240, 126, 72, 53, 15, 1, 1, '0000-00-00 00:00:00', NULL, NULL),
(241, 84, 28, 12, 4, 2, 2, '0000-00-00 00:00:00', NULL, NULL),
(242, 140, 101, 61, 20, 2, 3, '0000-00-00 00:00:00', NULL, NULL),
(243, 126, 124, 53, 15, 1, 1, '0000-00-00 00:00:00', NULL, NULL),
(244, 126, 113, 53, 15, 1, 1, '0000-00-00 00:00:00', NULL, NULL),
(245, 126, 114, 53, 15, 1, 1, '0000-00-00 00:00:00', NULL, NULL),
(246, 126, 14, 24, 7, 1, 1, '0000-00-00 00:00:00', NULL, NULL),
(247, 92, 17, 19, 6, 2, 3, '0000-00-00 00:00:00', NULL, NULL),
(248, 126, 18, 24, 7, 1, 1, '0000-00-00 00:00:00', NULL, NULL),
(249, 94, 117, 50, 15, 2, 1, '0000-00-00 00:00:00', NULL, NULL),
(250, 101, 35, 40, 13, 2, 4, '0000-00-00 00:00:00', NULL, NULL),
(251, 102, 36, 46, 14, 2, 3, '0000-00-00 00:00:00', NULL, NULL),
(252, 102, 36, 46, 14, 2, 3, '0000-00-00 00:00:00', NULL, NULL),
(253, 103, 37, 9, 2, 2, 4, '0000-00-00 00:00:00', NULL, NULL),
(254, 104, 38, 30, 11, 2, 2, '0000-00-00 00:00:00', NULL, NULL),
(255, 109, 50, 52, 15, 2, 1, '0000-00-00 00:00:00', NULL, NULL),
(256, 113, 56, 28, 10, 2, 5, '0000-00-00 00:00:00', NULL, NULL),
(257, 114, 57, 51, 15, 2, 1, '0000-00-00 00:00:00', NULL, NULL),
(258, 126, 7, 53, 15, 1, 1, '0000-00-00 00:00:00', NULL, NULL),
(259, 126, 40, 53, 15, 1, 1, '0000-00-00 00:00:00', NULL, NULL),
(260, 117, 60, 31, 11, 2, 2, '0000-00-00 00:00:00', NULL, NULL),
(261, 126, 120, 53, 15, 1, 1, '0000-00-00 00:00:00', NULL, NULL),
(262, 126, 115, 53, 15, 1, 1, '0000-00-00 00:00:00', NULL, NULL),
(263, 126, 46, 53, 15, 1, 1, '0000-00-00 00:00:00', NULL, NULL),
(264, 126, 110, 53, 15, 1, 1, '0000-00-00 00:00:00', NULL, NULL),
(265, 102, 36, 46, 14, 2, 3, '0000-00-00 00:00:00', NULL, NULL),
(266, 126, 77, 53, 15, 1, 1, '0000-00-00 00:00:00', NULL, NULL),
(267, 126, 113, 53, 15, 1, 1, '0000-00-00 00:00:00', NULL, NULL),
(268, 126, 80, 53, 15, 1, 1, '0000-00-00 00:00:00', NULL, NULL),
(269, 126, 63, 53, 15, 1, 1, '0000-00-00 00:00:00', NULL, NULL),
(270, 136, 95, 42, 13, 2, 4, '0000-00-00 00:00:00', NULL, NULL),
(271, 126, 135, 53, 15, 1, 1, '0000-00-00 00:00:00', NULL, NULL),
(272, 140, 26, 61, 20, 2, 3, '0000-00-00 00:00:00', NULL, NULL),
(273, 84, 99, 12, 4, 2, 2, '0000-00-00 00:00:00', NULL, NULL),
(274, 141, 139, 75, 25, 2, 6, '0000-00-00 00:00:00', NULL, NULL),
(275, 126, 104, 53, 15, 1, 1, '0000-00-00 00:00:00', NULL, NULL),
(276, 126, 114, 53, 15, 1, 1, '0000-00-00 00:00:00', NULL, NULL),
(277, 126, 18, 24, 7, 1, 1, '0000-00-00 00:00:00', NULL, NULL),
(278, 126, 112, 53, 15, 1, 1, '0000-00-00 00:00:00', NULL, NULL),
(279, 126, 119, 53, 15, 1, 1, '0000-00-00 00:00:00', NULL, NULL),
(280, 148, 123, 63, 20, 2, 3, '0000-00-00 00:00:00', NULL, NULL),
(281, 156, 131, 44, 13, 2, 4, '0000-00-00 00:00:00', NULL, NULL),
(282, 156, 131, 44, 13, 2, 4, '0000-00-00 00:00:00', NULL, NULL),
(283, 126, 72, 53, 15, 1, 1, '0000-00-00 00:00:00', NULL, NULL),
(284, 102, 36, 46, 14, 2, 3, '0000-00-00 00:00:00', NULL, NULL),
(285, 84, 6, 12, 4, 2, 2, '0000-00-00 00:00:00', NULL, NULL),
(286, 84, 28, 12, 4, 2, 2, '0000-00-00 00:00:00', NULL, NULL),
(287, 126, 112, 53, 15, 1, 1, '0000-00-00 00:00:00', NULL, NULL),
(288, 126, 112, 53, 15, 1, 1, '0000-00-00 00:00:00', NULL, NULL),
(289, 126, 77, 53, 15, 1, 1, '0000-00-00 00:00:00', NULL, NULL),
(290, 126, 40, 53, 15, 1, 1, '0000-00-00 00:00:00', NULL, NULL),
(291, 126, 104, 53, 15, 1, 1, '0000-00-00 00:00:00', NULL, NULL),
(292, 104, 38, 30, 11, 2, 2, '0000-00-00 00:00:00', NULL, NULL),
(293, 81, 1, 10, 3, 2, 5, '0000-00-00 00:00:00', NULL, NULL),
(294, 157, 132, 73, 24, 2, 3, '0000-00-00 00:00:00', NULL, NULL),
(295, 86, 8, 17, 5, 2, 5, '0000-00-00 00:00:00', NULL, NULL),
(296, 90, 12, 49, 15, 2, 1, '0000-00-00 00:00:00', NULL, NULL),
(297, 92, 17, 19, 6, 2, 3, '0000-00-00 00:00:00', NULL, NULL),
(298, 93, 20, 13, 4, 2, 2, '0000-00-00 00:00:00', NULL, NULL),
(299, 94, 21, 50, 15, 2, 1, '0000-00-00 00:00:00', NULL, NULL),
(300, 138, 34, 58, 19, 2, 5, '0000-00-00 00:00:00', NULL, NULL),
(301, 101, 35, 40, 13, 2, 4, '0000-00-00 00:00:00', NULL, NULL),
(302, 102, 36, 46, 14, 2, 3, '0000-00-00 00:00:00', NULL, NULL),
(303, 103, 37, 9, 2, 2, 4, '0000-00-00 00:00:00', NULL, NULL),
(304, 104, 38, 30, 11, 2, 2, '0000-00-00 00:00:00', NULL, NULL),
(305, 126, 81, 53, 15, 1, 1, '0000-00-00 00:00:00', NULL, NULL),
(306, 106, 42, 59, 20, 2, 3, '0000-00-00 00:00:00', NULL, NULL),
(307, 126, 43, 53, 15, 1, 1, '0000-00-00 00:00:00', NULL, NULL),
(308, 107, 45, 25, 8, 2, 2, '0000-00-00 00:00:00', NULL, NULL),
(309, 90, 12, 49, 15, 2, 1, '0000-00-00 00:00:00', NULL, NULL),
(310, 126, 18, 24, 7, 1, 1, '0000-00-00 00:00:00', NULL, NULL),
(311, 126, 43, 53, 15, 1, 1, '0000-00-00 00:00:00', NULL, NULL),
(312, 109, 50, 52, 15, 2, 1, '0000-00-00 00:00:00', NULL, NULL),
(313, 114, 57, 51, 15, 2, 1, '0000-00-00 00:00:00', NULL, NULL),
(314, 126, 63, 53, 15, 1, 1, '0000-00-00 00:00:00', NULL, NULL),
(315, 126, 18, 24, 7, 1, 1, '0000-00-00 00:00:00', NULL, NULL),
(316, 126, 102, 53, 15, 1, 1, '0000-00-00 00:00:00', NULL, NULL),
(317, 126, 104, 53, 15, 1, 1, '0000-00-00 00:00:00', NULL, NULL),
(318, 126, 112, 53, 15, 1, 1, '0000-00-00 00:00:00', NULL, NULL),
(319, 126, 115, 53, 15, 1, 1, '0000-00-00 00:00:00', NULL, NULL),
(320, 126, 77, 53, 15, 1, 1, '0000-00-00 00:00:00', NULL, NULL),
(321, 126, 133, 24, 7, 1, 1, '0000-00-00 00:00:00', NULL, NULL),
(322, 156, 47, 44, 13, 2, 4, '0000-00-00 00:00:00', NULL, NULL),
(323, 109, 50, 52, 15, 2, 1, '0000-00-00 00:00:00', NULL, NULL),
(324, 112, 54, 35, 12, 2, 5, '0000-00-00 00:00:00', NULL, NULL),
(325, 113, 56, 28, 10, 2, 5, '0000-00-00 00:00:00', NULL, NULL),
(326, 114, 57, 51, 15, 2, 1, '0000-00-00 00:00:00', NULL, NULL),
(327, 115, 58, 7, 2, 2, 4, '0000-00-00 00:00:00', NULL, NULL),
(328, 126, 7, 53, 15, 1, 1, '0000-00-00 00:00:00', NULL, NULL),
(329, 117, 60, 31, 11, 2, 2, '0000-00-00 00:00:00', NULL, NULL),
(330, 118, 61, 57, 18, 2, 2, '0000-00-00 00:00:00', NULL, NULL),
(331, 119, 64, 55, 16, 2, 6, '0000-00-00 00:00:00', NULL, NULL),
(332, 119, 64, 55, 16, 2, 6, '0000-00-00 00:00:00', NULL, NULL),
(333, 120, 65, 23, 6, 2, 6, '0000-00-00 00:00:00', NULL, NULL),
(334, 127, 69, 67, 22, 2, 6, '0000-00-00 00:00:00', NULL, NULL),
(335, 122, 70, 66, 21, 2, 2, '0000-00-00 00:00:00', NULL, NULL),
(336, 123, 33, 34, 12, 2, 5, '0000-00-00 00:00:00', NULL, NULL),
(337, 124, 73, 38, 12, 2, 5, '0000-00-00 00:00:00', NULL, NULL),
(338, 126, 82, 53, 15, 1, 1, '0000-00-00 00:00:00', NULL, NULL),
(339, 84, 6, 12, 4, 2, 2, '0000-00-00 00:00:00', NULL, NULL),
(340, 129, 87, 15, 4, 2, 2, '0000-00-00 00:00:00', NULL, NULL),
(341, 131, 89, 68, 22, 2, 6, '0000-00-00 00:00:00', NULL, NULL),
(342, 132, 90, 32, 11, 2, 2, '0000-00-00 00:00:00', NULL, NULL),
(343, 139, 100, 33, 11, 2, 2, '0000-00-00 00:00:00', NULL, NULL),
(344, 140, 101, 61, 20, 2, 3, '0000-00-00 00:00:00', NULL, NULL),
(345, 126, 112, 53, 15, 1, 1, '0000-00-00 00:00:00', NULL, NULL),
(346, 141, 19, 75, 25, 2, 6, '0000-00-00 00:00:00', NULL, NULL),
(347, 142, 127, 56, 17, 2, 6, '0000-00-00 00:00:00', NULL, NULL),
(348, 126, 113, 53, 15, 1, 1, '0000-00-00 00:00:00', NULL, NULL),
(349, 126, 114, 53, 15, 1, 1, '0000-00-00 00:00:00', NULL, NULL),
(350, 148, 123, 63, 20, 2, 3, '0000-00-00 00:00:00', NULL, NULL),
(351, 149, 125, 72, 23, 2, 2, '0000-00-00 00:00:00', NULL, NULL),
(352, 150, 98, 64, 20, 2, 3, '0000-00-00 00:00:00', NULL, NULL),
(353, 152, 128, 70, 22, 2, 6, '0000-00-00 00:00:00', NULL, NULL),
(354, 153, 129, 37, 12, 2, 5, '0000-00-00 00:00:00', NULL, NULL),
(355, 154, 108, 29, 10, 2, 5, '0000-00-00 00:00:00', NULL, NULL),
(356, 156, 131, 44, 13, 2, 4, '0000-00-00 00:00:00', NULL, NULL),
(357, 157, 132, 73, 24, 2, 3, '0000-00-00 00:00:00', NULL, NULL),
(358, 126, 133, 24, 7, 1, 1, '0000-00-00 00:00:00', NULL, NULL),
(359, 126, 134, 53, 15, 1, 1, '0000-00-00 00:00:00', NULL, NULL),
(360, 126, 135, 53, 15, 1, 1, '0000-00-00 00:00:00', NULL, NULL),
(361, 160, 140, 54, 16, 2, 6, '0000-00-00 00:00:00', NULL, NULL),
(362, 126, 14, 24, 7, 1, 1, '0000-00-00 00:00:00', NULL, NULL),
(363, 112, 54, 35, 12, 2, 5, '0000-00-00 00:00:00', NULL, NULL),
(364, 126, 110, 53, 15, 1, 1, '0000-00-00 00:00:00', NULL, NULL),
(365, 126, 83, 53, 15, 1, 1, '0000-00-00 00:00:00', NULL, NULL),
(366, 156, 131, 44, 13, 2, 4, '0000-00-00 00:00:00', NULL, NULL),
(367, 126, 63, 53, 15, 1, 1, '0000-00-00 00:00:00', NULL, NULL),
(368, 126, 40, 53, 15, 1, 1, '0000-00-00 00:00:00', NULL, NULL),
(369, 84, 6, 12, 4, 2, 2, '0000-00-00 00:00:00', NULL, NULL),
(370, 126, 112, 53, 15, 1, 1, '0000-00-00 00:00:00', NULL, NULL),
(371, 143, 105, 65, 21, 2, 2, '0000-00-00 00:00:00', NULL, NULL),
(372, 144, 118, 26, 8, 2, 2, '0000-00-00 00:00:00', NULL, NULL),
(373, 126, 77, 53, 15, 1, 1, '0000-00-00 00:00:00', NULL, NULL),
(374, 156, 131, 44, 13, 2, 4, '0000-00-00 00:00:00', NULL, NULL),
(375, 84, 6, 12, 4, 2, 2, '0000-00-00 00:00:00', NULL, NULL),
(376, 126, 7, 53, 15, 1, 1, '0000-00-00 00:00:00', NULL, NULL),
(377, 84, 6, 12, 4, 2, 2, '0000-00-00 00:00:00', NULL, NULL),
(378, 84, 6, 12, 4, 2, 2, '0000-00-00 00:00:00', NULL, NULL),
(379, 126, 7, 53, 15, 1, 1, '0000-00-00 00:00:00', NULL, NULL),
(380, 86, 8, 17, 5, 2, 5, '0000-00-00 00:00:00', NULL, NULL),
(381, 90, 12, 49, 15, 2, 1, '0000-00-00 00:00:00', NULL, NULL),
(382, 126, 15, 53, 15, 1, 1, '0000-00-00 00:00:00', NULL, NULL),
(383, 92, 17, 19, 6, 2, 3, '0000-00-00 00:00:00', NULL, NULL),
(384, 126, 112, 53, 15, 1, 1, '0000-00-00 00:00:00', NULL, NULL),
(385, 94, 117, 50, 15, 2, 1, '0000-00-00 00:00:00', NULL, NULL),
(386, 94, 62, 50, 15, 2, 1, '0000-00-00 00:00:00', NULL, NULL),
(387, 96, 25, 6, 2, 2, 4, '0000-00-00 00:00:00', NULL, NULL),
(388, 101, 35, 40, 13, 2, 4, '0000-00-00 00:00:00', NULL, NULL),
(389, 102, 36, 46, 14, 2, 3, '0000-00-00 00:00:00', NULL, NULL),
(390, 102, 36, 46, 14, 2, 3, '0000-00-00 00:00:00', NULL, NULL),
(391, 103, 37, 9, 2, 2, 4, '0000-00-00 00:00:00', NULL, NULL),
(392, 104, 38, 30, 11, 2, 2, '0000-00-00 00:00:00', NULL, NULL),
(393, 126, 40, 53, 15, 1, 1, '0000-00-00 00:00:00', NULL, NULL),
(394, 126, 81, 53, 15, 1, 1, '0000-00-00 00:00:00', NULL, NULL),
(395, 106, 42, 59, 20, 2, 3, '0000-00-00 00:00:00', NULL, NULL),
(396, 126, 43, 53, 15, 1, 1, '0000-00-00 00:00:00', NULL, NULL),
(397, 107, 137, 25, 8, 2, 2, '0000-00-00 00:00:00', NULL, NULL),
(398, 126, 46, 53, 15, 1, 1, '0000-00-00 00:00:00', NULL, NULL),
(399, 156, 47, 44, 13, 2, 4, '0000-00-00 00:00:00', NULL, NULL),
(400, 109, 50, 52, 15, 2, 1, '0000-00-00 00:00:00', NULL, NULL),
(401, 112, 48, 35, 12, 2, 5, '0000-00-00 00:00:00', NULL, NULL),
(402, 113, 56, 28, 10, 2, 5, '0000-00-00 00:00:00', NULL, NULL),
(403, 114, 57, 51, 15, 2, 1, '0000-00-00 00:00:00', NULL, NULL),
(404, 115, 58, 7, 2, 2, 4, '0000-00-00 00:00:00', NULL, NULL),
(405, 126, 7, 53, 15, 1, 1, '0000-00-00 00:00:00', NULL, NULL),
(406, 117, 60, 31, 11, 2, 2, '0000-00-00 00:00:00', NULL, NULL),
(407, 118, 61, 57, 18, 2, 2, '0000-00-00 00:00:00', NULL, NULL),
(408, 126, 63, 53, 15, 1, 1, '0000-00-00 00:00:00', NULL, NULL),
(409, 119, 64, 55, 16, 2, 6, '0000-00-00 00:00:00', NULL, NULL),
(410, 120, 65, 23, 6, 2, 6, '0000-00-00 00:00:00', NULL, NULL),
(411, 126, 134, 53, 15, 1, 1, '0000-00-00 00:00:00', NULL, NULL),
(412, 122, 70, 66, 21, 2, 2, '0000-00-00 00:00:00', NULL, NULL),
(413, 156, 71, 44, 13, 2, 4, '0000-00-00 00:00:00', NULL, NULL),
(414, 126, 115, 53, 15, 1, 1, '0000-00-00 00:00:00', NULL, NULL),
(415, 125, 76, 48, 14, 2, 3, '0000-00-00 00:00:00', NULL, NULL),
(416, 126, 80, 53, 15, 1, 1, '0000-00-00 00:00:00', NULL, NULL),
(417, 126, 82, 53, 15, 1, 1, '0000-00-00 00:00:00', NULL, NULL),
(418, 142, 127, 56, 17, 2, 6, '0000-00-00 00:00:00', NULL, NULL),
(419, 126, 18, 24, 7, 1, 1, '0000-00-00 00:00:00', NULL, NULL),
(420, 136, 95, 42, 13, 2, 4, '0000-00-00 00:00:00', NULL, NULL),
(421, 139, 100, 33, 11, 2, 2, '0000-00-00 00:00:00', NULL, NULL),
(422, 140, 101, 61, 20, 2, 3, '0000-00-00 00:00:00', NULL, NULL),
(423, 126, 80, 53, 15, 1, 1, '0000-00-00 00:00:00', NULL, NULL),
(424, 126, 112, 53, 15, 1, 1, '0000-00-00 00:00:00', NULL, NULL),
(425, 141, 19, 75, 25, 2, 6, '0000-00-00 00:00:00', NULL, NULL),
(426, 126, 104, 53, 15, 1, 1, '0000-00-00 00:00:00', NULL, NULL),
(427, 143, 105, 65, 21, 2, 2, '0000-00-00 00:00:00', NULL, NULL),
(428, 126, 112, 53, 15, 1, 1, '0000-00-00 00:00:00', NULL, NULL),
(429, 126, 114, 53, 15, 1, 1, '0000-00-00 00:00:00', NULL, NULL),
(430, 140, 101, 61, 20, 2, 3, '0000-00-00 00:00:00', NULL, NULL),
(431, 148, 123, 63, 20, 2, 3, '0000-00-00 00:00:00', NULL, NULL),
(432, 126, 124, 53, 15, 1, 1, '0000-00-00 00:00:00', NULL, NULL),
(433, 149, 125, 72, 23, 2, 2, '0000-00-00 00:00:00', NULL, NULL),
(434, 149, 44, 72, 23, 2, 2, '0000-00-00 00:00:00', NULL, NULL),
(435, 150, 98, 64, 20, 2, 3, '0000-00-00 00:00:00', NULL, NULL),
(436, 152, 128, 70, 22, 2, 6, '0000-00-00 00:00:00', NULL, NULL),
(437, 154, 108, 29, 10, 2, 5, '0000-00-00 00:00:00', NULL, NULL),
(438, 126, 18, 24, 7, 1, 1, '0000-00-00 00:00:00', NULL, NULL),
(439, 156, 131, 44, 13, 2, 4, '0000-00-00 00:00:00', NULL, NULL),
(440, 156, 131, 44, 13, 2, 4, '0000-00-00 00:00:00', NULL, NULL),
(441, 126, 133, 24, 7, 1, 1, '0000-00-00 00:00:00', NULL, NULL),
(442, 126, 134, 53, 15, 1, 1, '0000-00-00 00:00:00', NULL, NULL),
(443, 126, 135, 53, 15, 1, 1, '0000-00-00 00:00:00', NULL, NULL),
(444, 126, 86, 53, 15, 1, 1, '0000-00-00 00:00:00', NULL, NULL),
(445, 126, 18, 24, 7, 1, 1, '0000-00-00 00:00:00', NULL, NULL),
(446, 103, 37, 9, 2, 2, 4, '0000-00-00 00:00:00', NULL, NULL),
(447, 126, 119, 53, 15, 1, 1, '0000-00-00 00:00:00', NULL, NULL),
(448, 126, 22, 53, 15, 1, 1, '0000-00-00 00:00:00', NULL, NULL),
(449, 126, 106, 53, 15, 1, 1, '0000-00-00 00:00:00', NULL, NULL),
(450, 126, 63, 53, 15, 1, 1, '0000-00-00 00:00:00', NULL, NULL),
(451, 126, 77, 53, 15, 1, 1, '0000-00-00 00:00:00', NULL, NULL),
(452, 126, 86, 53, 15, 1, 1, '0000-00-00 00:00:00', NULL, NULL),
(453, 126, 115, 53, 15, 1, 1, '0000-00-00 00:00:00', NULL, NULL),
(454, 81, 1, 10, 3, 2, 5, '0000-00-00 00:00:00', NULL, NULL),
(455, 157, 2, 74, 24, 2, 3, '0000-00-00 00:00:00', NULL, NULL),
(456, 83, 5, 11, 3, 2, 5, '0000-00-00 00:00:00', NULL, NULL),
(457, 84, 6, 12, 4, 2, 2, '0000-00-00 00:00:00', NULL, NULL),
(458, 84, 68, 12, 4, 2, 2, '0000-00-00 00:00:00', NULL, NULL),
(459, 84, 99, 12, 4, 2, 2, '0000-00-00 00:00:00', NULL, NULL),
(460, 126, 7, 53, 15, 1, 1, '0000-00-00 00:00:00', NULL, NULL),
(461, 126, 7, 53, 15, 1, 1, '0000-00-00 00:00:00', NULL, NULL),
(462, 86, 8, 17, 5, 2, 5, '0000-00-00 00:00:00', NULL, NULL),
(463, 90, 12, 49, 15, 2, 1, '0000-00-00 00:00:00', NULL, NULL),
(464, 92, 17, 19, 6, 2, 3, '0000-00-00 00:00:00', NULL, NULL),
(465, 92, 17, 19, 6, 2, 3, '0000-00-00 00:00:00', NULL, NULL),
(466, 126, 18, 24, 7, 1, 1, '0000-00-00 00:00:00', NULL, NULL),
(467, 93, 20, 13, 4, 2, 2, '0000-00-00 00:00:00', NULL, NULL),
(468, 94, 117, 50, 15, 2, 1, '0000-00-00 00:00:00', NULL, NULL),
(469, 138, 34, 58, 19, 2, 5, '0000-00-00 00:00:00', NULL, NULL),
(470, 100, 31, 2, 1, 2, 6, '0000-00-00 00:00:00', NULL, NULL),
(471, 101, 35, 40, 13, 2, 4, '0000-00-00 00:00:00', NULL, NULL),
(472, 102, 36, 46, 14, 2, 3, '0000-00-00 00:00:00', NULL, NULL),
(473, 102, 36, 46, 14, 2, 3, '0000-00-00 00:00:00', NULL, NULL),
(474, 103, 37, 9, 2, 2, 4, '0000-00-00 00:00:00', NULL, NULL),
(475, 104, 38, 30, 11, 2, 2, '0000-00-00 00:00:00', NULL, NULL),
(476, 104, 38, 30, 11, 2, 2, '0000-00-00 00:00:00', NULL, NULL),
(477, 126, 40, 53, 15, 1, 1, '0000-00-00 00:00:00', NULL, NULL),
(478, 126, 81, 53, 15, 1, 1, '0000-00-00 00:00:00', NULL, NULL),
(479, 106, 42, 59, 20, 2, 3, '0000-00-00 00:00:00', NULL, NULL),
(480, 126, 43, 53, 15, 1, 1, '0000-00-00 00:00:00', NULL, NULL),
(481, 107, 45, 25, 8, 2, 2, '0000-00-00 00:00:00', NULL, NULL),
(482, 98, 79, 14, 4, 2, 2, '0000-00-00 00:00:00', NULL, NULL),
(483, 108, 103, 47, 14, 2, 3, '0000-00-00 00:00:00', NULL, NULL),
(484, 140, 101, 61, 20, 2, 3, '0000-00-00 00:00:00', NULL, NULL),
(485, 109, 50, 52, 15, 2, 1, '0000-00-00 00:00:00', NULL, NULL),
(486, 110, 51, 43, 13, 2, 4, '0000-00-00 00:00:00', NULL, NULL),
(487, 111, 53, 27, 9, 2, 5, '0000-00-00 00:00:00', NULL, NULL),
(488, 112, 54, 35, 12, 2, 5, '0000-00-00 00:00:00', NULL, NULL),
(489, 112, 54, 35, 12, 2, 5, '0000-00-00 00:00:00', NULL, NULL),
(490, 113, 56, 28, 10, 2, 5, '0000-00-00 00:00:00', NULL, NULL),
(491, 113, 56, 28, 10, 2, 5, '0000-00-00 00:00:00', NULL, NULL),
(492, 114, 57, 51, 15, 2, 1, '0000-00-00 00:00:00', NULL, NULL),
(493, 115, 58, 7, 2, 2, 4, '0000-00-00 00:00:00', NULL, NULL),
(494, 117, 60, 31, 11, 2, 2, '0000-00-00 00:00:00', NULL, NULL),
(495, 117, 60, 31, 11, 2, 2, '0000-00-00 00:00:00', NULL, NULL),
(496, 118, 61, 57, 18, 2, 2, '0000-00-00 00:00:00', NULL, NULL),
(497, 119, 64, 55, 16, 2, 6, '0000-00-00 00:00:00', NULL, NULL),
(498, 120, 65, 23, 6, 2, 6, '0000-00-00 00:00:00', NULL, NULL),
(499, 126, 77, 53, 15, 1, 1, '0000-00-00 00:00:00', NULL, NULL),
(500, 121, 69, 67, 22, 2, 6, '0000-00-00 00:00:00', NULL, NULL),
(501, 122, 70, 66, 21, 2, 2, '0000-00-00 00:00:00', NULL, NULL),
(502, 123, 33, 34, 12, 2, 5, '0000-00-00 00:00:00', NULL, NULL),
(503, 125, 76, 48, 14, 2, 3, '0000-00-00 00:00:00', NULL, NULL),
(504, 126, 80, 53, 15, 1, 1, '0000-00-00 00:00:00', NULL, NULL),
(505, 126, 82, 53, 15, 1, 1, '0000-00-00 00:00:00', NULL, NULL),
(506, 126, 18, 24, 7, 1, 1, '0000-00-00 00:00:00', NULL, NULL),
(507, 131, 89, 68, 22, 2, 6, '0000-00-00 00:00:00', NULL, NULL),
(508, 132, 90, 32, 11, 2, 2, '0000-00-00 00:00:00', NULL, NULL),
(509, 136, 95, 42, 13, 2, 4, '0000-00-00 00:00:00', NULL, NULL),
(510, 137, 96, 60, 20, 2, 3, '0000-00-00 00:00:00', NULL, NULL),
(511, 139, 100, 33, 11, 2, 2, '0000-00-00 00:00:00', NULL, NULL),
(512, 140, 26, 61, 20, 2, 3, '0000-00-00 00:00:00', NULL, NULL),
(513, 141, 19, 75, 25, 2, 6, '0000-00-00 00:00:00', NULL, NULL),
(514, 142, 127, 56, 17, 2, 6, '0000-00-00 00:00:00', NULL, NULL),
(515, 143, 105, 65, 21, 2, 2, '0000-00-00 00:00:00', NULL, NULL),
(516, 144, 118, 26, 8, 2, 2, '0000-00-00 00:00:00', NULL, NULL),
(517, 125, 36, 46, 14, 2, 3, '0000-00-00 00:00:00', NULL, NULL),
(518, 126, 110, 53, 15, 1, 1, '0000-00-00 00:00:00', NULL, NULL),
(519, 126, 112, 53, 15, 1, 1, '0000-00-00 00:00:00', NULL, NULL),
(520, 126, 113, 53, 15, 1, 1, '0000-00-00 00:00:00', NULL, NULL),
(521, 146, 121, 36, 12, 2, 5, '0000-00-00 00:00:00', NULL, NULL),
(522, 148, 123, 63, 20, 2, 3, '0000-00-00 00:00:00', NULL, NULL),
(523, 149, 125, 72, 23, 2, 2, '0000-00-00 00:00:00', NULL, NULL),
(524, 150, 98, 64, 20, 2, 3, '0000-00-00 00:00:00', NULL, NULL),
(525, 151, 126, 61, 20, 2, 3, '0000-00-00 00:00:00', NULL, NULL),
(526, 152, 128, 70, 22, 2, 6, '0000-00-00 00:00:00', NULL, NULL),
(527, 153, 129, 37, 12, 2, 5, '0000-00-00 00:00:00', NULL, NULL),
(528, 154, 108, 29, 10, 2, 5, '0000-00-00 00:00:00', NULL, NULL),
(529, 155, 130, 71, 22, 2, 6, '0000-00-00 00:00:00', NULL, NULL),
(530, 156, 131, 44, 13, 2, 4, '0000-00-00 00:00:00', NULL, NULL),
(531, 156, 47, 44, 13, 2, 4, '0000-00-00 00:00:00', NULL, NULL),
(532, 157, 132, 73, 24, 2, 3, '0000-00-00 00:00:00', NULL, NULL),
(533, 126, 134, 53, 15, 1, 1, '0000-00-00 00:00:00', NULL, NULL),
(534, 126, 135, 53, 15, 1, 1, '0000-00-00 00:00:00', NULL, NULL),
(535, 159, 136, 45, 13, 2, 4, '0000-00-00 00:00:00', NULL, NULL),
(536, 160, 140, 54, 16, 2, 6, '0000-00-00 00:00:00', NULL, NULL),
(537, 126, 124, 53, 15, 1, 1, '0000-00-00 00:00:00', NULL, NULL),
(538, 126, 77, 53, 15, 1, 4, '0000-00-00 00:00:00', NULL, NULL),
(539, 119, 64, 55, 16, 2, 6, '0000-00-00 00:00:00', NULL, NULL),
(540, 126, 120, 53, 15, 1, 1, '0000-00-00 00:00:00', NULL, NULL),
(541, 126, 86, 53, 15, 1, 1, '0000-00-00 00:00:00', NULL, NULL),
(542, 126, 106, 53, 15, 1, 1, '0000-00-00 00:00:00', NULL, NULL),
(543, 140, 74, 61, 20, 2, 3, '0000-00-00 00:00:00', NULL, NULL),
(544, 126, 115, 53, 15, 1, 1, '0000-00-00 00:00:00', NULL, NULL),
(545, 126, 120, 53, 15, 1, 1, '0000-00-00 00:00:00', NULL, NULL),
(546, 126, 114, 53, 15, 1, 1, '0000-00-00 00:00:00', NULL, NULL),
(547, 102, 67, 46, 14, 2, 3, '0000-00-00 00:00:00', NULL, NULL),
(548, 156, 131, 44, 13, 2, 4, '0000-00-00 00:00:00', NULL, NULL),
(549, 126, 77, 53, 15, 1, 1, '0000-00-00 00:00:00', NULL, NULL),
(550, 81, 1, 10, 3, 2, 5, '0000-00-00 00:00:00', NULL, NULL),
(551, 158, 3, 76, 25, 2, 6, '0000-00-00 00:00:00', NULL, NULL),
(552, 84, 6, 12, 4, 2, 2, '0000-00-00 00:00:00', NULL, NULL),
(553, 86, 8, 17, 5, 2, 5, '0000-00-00 00:00:00', NULL, NULL),
(554, 90, 12, 49, 15, 2, 1, '0000-00-00 00:00:00', NULL, NULL),
(555, 92, 17, 19, 6, 2, 3, '0000-00-00 00:00:00', NULL, NULL),
(556, 94, 62, 50, 15, 2, 1, '0000-00-00 00:00:00', NULL, NULL),
(557, 95, 23, 8, 2, 2, 4, '0000-00-00 00:00:00', NULL, NULL),
(558, 85, 24, 39, 13, 2, 4, '0000-00-00 00:00:00', NULL, NULL),
(559, 96, 25, 6, 2, 2, 4, '0000-00-00 00:00:00', NULL, NULL),
(560, 97, 27, 46, 14, 2, 3, '0000-00-00 00:00:00', NULL, NULL),
(561, 100, 31, 2, 1, 2, 6, '0000-00-00 00:00:00', NULL, NULL),
(562, 101, 35, 40, 13, 2, 4, '0000-00-00 00:00:00', NULL, NULL),
(563, 102, 36, 46, 14, 2, 3, '0000-00-00 00:00:00', NULL, NULL),
(564, 102, 36, 46, 14, 2, 3, '0000-00-00 00:00:00', NULL, NULL),
(565, 103, 37, 9, 2, 2, 4, '0000-00-00 00:00:00', NULL, NULL),
(566, 104, 38, 30, 11, 2, 2, '0000-00-00 00:00:00', NULL, NULL),
(567, 106, 42, 59, 20, 2, 3, '0000-00-00 00:00:00', NULL, NULL),
(568, 107, 45, 25, 8, 2, 2, '0000-00-00 00:00:00', NULL, NULL),
(569, 109, 50, 52, 15, 2, 1, '0000-00-00 00:00:00', NULL, NULL),
(570, 110, 51, 43, 13, 2, 4, '0000-00-00 00:00:00', NULL, NULL),
(571, 112, 54, 35, 12, 2, 5, '0000-00-00 00:00:00', NULL, NULL),
(572, 113, 56, 28, 10, 2, 5, '0000-00-00 00:00:00', NULL, NULL),
(573, 114, 57, 51, 15, 2, 1, '0000-00-00 00:00:00', NULL, NULL),
(574, 116, 59, 5, 2, 2, 4, '0000-00-00 00:00:00', NULL, NULL),
(575, 117, 60, 31, 11, 2, 2, '0000-00-00 00:00:00', NULL, NULL),
(576, 118, 61, 57, 18, 2, 2, '0000-00-00 00:00:00', NULL, NULL),
(577, 119, 64, 55, 16, 2, 6, '0000-00-00 00:00:00', NULL, NULL),
(578, 120, 65, 23, 6, 2, 6, '0000-00-00 00:00:00', NULL, NULL),
(579, 121, 69, 67, 22, 2, 6, '0000-00-00 00:00:00', NULL, NULL),
(580, 122, 70, 66, 21, 2, 2, '0000-00-00 00:00:00', NULL, NULL),
(581, 123, 33, 34, 12, 2, 1, '0000-00-00 00:00:00', NULL, NULL),
(582, 140, 74, 61, 20, 2, 3, '0000-00-00 00:00:00', NULL, NULL),
(583, 125, 76, 48, 14, 2, 3, '0000-00-00 00:00:00', NULL, NULL),
(584, 94, 84, 50, 15, 2, 1, '0000-00-00 00:00:00', NULL, NULL),
(585, 150, 85, 64, 20, 2, 3, '0000-00-00 00:00:00', NULL, NULL),
(586, 118, 61, 57, 18, 2, 2, '0000-00-00 00:00:00', NULL, NULL),
(587, 84, 87, 15, 4, 2, 2, '0000-00-00 00:00:00', NULL, NULL),
(588, 131, 89, 68, 22, 2, 6, '0000-00-00 00:00:00', NULL, NULL),
(589, 132, 90, 32, 11, 2, 2, '0000-00-00 00:00:00', NULL, NULL),
(590, 103, 92, 9, 2, 2, 4, '0000-00-00 00:00:00', NULL, NULL),
(591, 134, 93, 48, 14, 2, 3, '0000-00-00 00:00:00', NULL, NULL),
(592, 135, 94, 41, 13, 2, 4, '0000-00-00 00:00:00', NULL, NULL),
(593, 136, 95, 42, 13, 2, 4, '0000-00-00 00:00:00', NULL, NULL),
(594, 137, 96, 60, 20, 2, 3, '0000-00-00 00:00:00', NULL, NULL),
(595, 117, 97, 31, 11, 2, 2, '0000-00-00 00:00:00', NULL, NULL),
(596, 139, 100, 33, 11, 2, 2, '0000-00-00 00:00:00', NULL, NULL),
(597, 140, 101, 61, 20, 2, 3, '0000-00-00 00:00:00', NULL, NULL),
(598, 141, 19, 75, 25, 2, 6, '0000-00-00 00:00:00', NULL, NULL),
(599, 144, 118, 26, 8, 2, 2, '0000-00-00 00:00:00', NULL, NULL),
(600, 147, 122, 62, 20, 2, 3, '0000-00-00 00:00:00', NULL, NULL),
(601, 148, 123, 63, 20, 2, 3, '0000-00-00 00:00:00', NULL, NULL),
(602, 149, 125, 72, 23, 2, 2, '0000-00-00 00:00:00', NULL, NULL),
(603, 150, 98, 64, 20, 2, 3, '0000-00-00 00:00:00', NULL, NULL),
(604, 151, 126, 61, 20, 2, 3, '0000-00-00 00:00:00', NULL, NULL),
(605, 152, 128, 70, 22, 2, 6, '0000-00-00 00:00:00', NULL, NULL),
(606, 154, 108, 29, 10, 2, 5, '0000-00-00 00:00:00', NULL, NULL),
(607, 155, 130, 71, 22, 2, 6, '0000-00-00 00:00:00', NULL, NULL),
(608, 156, 131, 44, 13, 2, 4, '0000-00-00 00:00:00', NULL, NULL),
(609, 156, 131, 44, 13, 2, 4, '0000-00-00 00:00:00', NULL, NULL),
(610, 157, 132, 73, 24, 2, 3, '0000-00-00 00:00:00', NULL, NULL),
(611, 159, 136, 45, 13, 2, 4, '0000-00-00 00:00:00', NULL, NULL),
(612, 160, 140, 54, 16, 2, 6, '0000-00-00 00:00:00', NULL, NULL),
(613, 156, 131, 44, 13, 2, 4, '0000-00-00 00:00:00', NULL, NULL),
(614, 126, 77, 53, 15, 1, 1, '0000-00-00 00:00:00', NULL, NULL),
(615, 84, 6, 12, 4, 2, 2, '0000-00-00 00:00:00', NULL, NULL),
(616, 140, 101, 61, 20, 2, 3, '0000-00-00 00:00:00', NULL, NULL),
(617, 103, 37, 9, 2, 2, 4, '0000-00-00 00:00:00', NULL, NULL),
(618, 112, 54, 35, 12, 2, 5, '0000-00-00 00:00:00', NULL, NULL),
(619, 112, 54, 35, 12, 2, 5, '0000-00-00 00:00:00', NULL, NULL),
(620, 102, 67, 46, 14, 2, 3, '0000-00-00 00:00:00', NULL, NULL),
(621, 156, 47, 44, 13, 2, 4, '0000-00-00 00:00:00', NULL, NULL),
(622, 81, 1, 10, 3, 2, 5, '0000-00-00 00:00:00', NULL, NULL),
(623, 84, 6, 12, 4, 2, 2, '0000-00-00 00:00:00', NULL, NULL),
(624, 84, 68, 12, 4, 2, 2, '0000-00-00 00:00:00', NULL, NULL),
(625, 84, 6, 12, 4, 2, 2, '0000-00-00 00:00:00', NULL, NULL),
(626, 84, 30, 12, 4, 2, 2, '0000-00-00 00:00:00', NULL, NULL),
(627, 126, 7, 53, 15, 1, 1, '0000-00-00 00:00:00', NULL, NULL),
(628, 86, 8, 17, 5, 2, 5, '0000-00-00 00:00:00', NULL, NULL),
(629, 89, 11, 22, 6, 2, 3, '0000-00-00 00:00:00', NULL, NULL),
(630, 90, 12, 49, 15, 2, 1, '0000-00-00 00:00:00', NULL, NULL),
(631, 126, 112, 53, 15, 1, 1, '0000-00-00 00:00:00', NULL, NULL),
(632, 91, 16, 18, 6, 2, 3, '0000-00-00 00:00:00', NULL, NULL),
(633, 92, 17, 19, 6, 2, 3, '0000-00-00 00:00:00', NULL, NULL),
(634, 92, 17, 19, 6, 2, 3, '0000-00-00 00:00:00', NULL, NULL),
(635, 93, 20, 13, 4, 2, 2, '0000-00-00 00:00:00', NULL, NULL),
(636, 94, 62, 50, 15, 2, 1, '0000-00-00 00:00:00', NULL, NULL),
(637, 126, 22, 53, 15, 1, 1, '0000-00-00 00:00:00', NULL, NULL),
(638, 85, 24, 39, 13, 2, 4, '0000-00-00 00:00:00', NULL, NULL),
(639, 138, 34, 58, 19, 2, 5, '0000-00-00 00:00:00', NULL, NULL),
(640, 101, 35, 40, 13, 2, 4, '0000-00-00 00:00:00', NULL, NULL),
(641, 102, 36, 46, 14, 2, 3, '0000-00-00 00:00:00', NULL, NULL),
(642, 102, 36, 46, 14, 2, 3, '0000-00-00 00:00:00', NULL, NULL),
(643, 103, 37, 9, 2, 2, 4, '0000-00-00 00:00:00', NULL, NULL),
(644, 103, 37, 9, 2, 2, 4, '0000-00-00 00:00:00', NULL, NULL),
(645, 104, 38, 30, 11, 2, 2, '0000-00-00 00:00:00', NULL, NULL),
(646, 126, 81, 53, 15, 1, 1, '0000-00-00 00:00:00', NULL, NULL),
(647, 126, 43, 53, 15, 1, 1, '0000-00-00 00:00:00', NULL, NULL),
(648, 107, 45, 25, 8, 2, 2, '0000-00-00 00:00:00', NULL, NULL),
(649, 107, 137, 25, 8, 2, 2, '0000-00-00 00:00:00', NULL, NULL),
(650, 109, 50, 52, 15, 2, 1, '0000-00-00 00:00:00', NULL, NULL),
(651, 110, 51, 43, 13, 2, 4, '0000-00-00 00:00:00', NULL, NULL),
(652, 140, 52, 61, 20, 2, 3, '0000-00-00 00:00:00', NULL, NULL),
(653, 112, 54, 35, 12, 2, 5, '0000-00-00 00:00:00', NULL, NULL),
(654, 112, 54, 35, 12, 2, 5, '0000-00-00 00:00:00', NULL, NULL),
(655, 86, 55, 16, 5, 2, 5, '0000-00-00 00:00:00', NULL, NULL),
(656, 113, 56, 28, 10, 2, 5, '0000-00-00 00:00:00', NULL, NULL),
(657, 114, 57, 51, 15, 2, 1, '0000-00-00 00:00:00', NULL, NULL),
(658, 115, 58, 7, 2, 2, 4, '0000-00-00 00:00:00', NULL, NULL),
(659, 126, 112, 53, 15, 1, 1, '0000-00-00 00:00:00', NULL, NULL),
(660, 126, 7, 53, 15, 1, 1, '0000-00-00 00:00:00', NULL, NULL),
(661, 117, 60, 31, 11, 2, 2, '0000-00-00 00:00:00', NULL, NULL),
(662, 118, 61, 57, 18, 2, 2, '0000-00-00 00:00:00', NULL, NULL),
(663, 119, 64, 55, 16, 2, 6, '0000-00-00 00:00:00', NULL, NULL),
(664, 119, 64, 55, 16, 2, 6, '0000-00-00 00:00:00', NULL, NULL),
(665, 120, 65, 23, 6, 2, 6, '0000-00-00 00:00:00', NULL, NULL),
(666, 121, 69, 67, 22, 2, 6, '0000-00-00 00:00:00', NULL, NULL),
(667, 122, 70, 66, 21, 2, 2, '0000-00-00 00:00:00', NULL, NULL),
(668, 123, 33, 34, 12, 2, 5, '0000-00-00 00:00:00', NULL, NULL),
(669, 140, 74, 61, 20, 2, 3, '0000-00-00 00:00:00', NULL, NULL),
(670, 126, 82, 53, 15, 1, 1, '0000-00-00 00:00:00', NULL, NULL),
(671, 118, 61, 57, 18, 2, 2, '0000-00-00 00:00:00', NULL, NULL),
(672, 130, 88, 48, 14, 2, 3, '0000-00-00 00:00:00', NULL, NULL),
(673, 131, 89, 68, 22, 2, 6, '0000-00-00 00:00:00', NULL, NULL),
(674, 132, 90, 32, 11, 2, 2, '0000-00-00 00:00:00', NULL, NULL),
(675, 137, 96, 60, 20, 2, 3, '0000-00-00 00:00:00', NULL, NULL),
(676, 139, 100, 33, 11, 2, 2, '0000-00-00 00:00:00', NULL, NULL),
(677, 140, 101, 61, 20, 2, 3, '0000-00-00 00:00:00', NULL, NULL),
(678, 126, 80, 53, 15, 1, 1, '0000-00-00 00:00:00', NULL, NULL),
(679, 141, 19, 75, 25, 2, 6, '0000-00-00 00:00:00', NULL, NULL),
(680, 126, 104, 53, 15, 1, 1, '0000-00-00 00:00:00', NULL, NULL),
(681, 142, 127, 56, 17, 2, 6, '0000-00-00 00:00:00', NULL, NULL),
(682, 143, 105, 65, 21, 2, 2, '0000-00-00 00:00:00', NULL, NULL),
(683, 144, 118, 26, 8, 2, 2, '0000-00-00 00:00:00', NULL, NULL),
(684, 126, 112, 53, 15, 1, 1, '0000-00-00 00:00:00', NULL, NULL),
(685, 126, 113, 53, 15, 1, 1, '0000-00-00 00:00:00', NULL, NULL),
(686, 126, 114, 53, 15, 1, 1, '0000-00-00 00:00:00', NULL, NULL),
(687, 148, 123, 63, 20, 2, 3, '0000-00-00 00:00:00', NULL, NULL),
(688, 149, 4, 72, 23, 2, 2, '0000-00-00 00:00:00', NULL, NULL),
(689, 150, 98, 64, 20, 2, 3, '0000-00-00 00:00:00', NULL, NULL),
(690, 152, 128, 70, 22, 2, 6, '0000-00-00 00:00:00', NULL, NULL),
(691, 153, 129, 37, 12, 2, 5, '0000-00-00 00:00:00', NULL, NULL),
(692, 154, 108, 29, 10, 2, 5, '0000-00-00 00:00:00', NULL, NULL),
(693, 156, 131, 44, 13, 2, 4, '0000-00-00 00:00:00', NULL, NULL),
(694, 156, 47, 44, 13, 2, 4, '0000-00-00 00:00:00', NULL, NULL),
(695, 157, 132, 73, 24, 2, 3, '0000-00-00 00:00:00', NULL, NULL),
(696, 126, 133, 24, 7, 1, 1, '0000-00-00 00:00:00', NULL, NULL),
(697, 126, 134, 53, 15, 1, 1, '0000-00-00 00:00:00', NULL, NULL),
(698, 126, 135, 53, 15, 1, 1, '0000-00-00 00:00:00', NULL, NULL),
(699, 159, 136, 45, 13, 2, 4, '0000-00-00 00:00:00', NULL, NULL),
(700, 160, 140, 54, 16, 2, 6, '0000-00-00 00:00:00', NULL, NULL),
(701, 126, 112, 53, 15, 1, 1, '0000-00-00 00:00:00', NULL, NULL),
(702, 84, 6, 12, 4, 2, 2, '0000-00-00 00:00:00', NULL, NULL),
(703, 126, 7, 53, 15, 1, 1, '0000-00-00 00:00:00', NULL, NULL),
(704, 140, 126, 61, 20, 2, 3, '0000-00-00 00:00:00', NULL, NULL),
(705, 85, 39, 39, 13, 2, 4, '0000-00-00 00:00:00', NULL, NULL),
(706, 156, 71, 44, 13, 2, 4, '0000-00-00 00:00:00', NULL, NULL),
(707, 126, 133, 24, 7, 1, 1, '0000-00-00 00:00:00', NULL, NULL),
(708, 106, 42, 59, 20, 2, 3, '0000-00-00 00:00:00', NULL, NULL),
(709, 126, 43, 53, 15, 1, 1, '0000-00-00 00:00:00', NULL, NULL),
(710, 107, 45, 25, 8, 2, 2, '0000-00-00 00:00:00', NULL, NULL),
(711, 102, 67, 46, 14, 2, 3, '0000-00-00 00:00:00', NULL, NULL),
(712, 126, 133, 24, 7, 1, 1, '0000-00-00 00:00:00', NULL, NULL),
(713, 83, 5, 11, 3, 2, 5, '0000-00-00 00:00:00', NULL, NULL),
(714, 88, 9, 4, 1, 2, 6, '0000-00-00 00:00:00', NULL, NULL),
(715, 87, 10, 4, 1, 2, 6, '0000-00-00 00:00:00', NULL, NULL),
(716, 89, 11, 22, 6, 2, 3, '0000-00-00 00:00:00', NULL, NULL),
(717, 91, 16, 18, 6, 2, 3, '0000-00-00 00:00:00', NULL, NULL),
(718, 92, 17, 19, 6, 2, 3, '0000-00-00 00:00:00', NULL, NULL),
(719, 100, 31, 2, 1, 2, 6, '0000-00-00 00:00:00', NULL, NULL),
(720, 101, 35, 40, 13, 2, 4, '0000-00-00 00:00:00', NULL, NULL),
(721, 102, 36, 46, 14, 2, 3, '0000-00-00 00:00:00', NULL, NULL),
(722, 102, 36, 46, 14, 2, 3, '0000-00-00 00:00:00', NULL, NULL),
(723, 105, 41, 21, 6, 2, 3, '0000-00-00 00:00:00', NULL, NULL),
(724, 120, 65, 23, 6, 2, 6, '0000-00-00 00:00:00', NULL, NULL),
(725, 120, 65, 23, 6, 2, 6, '0000-00-00 00:00:00', NULL, NULL),
(726, 127, 69, 67, 22, 2, 6, '0000-00-00 00:00:00', NULL, NULL),
(727, 140, 74, 61, 20, 2, 3, '0000-00-00 00:00:00', NULL, NULL),
(728, 131, 89, 68, 22, 2, 6, '0000-00-00 00:00:00', NULL, NULL),
(729, 133, 91, 69, 22, 2, 6, '0000-00-00 00:00:00', NULL, NULL),
(730, 140, 101, 61, 20, 2, 3, '0000-00-00 00:00:00', NULL, NULL),
(731, 145, 107, 69, 22, 2, 6, '0000-00-00 00:00:00', NULL, NULL),
(732, 147, 122, 62, 20, 2, 3, '0000-00-00 00:00:00', NULL, NULL),
(733, 152, 128, 70, 22, 2, 6, '0000-00-00 00:00:00', NULL, NULL),
(734, 156, 131, 44, 13, 2, 4, '0000-00-00 00:00:00', NULL, NULL),
(735, 156, 131, 44, 13, 2, 4, '0000-00-00 00:00:00', NULL, NULL),
(736, 160, 140, 54, 16, 2, 6, '0000-00-00 00:00:00', NULL, NULL),
(737, 135, 94, 41, 13, 2, 4, '0000-00-00 00:00:00', NULL, NULL),
(738, 99, 29, 20, 6, 2, 3, '0000-00-00 00:00:00', NULL, NULL),
(739, 128, 116, 3, 1, 2, 6, '0000-00-00 00:00:00', NULL, NULL),
(740, 115, 58, 7, 2, 2, 4, '0000-00-00 00:00:00', NULL, NULL),
(741, 126, 77, 53, 15, 1, 1, '0000-00-00 00:00:00', NULL, NULL),
(742, 84, 68, 12, 4, 2, 2, '0000-00-00 00:00:00', NULL, NULL),
(743, 119, 64, 55, 16, 2, 6, '0000-00-00 00:00:00', NULL, NULL),
(744, 141, 19, 75, 25, 2, 6, '0000-00-00 00:00:00', NULL, NULL),
(745, 160, 140, 54, 16, 2, 6, '0000-00-00 00:00:00', NULL, NULL),
(746, 152, 128, 70, 22, 2, 6, '0000-00-00 00:00:00', NULL, NULL),
(747, 126, 77, 53, 15, 1, 1, '0000-00-00 00:00:00', NULL, NULL),
(748, 84, 28, 12, 4, 2, 2, '0000-00-00 00:00:00', NULL, NULL),
(749, 126, 7, 53, 15, 1, 1, '0000-00-00 00:00:00', NULL, NULL),
(750, 90, 12, 49, 15, 2, 1, '0000-00-00 00:00:00', NULL, NULL),
(751, 126, 112, 53, 15, 1, 1, '0000-00-00 00:00:00', NULL, NULL),
(752, 94, 21, 50, 15, 2, 1, '0000-00-00 00:00:00', NULL, NULL),
(753, 126, 22, 53, 15, 1, 1, '0000-00-00 00:00:00', NULL, NULL),
(754, 156, 35, 44, 13, 2, 4, '0000-00-00 00:00:00', NULL, NULL),
(755, 102, 36, 46, 14, 2, 3, '0000-00-00 00:00:00', NULL, NULL),
(756, 94, 21, 53, 15, 2, 1, '0000-00-00 00:00:00', NULL, NULL),
(757, 103, 37, 9, 2, 2, 4, '0000-00-00 00:00:00', NULL, NULL),
(758, 104, 38, 30, 11, 2, 2, '0000-00-00 00:00:00', NULL, NULL),
(759, 126, 43, 53, 15, 1, 1, '0000-00-00 00:00:00', NULL, NULL),
(760, 107, 45, 25, 8, 2, 2, '0000-00-00 00:00:00', NULL, NULL),
(761, 114, 57, 51, 15, 2, 1, '0000-00-00 00:00:00', NULL, NULL),
(762, 126, 7, 53, 15, 1, 1, '0000-00-00 00:00:00', NULL, NULL),
(763, 117, 60, 31, 11, 2, 2, '0000-00-00 00:00:00', NULL, NULL),
(764, 126, 82, 53, 15, 1, 1, '0000-00-00 00:00:00', NULL, NULL),
(765, 126, 18, 24, 15, 1, 1, '0000-00-00 00:00:00', NULL, NULL),
(766, 139, 100, 33, 11, 2, 2, '0000-00-00 00:00:00', NULL, NULL),
(767, 126, 104, 53, 15, 1, 1, '0000-00-00 00:00:00', NULL, NULL),
(768, 143, 105, 65, 21, 2, 2, '0000-00-00 00:00:00', NULL, NULL),
(769, 126, 112, 53, 15, 1, 1, '0000-00-00 00:00:00', NULL, NULL),
(770, 126, 113, 53, 15, 1, 1, '0000-00-00 00:00:00', NULL, NULL),
(771, 148, 123, 63, 20, 2, 3, '0000-00-00 00:00:00', NULL, NULL),
(772, 156, 131, 44, 13, 2, 4, '0000-00-00 00:00:00', NULL, NULL),
(773, 156, 131, 44, 13, 2, 4, '0000-00-00 00:00:00', NULL, NULL),
(774, 126, 77, 53, 15, 1, 3, '0000-00-00 00:00:00', NULL, NULL),
(775, 126, 133, 24, 7, 1, 1, '0000-00-00 00:00:00', NULL, NULL),
(776, 126, 134, 53, 15, 1, 1, '0000-00-00 00:00:00', NULL, NULL),
(777, 126, 135, 53, 15, 1, 1, '0000-00-00 00:00:00', NULL, NULL),
(778, 126, 135, 53, 15, 1, 1, '0000-00-00 00:00:00', NULL, NULL),
(779, 126, 112, 53, 15, 1, 1, '0000-00-00 00:00:00', NULL, NULL),
(780, 126, 77, 53, 15, 1, 1, '0000-00-00 00:00:00', NULL, NULL),
(781, 84, 6, 12, 4, 2, 2, '0000-00-00 00:00:00', NULL, NULL),
(782, 149, 125, 72, 23, 2, 2, '0000-00-00 00:00:00', NULL, NULL),
(783, 126, 120, 53, 15, 1, 1, '0000-00-00 00:00:00', '2016-12-30 21:06:26', '2016-12-30 21:06:26'),
(784, 84, 28, 12, 4, 2, 2, '0000-00-00 00:00:00', '2017-01-04 02:53:09', '2017-01-04 02:53:09');

-- --------------------------------------------------------

--
-- Estructura de tabla para la tabla `distrito`
--

CREATE TABLE `distrito` (
  `id` int(10) UNSIGNED NOT NULL,
  `ciudad_id` int(10) UNSIGNED NOT NULL,
  `name` varchar(255) COLLATE utf8_unicode_ci NOT NULL,
  `created_at` timestamp NULL DEFAULT NULL,
  `updated_at` timestamp NULL DEFAULT NULL
) ENGINE=MyISAM DEFAULT CHARSET=utf8 COLLATE=utf8_unicode_ci;

--
-- Volcado de datos para la tabla `distrito`
--

INSERT INTO `distrito` (`id`, `ciudad_id`, `name`, `created_at`, `updated_at`) VALUES
(1, 81, 'ABANCAY\r', NULL, NULL),
(2, 157, 'AGUAS VERDES\r', NULL, NULL),
(3, 158, 'AGUAYTIA\r', NULL, NULL),
(4, 149, 'ALTO DE LA ALIANZA\r', NULL, NULL),
(5, 83, 'ANDAHUAYLAS\r', NULL, NULL),
(6, 84, 'AREQUIPA\r', NULL, NULL),
(7, 126, 'ATE\r', NULL, NULL),
(8, 86, 'AYACUCHO\r', NULL, NULL),
(9, 88, 'BAGUA CHICA\r', NULL, NULL),
(10, 87, 'BAGUA GRANDE\r', NULL, NULL),
(11, 89, 'BAMBAMARCA\r', NULL, NULL),
(12, 90, 'BARRANCA\r', NULL, NULL),
(13, 126, 'BARRANCO\r', NULL, NULL),
(14, 126, 'BELLAVISTA\r', NULL, NULL),
(15, 126, 'BREÑA\r', NULL, NULL),
(16, 91, 'CAJABAMBA\r', NULL, NULL),
(17, 92, 'CAJAMARCA\r', NULL, NULL),
(18, 126, 'CALLAO\r', NULL, NULL),
(19, 141, 'CALLERIA\r', NULL, NULL),
(20, 93, 'CAMANA\r', NULL, NULL),
(21, 94, 'CAÑETE\r', NULL, NULL),
(22, 126, 'CARABAYLLO\r', NULL, NULL),
(23, 95, 'CARAZ\r', NULL, NULL),
(24, 85, 'CASAGRANDE\r', NULL, NULL),
(25, 96, 'CASMA\r', NULL, NULL),
(26, 140, 'CASTILLA\r', NULL, NULL),
(27, 97, 'CAYALTI\r', NULL, NULL),
(28, 84, 'CAYMA\r', NULL, NULL),
(29, 99, 'CELENDIN\r', NULL, NULL),
(30, 84, 'CERRO COLORADO\r', NULL, NULL),
(31, 100, 'CHACHAPOYAS\r', NULL, NULL),
(32, 126, 'CHACLACAYO\r', NULL, NULL),
(33, 123, 'CHANCHAMAYO\r', NULL, NULL),
(34, 138, 'CHAUPIMARCA\r', NULL, NULL),
(35, 101, 'CHEPEN\r', NULL, NULL),
(36, 102, 'CHICLAYO\r', NULL, NULL),
(37, 103, 'CHIMBOTE\r', NULL, NULL),
(38, 104, 'CHINCHA ALTA\r', NULL, NULL),
(39, 85, 'CHOCOPE\r', NULL, NULL),
(40, 126, 'CHORRILLOS\r', NULL, NULL),
(41, 105, 'CHOTA\r', NULL, NULL),
(42, 106, 'CHULUCANAS\r', NULL, NULL),
(43, 126, 'COMAS\r', NULL, NULL),
(44, 149, 'CORONEL GREGORIO ALBARRACIN LANCHIP\r', NULL, NULL),
(45, 107, 'CUSCO\r', NULL, NULL),
(46, 126, 'EL AGUSTINO\r', NULL, NULL),
(47, 156, 'EL PORVENIR\r', NULL, NULL),
(48, 112, 'EL TAMBO\r', NULL, NULL),
(49, 104, 'GROCIO PRADO\r', NULL, NULL),
(50, 109, 'HUACHO\r', NULL, NULL),
(51, 110, 'HUAMACHUCO\r', NULL, NULL),
(52, 140, 'HUANCABAMBA\r', NULL, NULL),
(53, 111, 'HUANCAVELICA\r', NULL, NULL),
(54, 112, 'HUANCAYO\r', NULL, NULL),
(55, 86, 'HUANTA\r', NULL, NULL),
(56, 113, 'HUANUCO\r', NULL, NULL),
(57, 114, 'HUARAL\r', NULL, NULL),
(58, 115, 'HUARAZ\r', NULL, NULL),
(59, 116, 'HUARMEY\r', NULL, NULL),
(60, 117, 'ICA\r', NULL, NULL),
(61, 118, 'ILO\r', NULL, NULL),
(62, 94, 'IMPERIAL\r', NULL, NULL),
(63, 126, 'INDEPENDENCIA\r', NULL, NULL),
(64, 119, 'IQUITOS\r', NULL, NULL),
(65, 120, 'JAEN\r', NULL, NULL),
(66, 126, 'JESUS MARIA\r', NULL, NULL),
(67, 102, 'JOSE LEONARDO ORTIZ\r', NULL, NULL),
(68, 84, 'JOSE LUIS BUSTAMANTE Y RIVERO\r', NULL, NULL),
(69, 127, 'JUANJUI\r', NULL, NULL),
(70, 122, 'JULIACA\r', NULL, NULL),
(71, 156, 'LA ESPERANZA\r', NULL, NULL),
(72, 126, 'LA MOLINA\r', NULL, NULL),
(73, 124, 'LA OROYA\r', NULL, NULL),
(74, 140, 'LA UNION\r', NULL, NULL),
(75, 126, 'LA VICTORIA\r', NULL, NULL),
(76, 125, 'LAMBAYEQUE\r', NULL, NULL),
(77, 126, 'LIMA\r', NULL, NULL),
(78, 126, 'LINCE\r', NULL, NULL),
(79, 98, 'LLUTA\r', NULL, NULL),
(80, 126, 'LOS OLIVOS\r', NULL, NULL),
(81, 126, 'LURIGANCHO\r', NULL, NULL),
(82, 126, 'LURIN\r', NULL, NULL),
(83, 126, 'MAGDALENA\r', NULL, NULL),
(84, 94, 'MALA\r', NULL, NULL),
(85, 150, 'MANCORA\r', NULL, NULL),
(86, 126, 'MIRAFLORES\r', NULL, NULL),
(87, 129, 'MOLLENDO\r', NULL, NULL),
(88, 130, 'MOTUPE\r', NULL, NULL),
(89, 131, 'MOYOBAMBA\r', NULL, NULL),
(90, 132, 'NAZCA\r', NULL, NULL),
(91, 133, 'NUEVA CAJAMARCA\r', NULL, NULL),
(92, 103, 'NVO CHIMBOTE\r', NULL, NULL),
(93, 134, 'OLMOS\r', NULL, NULL),
(94, 135, 'OTUZCO\r', NULL, NULL),
(95, 136, 'PACASMAYO\r', NULL, NULL),
(96, 137, 'PAITA\r', NULL, NULL),
(97, 117, 'PARCONA\r', NULL, NULL),
(98, 150, 'PARIÑAS\r', NULL, NULL),
(99, 84, 'PAUCARPATA\r', NULL, NULL),
(100, 139, 'PISCO\r', NULL, NULL),
(101, 140, 'PIURA\r', NULL, NULL),
(102, 126, 'PUEBLO LIBRE\r', NULL, NULL),
(103, 108, 'PUEBLO NUEVO\r', NULL, NULL),
(104, 126, 'PUENTE PIEDRA\r', NULL, NULL),
(105, 143, 'PUNO\r', NULL, NULL),
(106, 126, 'RIMAC\r', NULL, NULL),
(107, 145, 'RIOJA\r', NULL, NULL),
(108, 154, 'RUPA RUPA\r', NULL, NULL),
(109, 126, 'SAN BORJA\r', NULL, NULL),
(110, 126, 'SAN ISIDRO\r', NULL, NULL),
(111, 107, 'SAN JERONIMO\r', NULL, NULL),
(112, 126, 'SAN JUAN DE LURIGANCHO\r', NULL, NULL),
(113, 126, 'SAN JUAN DE MIRAFLORES\r', NULL, NULL),
(114, 126, 'SAN MARTIN DE PORRES\r', NULL, NULL),
(115, 126, 'SAN MIGUEL\r', NULL, NULL),
(116, 128, 'SAN NICOLAS\r', NULL, NULL),
(117, 94, 'SAN VICENTE DE CAÑETE\r', NULL, NULL),
(118, 144, 'SANTA ANA\r', NULL, NULL),
(119, 126, 'SANTA ANITA\r', NULL, NULL),
(120, 126, 'SANTIAGO DE SURCO\r', NULL, NULL),
(121, 146, 'SATIPO\r', NULL, NULL),
(122, 147, 'SECHURA\r', NULL, NULL),
(123, 148, 'SULLANA\r', NULL, NULL),
(124, 126, 'SURQUILLO\r', NULL, NULL),
(125, 149, 'TACNA\r', NULL, NULL),
(126, 151, 'TAMBOGRANDE\r', NULL, NULL),
(127, 142, 'TAMBOPATA\r', NULL, NULL),
(128, 152, 'TARAPOTO\r', NULL, NULL),
(129, 153, 'TARMA\r', NULL, NULL),
(130, 155, 'TOCACHE\r', NULL, NULL),
(131, 156, 'TRUJILLO\r', NULL, NULL),
(132, 157, 'TUMBES\r', NULL, NULL),
(133, 126, 'VENTANILLA\r', NULL, NULL),
(134, 126, 'VILLA EL SALVADOR\r', NULL, NULL),
(135, 126, 'VILLA MARIA DEL TRIUNFO\r', NULL, NULL),
(136, 159, 'VIRU\r', NULL, NULL),
(137, 107, 'WANCHAQ\r', NULL, NULL),
(138, 84, 'YANAHUARA\r', NULL, NULL),
(139, 141, 'YARINACOCHAS\r', NULL, NULL),
(140, 160, 'YURIMAGUAS\r', NULL, NULL);

-- --------------------------------------------------------

--
-- Estructura de tabla para la tabla `migrations`
--

CREATE TABLE `migrations` (
  `migration` varchar(255) COLLATE utf8_unicode_ci NOT NULL,
  `batch` int(11) NOT NULL
) ENGINE=MyISAM DEFAULT CHARSET=utf8 COLLATE=utf8_unicode_ci;

--
-- Volcado de datos para la tabla `migrations`
--

INSERT INTO `migrations` (`migration`, `batch`) VALUES
('2014_10_12_000000_create_users_table', 1),
('2014_10_12_100000_create_password_resets_table', 1),
('2016_10_15_211033_create_roles_table', 1),
('2016_10_15_211044_create_role_user_table', 1),
('2016_10_15_211053_create_permissions_table', 1),
('2016_10_15_211104_create_permission_role_table', 1),
('2016_10_22_200336_create_config_table', 1),
('2016_10_22_213233_create_movimientos_table', 1),
('2016_10_24_010759_create_categoria_table', 1),
('2016_10_24_010807_create_subcategoria1_table', 1),
('2016_10_24_010812_create_subcategoria2_table', 1),
('2016_10_24_011650_create_region_table', 1),
('2016_10_24_011651_create_region2_table', 1),
('2016_10_24_011652_create_departamento_table', 1),
('2016_10_24_011660_create_provincia_table', 1),
('2016_10_24_011662_create_ciudad_table', 1),
('2016_10_24_011663_create_distrito_table', 1),
('2016_10_24_011700_create_direccion_ubicacion_table', 1),
('2016_11_01_154301_create_channel_table', 1),
('2016_11_01_154315_create_retail_table', 1),
('2016_11_01_160610_create_stock_status_table', 1),
('2016_11_01_162542_create_tipo_tienda_table', 1),
('2016_11_04_004117_create_track_status_table', 1),
('2016_11_22_200001_create_tienda_table', 1),
('2016_11_22_210644_create_track_table', 1),
('2016_11_24_011715_create_stock_table', 1),
('2016_11_24_020051_create_stock_imagen_table', 1),
('2016_11_25_215911_create_track_imagen_table', 1);

-- --------------------------------------------------------

--
-- Estructura de tabla para la tabla `mobiliario`
--

CREATE TABLE `mobiliario` (
  `id` int(10) UNSIGNED NOT NULL,
  `categoria_id` int(10) UNSIGNED NOT NULL,
  `subcategoria1_id` int(10) UNSIGNED NOT NULL,
  `subcategoria2_id` int(10) UNSIGNED NOT NULL,
  `created_at` timestamp NULL DEFAULT NULL,
  `updated_at` timestamp NULL DEFAULT NULL
) ENGINE=MyISAM DEFAULT CHARSET=utf8 COLLATE=utf8_unicode_ci;

--
-- Volcado de datos para la tabla `mobiliario`
--

INSERT INTO `mobiliario` (`id`, `categoria_id`, `subcategoria1_id`, `subcategoria2_id`, `created_at`, `updated_at`) VALUES
(1, 1, 4, 13, '2017-01-02 23:14:29', '2017-01-02 23:14:29'),
(2, 1, 4, 14, '2017-01-02 23:35:00', '2017-01-02 23:35:00'),
(3, 1, 5, 15, '2017-01-02 23:36:14', '2017-01-02 23:36:14'),
(4, 1, 2, 15, '2017-01-02 23:36:38', '2017-01-02 23:36:38');

-- --------------------------------------------------------

--
-- Estructura de tabla para la tabla `movimientos`
--

CREATE TABLE `movimientos` (
  `id` int(10) UNSIGNED NOT NULL,
  `id_stock` int(10) UNSIGNED NOT NULL,
  `fecha` date NOT NULL,
  `hora` time NOT NULL,
  `tipo` varchar(255) COLLATE utf8_unicode_ci NOT NULL,
  `cantidad` int(11) NOT NULL,
  `created_at` timestamp NULL DEFAULT NULL,
  `updated_at` timestamp NULL DEFAULT NULL
) ENGINE=MyISAM DEFAULT CHARSET=utf8 COLLATE=utf8_unicode_ci;

-- --------------------------------------------------------

--
-- Estructura de tabla para la tabla `password_resets`
--

CREATE TABLE `password_resets` (
  `email` varchar(255) COLLATE utf8_unicode_ci NOT NULL,
  `token` varchar(255) COLLATE utf8_unicode_ci NOT NULL,
  `created_at` timestamp NOT NULL DEFAULT CURRENT_TIMESTAMP ON UPDATE CURRENT_TIMESTAMP
) ENGINE=MyISAM DEFAULT CHARSET=utf8 COLLATE=utf8_unicode_ci;

-- --------------------------------------------------------

--
-- Estructura de tabla para la tabla `permissions`
--

CREATE TABLE `permissions` (
  `id` int(10) UNSIGNED NOT NULL,
  `name` varchar(255) COLLATE utf8_unicode_ci NOT NULL,
  `description` varchar(255) COLLATE utf8_unicode_ci DEFAULT NULL,
  `created_at` timestamp NULL DEFAULT NULL,
  `updated_at` timestamp NULL DEFAULT NULL
) ENGINE=MyISAM DEFAULT CHARSET=utf8 COLLATE=utf8_unicode_ci;

--
-- Volcado de datos para la tabla `permissions`
--

INSERT INTO `permissions` (`id`, `name`, `description`, `created_at`, `updated_at`) VALUES
(1, 'gestionar_usuarios', 'Puede administrar usuarios', '2016-11-07 01:52:16', '2016-11-07 01:52:16'),
(2, 'gestionar_roles', 'Puede administrar roles', '2016-11-07 01:52:16', '2016-11-07 01:52:16'),
(3, 'gestionar_permisos', 'Puede administrar permisos', '2016-11-07 01:52:16', '2016-11-07 01:52:16'),
(4, 'crear_mobiliario', 'Puede levantar informacion del mobiliario', '2016-11-07 01:52:16', '2016-11-07 01:52:16'),
(5, 'editar_mobiliario', 'Puede editar mobiliario', '2016-11-07 01:52:16', '2016-11-07 01:52:16'),
(6, 'baja_mobiliario', 'Puede dar de baja al mobiliario', '2016-11-07 01:52:16', '2016-11-07 01:52:16'),
(7, 'gestionar_placas', 'Puede administrar placas', '2016-11-07 01:52:16', '2016-11-07 01:52:16');

-- --------------------------------------------------------

--
-- Estructura de tabla para la tabla `permission_role`
--

CREATE TABLE `permission_role` (
  `permission_id` int(10) UNSIGNED NOT NULL,
  `role_id` int(10) UNSIGNED NOT NULL,
  `created_at` timestamp NULL DEFAULT NULL,
  `updated_at` timestamp NULL DEFAULT NULL
) ENGINE=MyISAM DEFAULT CHARSET=utf8 COLLATE=utf8_unicode_ci;

--
-- Volcado de datos para la tabla `permission_role`
--

INSERT INTO `permission_role` (`permission_id`, `role_id`, `created_at`, `updated_at`) VALUES
(1, 1, '2016-11-07 01:52:16', '2016-11-07 01:52:16'),
(2, 1, '2016-11-07 01:52:16', '2016-11-07 01:52:16'),
(3, 1, '2016-11-07 01:52:16', '2016-11-07 01:52:16'),
(5, 1, '2016-11-07 01:52:16', '2016-11-07 01:52:16'),
(6, 1, '2016-11-07 01:52:16', '2016-11-07 01:52:16'),
(7, 1, '2016-11-07 01:52:16', '2016-11-07 01:52:16'),
(4, 2, '2016-11-07 01:52:16', '2016-11-07 01:52:16');

-- --------------------------------------------------------

--
-- Estructura de tabla para la tabla `provincia`
--

CREATE TABLE `provincia` (
  `id` int(10) UNSIGNED NOT NULL,
  `departamento_id` int(10) UNSIGNED NOT NULL,
  `nombre` varchar(255) COLLATE utf8_unicode_ci NOT NULL,
  `created_at` timestamp NULL DEFAULT NULL,
  `updated_at` timestamp NULL DEFAULT NULL
) ENGINE=MyISAM DEFAULT CHARSET=utf8 COLLATE=utf8_unicode_ci;

--
-- Volcado de datos para la tabla `provincia`
--

INSERT INTO `provincia` (`id`, `departamento_id`, `nombre`, `created_at`, `updated_at`) VALUES
(1, 1, 'AMAZONAS\r', NULL, NULL),
(2, 1, 'CHACHAPOYAS\r', NULL, NULL),
(3, 1, 'RODRIGUEZ DE MENDOZA\r', NULL, NULL),
(4, 1, 'UTCUBAMBA\r', NULL, NULL),
(5, 2, 'ANCASH\r', NULL, NULL),
(6, 2, 'CASMA\r', NULL, NULL),
(7, 2, 'HUARAZ\r', NULL, NULL),
(8, 2, 'HUAYLAS\r', NULL, NULL),
(9, 2, 'SANTA\r', NULL, NULL),
(10, 3, 'ABANCAY\r', NULL, NULL),
(11, 3, 'ANDAHUAYLAS\r', NULL, NULL),
(12, 4, 'AREQUIPA\r', NULL, NULL),
(13, 4, 'CAMANA\r', NULL, NULL),
(14, 4, 'CAYLLOMA\r', NULL, NULL),
(15, 4, 'ISLAY\r', NULL, NULL),
(16, 5, 'AYACUCHO\r', NULL, NULL),
(17, 5, 'HUAMANGA\r', NULL, NULL),
(18, 6, 'CAJABAMBA\r', NULL, NULL),
(19, 6, 'CAJAMARCA\r', NULL, NULL),
(20, 6, 'CELENDIN\r', NULL, NULL),
(21, 6, 'CHOTA\r', NULL, NULL),
(22, 6, 'HUALGAYOC\r', NULL, NULL),
(23, 6, 'JAEN\r', NULL, NULL),
(24, 7, 'CALLAO\r', NULL, NULL),
(25, 8, 'CUSCO\r', NULL, NULL),
(26, 8, 'LA CONVENCION\r', NULL, NULL),
(27, 9, 'HUANCAVELICA\r', NULL, NULL),
(28, 10, 'HUANUCO\r', NULL, NULL),
(29, 10, 'LEONCIO PRADO\r', NULL, NULL),
(30, 11, 'CHINCHA\r', NULL, NULL),
(31, 11, 'ICA\r', NULL, NULL),
(32, 11, 'NAZCA\r', NULL, NULL),
(33, 11, 'PISCO\r', NULL, NULL),
(34, 12, 'CHANCHAMAYO\r', NULL, NULL),
(35, 12, 'HUANCAYO\r', NULL, NULL),
(36, 12, 'SATIPO\r', NULL, NULL),
(37, 12, 'TARMA\r', NULL, NULL),
(38, 12, 'YAULI\r', NULL, NULL),
(39, 13, 'ASCOPE\r', NULL, NULL),
(40, 13, 'CHEPEN\r', NULL, NULL),
(41, 13, 'OTUZCO\r', NULL, NULL),
(42, 13, 'PACASMAYO\r', NULL, NULL),
(43, 13, 'SANCHEZ CARRION\r', NULL, NULL),
(44, 13, 'TRUJILLO\r', NULL, NULL),
(45, 13, 'VIRU\r', NULL, NULL),
(46, 14, 'CHICLAYO\r', NULL, NULL),
(47, 14, 'FERREÑAFE\r', NULL, NULL),
(48, 14, 'LAMBAYEQUE\r', NULL, NULL),
(49, 15, 'BARRANCA\r', NULL, NULL),
(50, 15, 'CAÑETE\r', NULL, NULL),
(51, 15, 'HUARAL\r', NULL, NULL),
(52, 15, 'HUAURA\r', NULL, NULL),
(53, 15, 'LIMA\r', NULL, NULL),
(54, 15, 'ALTO AMAZONAS\r', NULL, NULL),
(55, 16, 'MAYNAS\r', NULL, NULL),
(56, 16, 'TAMBOPATA\r', NULL, NULL),
(57, 17, 'ILO\r', NULL, NULL),
(58, 18, 'PASCO\r', NULL, NULL),
(59, 19, 'MORROPON\r', NULL, NULL),
(60, 20, 'PAITA\r', NULL, NULL),
(61, 20, 'PIURA\r', NULL, NULL),
(62, 20, 'SECHURA\r', NULL, NULL),
(63, 20, 'SULLANA\r', NULL, NULL),
(64, 20, 'TALARA\r', NULL, NULL),
(65, 20, 'PUNO\r', NULL, NULL),
(66, 21, 'SAN ROMAN\r', NULL, NULL),
(67, 21, 'MARISCAL CACERES\r', NULL, NULL),
(68, 22, 'MOYOBAMBA\r', NULL, NULL),
(69, 22, 'RIOJA\r', NULL, NULL),
(70, 22, 'SAN MARTIN\r', NULL, NULL),
(71, 22, 'TOCACHE\r', NULL, NULL),
(72, 22, 'TACNA\r', NULL, NULL),
(73, 23, 'TUMBES\r', NULL, NULL),
(74, 24, 'ZARUMILLA\r', NULL, NULL),
(75, 24, 'CORONEL PORTILLO\r', NULL, NULL),
(76, 25, 'PADRE ABAD\r', NULL, NULL);

-- --------------------------------------------------------

--
-- Estructura de tabla para la tabla `region1`
--

CREATE TABLE `region1` (
  `id` int(10) UNSIGNED NOT NULL,
  `nombre` varchar(255) COLLATE utf8_unicode_ci NOT NULL,
  `created_at` timestamp NULL DEFAULT NULL,
  `updated_at` timestamp NULL DEFAULT NULL
) ENGINE=MyISAM DEFAULT CHARSET=utf8 COLLATE=utf8_unicode_ci;

--
-- Volcado de datos para la tabla `region1`
--

INSERT INTO `region1` (`id`, `nombre`, `created_at`, `updated_at`) VALUES
(1, 'LIMA\r', NULL, NULL),
(2, 'PROVINCIA\r', NULL, NULL);

-- --------------------------------------------------------

--
-- Estructura de tabla para la tabla `region2`
--

CREATE TABLE `region2` (
  `id` int(10) UNSIGNED NOT NULL,
  `nombre` varchar(255) COLLATE utf8_unicode_ci NOT NULL,
  `region1_id` int(10) UNSIGNED NOT NULL,
  `created_at` timestamp NULL DEFAULT NULL,
  `updated_at` timestamp NULL DEFAULT NULL
) ENGINE=MyISAM DEFAULT CHARSET=utf8 COLLATE=utf8_unicode_ci;

--
-- Volcado de datos para la tabla `region2`
--

INSERT INTO `region2` (`id`, `nombre`, `region1_id`, `created_at`, `updated_at`) VALUES
(1, 'LIMA\r', 1, NULL, NULL),
(2, 'SUR\r', 2, NULL, NULL),
(3, 'NORTE 1\r', 2, NULL, NULL),
(4, 'NORTE 2\r', 2, NULL, NULL),
(5, 'CENTRO\r', 2, NULL, NULL),
(6, 'ORIENTE\r', 2, NULL, NULL);

-- --------------------------------------------------------

--
-- Estructura de tabla para la tabla `retail`
--

CREATE TABLE `retail` (
  `id` int(10) UNSIGNED NOT NULL,
  `name` varchar(255) COLLATE utf8_unicode_ci NOT NULL,
  `created_at` timestamp NULL DEFAULT NULL,
  `updated_at` timestamp NULL DEFAULT NULL
) ENGINE=MyISAM DEFAULT CHARSET=utf8 COLLATE=utf8_unicode_ci;

--
-- Volcado de datos para la tabla `retail`
--

INSERT INTO `retail` (`id`, `name`, `created_at`, `updated_at`) VALUES
(1, 'SAGA\r', NULL, NULL),
(2, 'RIPLEY\r', NULL, NULL),
(3, 'OECHSLE\r', NULL, NULL),
(4, 'PARIS\r', NULL, NULL),
(5, 'ESTILOS\r', NULL, NULL),
(6, 'METRO\r', NULL, NULL),
(7, 'PLAZA VEA\r', NULL, NULL),
(8, 'TOTTUS\r', NULL, NULL),
(9, 'CARSA\r', NULL, NULL),
(10, 'ELEKTRA\r', NULL, NULL),
(11, 'HIRAOKA\r', NULL, NULL),
(12, 'LA CURACAO\r', NULL, NULL),
(13, 'MARCIMEX\r', NULL, NULL),
(14, 'TIENDAS EFE\r', NULL, NULL),
(15, 'CHANCAFE\r', NULL, NULL),
(16, 'CHAUCA DE YATACO\r', NULL, NULL),
(17, 'COMERCIAL COUNTRY\r', NULL, NULL),
(18, 'CORPORACION ROCIO\r', NULL, NULL),
(19, 'CREDIVARGAS\r', NULL, NULL),
(20, 'EH INVERSIONES\r', NULL, NULL),
(21, 'GALLO MAS GALLO\r', NULL, NULL),
(22, 'RUBI\r', NULL, NULL),
(23, 'CODISA ELECTRONIC S.A.C.\r', NULL, NULL),
(24, 'INVERSIONES MUNDO VISION S.A.C\r', NULL, NULL),
(25, 'IMPORTACIONES KAMASA\r', NULL, NULL),
(26, 'IMPORTACIONES KAMASA\r', NULL, NULL);

-- --------------------------------------------------------

--
-- Estructura de tabla para la tabla `roles`
--

CREATE TABLE `roles` (
  `id` int(10) UNSIGNED NOT NULL,
  `name` varchar(255) COLLATE utf8_unicode_ci NOT NULL,
  `description` varchar(255) COLLATE utf8_unicode_ci DEFAULT NULL,
  `created_at` timestamp NULL DEFAULT NULL,
  `updated_at` timestamp NULL DEFAULT NULL
) ENGINE=MyISAM DEFAULT CHARSET=utf8 COLLATE=utf8_unicode_ci;

--
-- Volcado de datos para la tabla `roles`
--

INSERT INTO `roles` (`id`, `name`, `description`, `created_at`, `updated_at`) VALUES
(1, 'Administrador', 'Rol de administrador', '2016-11-07 01:52:16', '2016-11-07 01:52:16'),
(2, 'Supervisor', 'Rol de supervisor', '2016-11-07 01:52:16', '2016-11-07 01:52:16');

-- --------------------------------------------------------

--
-- Estructura de tabla para la tabla `role_user`
--

CREATE TABLE `role_user` (
  `user_id` int(10) UNSIGNED NOT NULL,
  `role_id` int(10) UNSIGNED NOT NULL,
  `created_at` timestamp NULL DEFAULT NULL,
  `updated_at` timestamp NULL DEFAULT NULL
) ENGINE=MyISAM DEFAULT CHARSET=utf8 COLLATE=utf8_unicode_ci;

--
-- Volcado de datos para la tabla `role_user`
--

INSERT INTO `role_user` (`user_id`, `role_id`, `created_at`, `updated_at`) VALUES
(1, 1, '2016-11-11 13:18:07', '2016-11-11 13:18:07'),
(2, 2, NULL, NULL),
(3, 2, NULL, NULL),
(4, 2, NULL, NULL),
(5, 2, NULL, NULL),
(6, 2, NULL, NULL),
(7, 2, NULL, NULL),
(8, 2, NULL, NULL),
(9, 2, NULL, NULL),
(10, 2, NULL, NULL),
(11, 2, NULL, NULL),
(12, 2, NULL, NULL),
(13, 2, NULL, NULL),
(14, 2, NULL, NULL),
(15, 2, NULL, NULL),
(16, 2, NULL, NULL),
(17, 2, NULL, NULL),
(18, 2, NULL, NULL),
(19, 2, NULL, NULL),
(20, 2, NULL, NULL),
(21, 2, NULL, NULL),
(22, 1, '2017-01-02 22:08:44', '2017-01-02 22:08:44'),
(23, 1, '2017-01-02 17:28:39', '2017-01-02 17:28:39'),
(24, 1, '2017-01-02 17:29:00', '2017-01-02 17:29:00'),
(25, 1, '2017-01-02 17:27:56', '2017-01-02 17:27:56'),
(26, 2, NULL, NULL),
(27, 1, '2017-01-02 17:27:01', '2017-01-02 17:27:01'),
(101, 2, '2016-11-14 19:47:28', '2016-11-14 19:47:28'),
(102, 2, '2016-11-12 01:21:39', '2016-11-12 01:21:39'),
(103, 2, '2016-11-15 00:12:19', '2016-11-15 00:12:19'),
(104, 2, '2016-11-21 21:25:25', '2016-11-21 21:25:25'),
(105, 2, '2016-11-23 21:11:00', '2016-11-23 21:11:00'),
(106, 2, '2016-11-23 21:11:14', '2016-11-23 21:11:14'),
(107, 2, '2016-11-23 21:11:27', '2016-11-23 21:11:27'),
(108, 2, '2016-11-24 02:50:13', '2016-11-24 02:50:13'),
(109, 2, '2016-12-02 06:38:33', '2016-12-02 06:38:33'),
(110, 2, '2016-12-01 21:04:11', '2016-12-01 21:04:11'),
(111, 2, '2016-12-07 18:02:11', '2016-12-07 18:02:11'),
(112, 2, '2017-01-02 22:23:53', '2017-01-02 22:23:53'),
(113, 2, '2016-12-30 20:47:56', '2016-12-30 20:47:56'),
(114, 2, '2017-01-02 22:27:35', '2017-01-02 22:27:35'),
(115, 2, '2017-01-02 22:29:56', '2017-01-02 22:29:56'),
(116, 1, '2016-12-31 21:52:40', '2016-12-31 21:52:40'),
(117, 2, '2017-01-04 02:23:55', '2017-01-04 02:23:55');

-- --------------------------------------------------------

--
-- Estructura de tabla para la tabla `stock`
--

CREATE TABLE `stock` (
  `id` int(10) UNSIGNED NOT NULL,
  `categoria_id` int(10) UNSIGNED NOT NULL,
  `status` int(10) UNSIGNED NOT NULL,
  `subcategoria1_id` int(10) UNSIGNED NOT NULL,
  `subcategoria2_id` int(10) UNSIGNED NOT NULL,
  `tienda_id` int(10) UNSIGNED NOT NULL,
  `cantidad` int(11) NOT NULL,
  `codigo` varchar(255) COLLATE utf8_unicode_ci NOT NULL,
  `created_at` timestamp NULL DEFAULT NULL,
  `updated_at` timestamp NULL DEFAULT NULL
) ENGINE=MyISAM DEFAULT CHARSET=utf8 COLLATE=utf8_unicode_ci;

--
-- Volcado de datos para la tabla `stock`
--

INSERT INTO `stock` (`id`, `categoria_id`, `status`, `subcategoria1_id`, `subcategoria2_id`, `tienda_id`, `cantidad`, `codigo`, `created_at`, `updated_at`) VALUES
(177, 0, 3, 0, 0, 37, 0, '272', '2016-12-30 21:26:06', '2016-12-30 21:26:06'),
(173, 0, 3, 0, 0, 37, 0, '276', '2016-12-30 21:26:06', '2016-12-30 21:26:06'),
(171, 1, 1, 1, 3, 35, 0, '190', '2016-12-30 20:57:37', '2017-01-02 22:18:50'),
(176, 0, 3, 0, 0, 37, 0, '277', '2016-12-30 21:26:06', '2016-12-30 21:26:06'),
(175, 0, 3, 0, 0, 37, 0, '271', '2016-12-30 21:26:06', '2016-12-30 21:26:06'),
(174, 0, 3, 0, 0, 37, 0, '273', '2016-12-30 21:26:06', '2016-12-30 21:26:06'),
(172, 0, 3, 0, 0, 37, 0, '275', '2016-12-30 21:26:05', '2016-12-30 21:26:05'),
(170, 0, 3, 0, 0, 4, 0, '296', '2016-12-30 20:47:58', '2016-12-30 20:47:58'),
(169, 1, 1, 3, 3, 4, 0, '295', '2016-12-30 20:47:58', '2017-01-02 22:38:13'),
(168, 0, 3, 0, 0, 4, 0, '294', '2016-12-30 20:47:58', '2016-12-30 20:47:58'),
(163, 0, 3, 0, 0, 4, 0, '290', '2016-12-30 20:47:56', '2016-12-30 20:47:56'),
(164, 0, 3, 0, 0, 4, 0, '286', '2016-12-30 20:47:56', '2016-12-30 20:47:56'),
(165, 0, 3, 0, 0, 4, 0, '291', '2016-12-30 20:47:58', '2016-12-30 20:47:58'),
(160, 0, 3, 0, 0, 4, 0, '289', '2016-12-30 20:47:56', '2016-12-30 20:47:56'),
(161, 0, 3, 0, 0, 4, 0, '287', '2016-12-30 20:47:56', '2016-12-30 20:47:56'),
(65, 1, 1, 3, 4, 17, 0, '170', '2016-12-29 19:23:15', '2017-01-02 22:39:22'),
(167, 0, 3, 0, 0, 4, 0, '293', '2016-12-30 20:47:58', '2016-12-30 20:47:58'),
(166, 0, 3, 0, 0, 4, 0, '292', '2016-12-30 20:47:58', '2016-12-30 20:47:58'),
(162, 0, 3, 0, 0, 4, 0, '284', '2016-12-30 20:47:56', '2016-12-30 20:47:56'),
(159, 0, 3, 0, 0, 4, 0, '285', '2016-12-30 20:47:56', '2016-12-30 20:47:56'),
(158, 1, 1, 1, 3, 36, 0, '145', '2016-12-30 19:59:13', '2017-01-02 22:40:26'),
(157, 1, 1, 1, 7, 36, 0, '143', '2016-12-30 19:59:13', '2017-01-02 22:41:47'),
(155, 1, 1, 1, 4, 36, 0, '142', '2016-12-30 19:59:13', '2017-01-02 22:43:11'),
(156, 1, 1, 1, 7, 36, 0, '144', '2016-12-30 19:59:13', '2017-01-02 22:44:44'),
(154, 1, 1, 1, 7, 36, 0, '141', '2016-12-30 19:59:13', '2017-01-02 22:45:09'),
(153, 1, 1, 1, 7, 36, 0, '139', '2016-12-30 19:59:12', '2017-01-02 22:45:48'),
(152, 1, 1, 1, 7, 36, 0, '140', '2016-12-30 19:59:12', '2017-01-02 22:46:16'),
(151, 1, 1, 4, 4, 36, 0, '133', '2016-12-30 19:59:12', '2017-01-02 22:48:49'),
(150, 1, 1, 1, 7, 36, 0, '137', '2016-12-30 19:59:12', '2017-01-02 22:49:54'),
(149, 1, 1, 3, 3, 112, 0, '125', '2016-12-30 19:20:37', '2017-01-02 22:46:39'),
(148, 1, 1, 1, 3, 112, 0, '128', '2016-12-30 19:20:37', '2017-01-02 22:51:15'),
(147, 1, 1, 5, 13, 112, 0, '126', '2016-12-30 19:20:37', '2017-01-02 23:16:24'),
(146, 1, 1, 1, 3, 112, 0, '119', '2016-12-30 19:20:37', '2017-01-02 22:50:53'),
(145, 1, 1, 1, 1, 112, 0, '129', '2016-12-30 19:20:36', '2017-01-02 22:54:09'),
(144, 1, 1, 5, 13, 112, 0, '132', '2016-12-30 19:20:36', '2017-01-02 23:16:52'),
(143, 1, 1, 4, 13, 112, 0, '130', '2016-12-30 19:20:36', '2017-01-02 23:17:31'),
(142, 1, 1, 5, 13, 112, 0, '127', '2016-12-30 19:20:36', '2017-01-02 23:18:04'),
(141, 1, 1, 2, 13, 112, 0, '131', '2016-12-30 19:20:36', '2017-01-02 23:20:03'),
(66, 1, 1, 1, 7, 36, 0, '134', '2016-12-29 19:23:15', '2017-01-02 22:56:20'),
(67, 1, 1, 1, 7, 452, 0, '151', '2016-12-29 19:23:15', '2017-01-02 22:56:46'),
(68, 1, 1, 3, 1, 452, 0, '149', '2016-12-29 19:23:15', '2017-01-02 23:00:11'),
(69, 1, 1, 1, 7, 17, 0, '171', '2016-12-29 19:23:15', '2017-01-02 22:58:48'),
(70, 1, 1, 1, 1, 17, 0, '169', '2016-12-29 19:23:15', '2017-01-02 23:01:01'),
(71, 1, 1, 1, 1, 36, 0, '135', '2016-12-29 19:23:17', '2017-01-02 22:58:21'),
(72, 1, 1, 1, 1, 452, 0, '163', '2016-12-29 19:23:17', '2017-01-02 23:00:42'),
(73, 1, 1, 4, 2, 36, 0, '136', '2016-12-29 19:23:17', '2017-01-02 22:55:51'),
(74, 1, 1, 3, 3, 452, 0, '168', '2016-12-29 19:23:18', '2017-01-02 23:02:29'),
(75, 1, 1, 1, 6, 36, 0, '138', '2016-12-29 19:23:18', '2017-01-02 23:18:51'),
(76, 1, 1, 1, 2, 452, 0, '147', '2016-12-29 19:23:19', '2017-01-02 23:03:40'),
(77, 1, 1, 1, 6, 35, 0, '188', '2016-12-29 19:23:19', '2017-01-02 23:03:19'),
(78, 1, 1, 3, 13, 17, 0, '184', '2016-12-29 19:23:19', '2017-01-02 23:19:13'),
(79, 1, 1, 1, 3, 17, 0, '175', '2016-12-29 19:23:19', '2017-01-02 23:14:30'),
(80, 1, 1, 1, 3, 35, 0, '189', '2016-12-29 19:23:19', '2017-01-02 23:03:58'),
(81, 1, 1, 4, 15, 35, 0, '192', '2016-12-29 19:23:20', '2017-01-02 23:38:22'),
(82, 1, 1, 1, 2, 452, 0, '148', '2016-12-29 19:23:20', '2017-01-02 23:15:10'),
(83, 1, 1, 1, 3, 35, 0, '191', '2016-12-29 19:23:20', '2017-01-02 23:05:36'),
(84, 1, 1, 5, 2, 27, 0, '442', '2016-12-29 20:01:47', '2017-01-02 23:13:41'),
(85, 1, 1, 3, 14, 27, 0, '443', '2016-12-29 20:01:48', '2017-01-02 23:49:23'),
(86, 1, 1, 1, 2, 27, 0, '446', '2016-12-29 20:01:48', '2017-01-02 23:20:32'),
(87, 1, 1, 5, 2, 27, 0, '444', '2016-12-29 20:01:48', '2017-01-02 23:12:51'),
(88, 1, 1, 1, 6, 27, 0, '447', '2016-12-29 20:01:48', '2017-01-02 23:21:07'),
(89, 1, 1, 6, 13, 15, 0, '448', '2016-12-29 20:01:48', '2017-01-02 23:32:39'),
(90, 0, 5, 0, 0, 27, 0, '101', '2016-12-29 20:32:55', '2016-12-29 20:32:55'),
(91, 1, 1, 1, 1, 27, 0, '102', '2016-12-29 20:32:56', '2017-01-02 23:21:59'),
(92, 1, 1, 1, 6, 27, 0, '103', '2016-12-29 20:32:56', '2017-01-02 23:22:26'),
(93, 0, 5, 0, 0, 27, 0, '104', '2016-12-29 20:32:56', '2016-12-29 20:32:56'),
(94, 1, 1, 1, 1, 27, 0, '106', '2016-12-29 20:32:56', '2017-01-02 23:24:02'),
(95, 1, 1, 1, 3, 27, 0, '105', '2016-12-29 20:32:56', '2017-01-02 22:57:27'),
(96, 1, 1, 1, 3, 78, 0, '450', '2016-12-29 20:32:57', '2017-01-02 23:06:36'),
(97, 1, 1, 1, 2, 78, 0, '451', '2016-12-29 20:32:57', '2017-01-02 22:55:15'),
(98, 1, 1, 1, 2, 78, 0, '452', '2016-12-29 20:32:57', '2017-01-02 23:38:44'),
(99, 1, 1, 5, 2, 78, 0, '453', '2016-12-29 20:32:57', '2017-01-02 23:23:29'),
(100, 1, 1, 5, 2, 78, 0, '454', '2016-12-29 20:32:57', '2017-01-02 22:57:40'),
(101, 1, 1, 1, 1, 78, 0, '455', '2016-12-29 20:32:57', '2017-01-02 23:28:54'),
(102, 1, 1, 5, 2, 78, 0, '456', '2016-12-29 20:32:57', '2017-01-02 23:47:07'),
(103, 1, 1, 1, 2, 34, 0, '457', '2016-12-29 21:23:03', '2017-01-02 23:39:18'),
(104, 1, 1, 1, 2, 34, 0, '459', '2016-12-29 21:23:03', '2017-01-02 23:44:01'),
(105, 1, 1, 1, 2, 34, 0, '458', '2016-12-29 21:23:04', '2017-01-02 23:44:41'),
(106, 1, 1, 1, 1, 3, 0, '109', '2016-12-29 22:46:29', '2017-01-02 23:47:15'),
(107, 1, 1, 1, 6, 3, 0, '112', '2016-12-29 22:46:30', '2017-01-02 23:45:27'),
(108, 1, 1, 1, 3, 3, 0, '107', '2016-12-29 22:46:30', '2017-01-02 23:48:53'),
(109, 1, 1, 1, 3, 3, 0, '108', '2016-12-29 22:46:30', '2017-01-02 23:48:45'),
(110, 1, 1, 1, 2, 3, 0, '110', '2016-12-29 22:46:30', '2017-01-02 23:49:27'),
(111, 1, 1, 1, 2, 3, 0, '111', '2016-12-29 22:46:30', '2017-01-02 23:50:23'),
(112, 1, 1, 1, 3, 3, 0, '113', '2016-12-29 22:46:33', '2017-01-02 23:55:20'),
(113, 1, 1, 1, 3, 3, 0, '114', '2016-12-29 22:46:35', '2017-01-02 23:53:25'),
(114, 1, 1, 1, 3, 3, 0, '118', '2016-12-29 22:46:40', '2017-01-02 23:51:10'),
(115, 1, 1, 1, 3, 3, 0, '115', '2016-12-29 22:46:41', '2017-01-02 23:43:06'),
(116, 1, 1, 1, 3, 3, 0, '116', '2016-12-29 22:55:14', '2017-01-02 23:51:49'),
(117, 1, 1, 1, 1, 3, 0, '117', '2016-12-29 22:55:15', '2017-01-02 23:53:55'),
(118, 1, 1, 1, 7, 3, 0, '120', '2016-12-29 22:55:15', '2017-01-03 00:24:23'),
(119, 1, 1, 1, 6, 3, 0, '121', '2016-12-29 22:55:15', '2017-01-02 23:54:16'),
(120, 1, 1, 1, 6, 3, 0, '123', '2016-12-29 22:55:15', '2017-01-02 23:55:45'),
(121, 1, 1, 1, 7, 3, 0, '124', '2016-12-29 22:55:15', '2017-01-03 00:08:50'),
(122, 1, 1, 3, 14, 3, 0, '122', '2016-12-29 22:55:16', '2017-01-03 00:11:08'),
(123, 1, 1, 1, 7, 452, 0, '155', '2016-12-30 02:40:30', '2017-01-03 00:09:10'),
(124, 1, 1, 1, 7, 452, 0, '154', '2016-12-30 02:40:31', '2017-01-03 00:22:55'),
(125, 1, 1, 1, 3, 452, 0, '160', '2016-12-30 02:40:31', '2017-01-03 00:25:02'),
(126, 1, 1, 1, 3, 452, 0, '161', '2016-12-30 02:40:31', '2017-01-03 00:23:29'),
(127, 1, 1, 1, 7, 17, 0, '187', '2016-12-30 03:51:24', '2017-01-03 00:24:06'),
(128, 1, 1, 1, 2, 17, 0, '177', '2016-12-30 03:51:24', '2017-01-03 00:25:12'),
(129, 1, 1, 1, 6, 17, 0, '174', '2016-12-30 03:51:25', '2017-01-03 00:27:12'),
(130, 1, 1, 1, 6, 17, 0, '176', '2016-12-30 03:51:25', '2017-01-03 00:26:36'),
(131, 1, 1, 1, 2, 17, 0, '178', '2016-12-30 03:51:25', '2017-01-03 00:27:49'),
(132, 1, 1, 1, 2, 17, 0, '179', '2016-12-30 03:51:25', '2017-01-03 00:31:05'),
(133, 1, 1, 1, 4, 17, 0, '181', '2016-12-30 03:51:26', '2017-01-03 00:28:43'),
(134, 1, 1, 1, 2, 17, 0, '182', '2016-12-30 03:51:26', '2017-01-03 00:28:15'),
(135, 1, 1, 1, 4, 17, 0, '180', '2016-12-30 03:51:26', '2017-01-03 00:32:01'),
(136, 1, 1, 1, 2, 17, 0, '183', '2016-12-30 03:51:26', '2017-01-03 00:29:18'),
(137, 1, 1, 1, 4, 17, 0, '185', '2016-12-30 03:51:26', '2017-01-03 00:34:30'),
(138, 1, 1, 1, 4, 17, 0, '186', '2016-12-30 03:51:26', '2017-01-03 00:31:38'),
(139, 1, 1, 1, 6, 17, 0, '172', '2016-12-30 03:51:26', '2017-01-03 00:37:14'),
(140, 1, 1, 1, 6, 17, 0, '173', '2016-12-30 03:51:26', '2017-01-03 00:47:51'),
(178, 0, 3, 0, 0, 37, 0, '274', '2016-12-30 21:26:07', '2016-12-30 21:26:07'),
(179, 1, 1, 5, 14, 13, 0, '353', '2016-12-30 21:30:03', '2017-01-03 01:31:44'),
(180, 1, 1, 1, 1, 13, 0, '324', '2016-12-30 21:30:03', '2017-01-03 01:22:24'),
(181, 1, 1, 2, 14, 13, 0, '352', '2016-12-30 21:30:03', '2017-01-03 01:28:59'),
(182, 1, 1, 5, 14, 13, 0, '355', '2016-12-30 21:30:03', '2017-01-03 01:33:34'),
(183, 1, 1, 1, 2, 13, 0, '358', '2016-12-30 21:30:03', '2017-01-03 00:59:33'),
(184, 1, 1, 2, 14, 13, 0, '354', '2016-12-30 21:30:04', '2017-01-03 01:09:17'),
(185, 1, 1, 1, 3, 13, 0, '359', '2016-12-30 21:30:04', '2017-01-03 02:11:02'),
(186, 1, 1, 1, 3, 13, 0, '360', '2016-12-30 21:30:04', '2017-01-03 01:46:12'),
(187, 1, 1, 1, 2, 13, 0, '364', '2016-12-30 21:30:04', '2017-01-03 01:47:13'),
(188, 1, 1, 1, 2, 13, 0, '365', '2016-12-30 21:30:04', '2017-01-03 02:10:06'),
(189, 1, 1, 1, 3, 13, 0, '366', '2016-12-30 21:30:04', '2017-01-03 01:47:40'),
(190, 1, 1, 1, 2, 13, 0, '361', '2016-12-30 21:30:04', '2017-01-03 02:08:41'),
(191, 1, 1, 3, 3, 13, 0, '368', '2016-12-30 21:30:05', '2017-01-03 02:02:27'),
(192, 1, 1, 1, 3, 13, 0, '367', '2016-12-30 21:30:05', '2017-01-03 02:09:19'),
(193, 1, 1, 3, 3, 13, 0, '370', '2016-12-30 21:30:05', '2017-01-03 02:09:49'),
(194, 1, 1, 3, 14, 13, 0, '369', '2016-12-30 21:30:05', '2017-01-03 02:15:24'),
(195, 0, 3, 0, 0, 81, 0, '283', '2016-12-30 21:38:49', '2016-12-30 21:38:49'),
(196, 0, 3, 0, 0, 81, 0, '282', '2016-12-30 21:38:50', '2016-12-30 21:38:50'),
(197, 0, 3, 0, 0, 81, 0, '288', '2016-12-30 21:38:50', '2016-12-30 21:38:50'),
(198, 0, 3, 0, 0, 81, 0, '279', '2016-12-30 21:38:51', '2016-12-30 21:38:51'),
(199, 0, 3, 0, 0, 81, 0, '281', '2016-12-30 21:38:51', '2016-12-30 21:38:51'),
(200, 0, 3, 0, 0, 81, 0, '278', '2016-12-30 21:38:51', '2016-12-30 21:38:51'),
(201, 0, 3, 0, 0, 81, 0, '280', '2016-12-30 21:38:51', '2016-12-30 21:38:51'),
(202, 1, 1, 1, 6, 65, 0, '328', '2016-12-30 23:22:25', '2017-01-03 02:12:02'),
(203, 1, 1, 1, 3, 65, 0, '334', '2016-12-30 23:22:26', '2017-01-03 01:45:45'),
(204, 1, 1, 1, 2, 65, 0, '333', '2016-12-30 23:22:26', '2017-01-03 02:12:33'),
(205, 1, 1, 1, 2, 65, 0, '331', '2016-12-30 23:22:27', '2017-01-03 16:20:52'),
(206, 1, 1, 1, 2, 65, 0, '329', '2016-12-30 23:22:27', '2017-01-03 02:16:12'),
(207, 1, 1, 1, 1, 65, 0, '330', '2016-12-30 23:22:27', '2017-01-03 02:02:44'),
(208, 1, 1, 1, 3, 65, 0, '332', '2016-12-30 23:22:27', '2017-01-03 16:21:47'),
(209, 1, 1, 1, 1, 65, 0, '335', '2016-12-30 23:22:27', '2017-01-03 16:30:15'),
(210, 1, 1, 1, 6, 65, 0, '336', '2016-12-30 23:22:27', '2017-01-03 16:22:44'),
(211, 1, 1, 1, 3, 65, 0, '337', '2016-12-30 23:22:27', '2017-01-03 16:47:17'),
(212, 1, 1, 4, 14, 783, 0, '351', '2016-12-30 23:22:27', '2017-01-03 16:22:19'),
(213, 1, 1, 1, 2, 65, 0, '338', '2016-12-30 23:22:27', '2017-01-03 16:31:47'),
(214, 1, 1, 3, 14, 65, 0, '339', '2016-12-30 23:22:27', '2017-01-03 16:32:17'),
(215, 1, 1, 3, 3, 65, 0, '340', '2016-12-30 23:22:27', '2017-01-03 16:33:08'),
(216, 1, 1, 1, 3, 13, 0, '356', '2016-12-30 23:22:28', '2017-01-03 16:48:27'),
(217, 1, 1, 1, 3, 13, 0, '357', '2016-12-30 23:22:28', '2017-01-03 16:33:39'),
(218, 1, 1, 1, 1, 13, 0, '362', '2016-12-30 23:22:28', '2017-01-03 16:52:15'),
(219, 1, 1, 1, 2, 30, 0, '326', '2016-12-31 00:03:46', '2017-01-03 16:56:04'),
(220, 1, 1, 1, 3, 30, 0, '317', '2016-12-31 00:03:46', '2017-01-03 17:05:16'),
(221, 1, 1, 1, 1, 30, 0, '313', '2016-12-31 00:03:47', '2017-01-03 18:01:26'),
(222, 1, 1, 1, 1, 30, 0, '314', '2016-12-31 00:03:47', '2017-01-03 17:47:26'),
(223, 1, 1, 1, 2, 30, 0, '316', '2016-12-31 00:03:47', '2017-01-03 17:38:39'),
(224, 1, 1, 1, 2, 30, 0, '325', '2016-12-31 00:03:47', '2017-01-02 23:28:35'),
(225, 1, 1, 5, 2, 30, 0, '315', '2016-12-31 00:03:47', '2017-01-03 18:06:20'),
(226, 1, 1, 4, 14, 30, 0, '327', '2016-12-31 00:03:47', '2017-01-03 01:36:00'),
(227, 1, 1, 1, 2, 30, 0, '323', '2016-12-31 00:03:47', '2017-01-03 16:49:54'),
(228, 1, 1, 1, 2, 30, 0, '319', '2016-12-31 00:03:48', '2017-01-03 18:01:55'),
(229, 1, 1, 1, 1, 30, 0, '318', '2016-12-31 00:03:48', '2017-01-03 18:45:54'),
(230, 1, 1, 1, 2, 30, 0, '321', '2016-12-31 00:03:48', '2017-01-03 19:07:36'),
(231, 1, 1, 1, 2, 30, 0, '320', '2016-12-31 00:03:48', '2017-01-02 22:59:48'),
(232, 1, 1, 1, 2, 30, 0, '322', '2016-12-31 00:03:49', '2017-01-03 18:46:14'),
(233, 0, 3, 0, 0, 24, 0, '259', '2016-12-31 00:29:39', '2016-12-31 00:29:39'),
(234, 0, 3, 0, 0, 24, 0, '265', '2016-12-31 00:29:39', '2016-12-31 00:29:39'),
(235, 0, 3, 0, 0, 24, 0, '260', '2016-12-31 00:29:39', '2016-12-31 00:29:39'),
(236, 0, 3, 0, 0, 24, 0, '261', '2016-12-31 00:29:40', '2016-12-31 00:29:40'),
(237, 0, 3, 0, 0, 24, 0, '262', '2016-12-31 00:29:40', '2016-12-31 00:29:40'),
(238, 0, 3, 0, 0, 24, 0, '263', '2016-12-31 00:29:40', '2016-12-31 00:29:40'),
(239, 0, 3, 0, 0, 24, 0, '264', '2016-12-31 00:29:40', '2016-12-31 00:29:40'),
(240, 0, 3, 0, 0, 24, 0, '266', '2016-12-31 00:29:40', '2016-12-31 00:29:40'),
(241, 0, 3, 0, 0, 24, 0, '267', '2016-12-31 00:29:41', '2016-12-31 00:29:41'),
(242, 0, 3, 0, 0, 24, 0, '258', '2016-12-31 00:29:41', '2016-12-31 00:29:41'),
(243, 0, 3, 0, 0, 24, 0, '254', '2016-12-31 00:29:41', '2016-12-31 00:29:41'),
(244, 0, 3, 0, 0, 24, 0, '257', '2016-12-31 00:29:41', '2016-12-31 00:29:41'),
(245, 0, 3, 0, 0, 24, 0, '255', '2016-12-31 00:29:41', '2016-12-31 00:29:41'),
(246, 0, 3, 0, 0, 24, 0, '256', '2016-12-31 00:29:42', '2016-12-31 00:29:42'),
(247, 1, 1, 1, 1, 200, 0, '301', '2016-12-31 01:10:26', '2017-01-03 18:31:22'),
(248, 1, 1, 1, 1, 200, 0, '302', '2016-12-31 01:10:26', '2017-01-03 18:56:44'),
(249, 1, 1, 1, 4, 783, 0, '347', '2016-12-31 01:10:27', '2017-01-03 18:48:52'),
(250, 1, 1, 5, 14, 783, 0, '349', '2016-12-31 01:10:28', '2017-01-03 18:49:22'),
(251, 1, 1, 1, 2, 200, 0, '303', '2016-12-31 01:10:28', '2017-01-03 19:07:58'),
(252, 1, 1, 1, 1, 200, 0, '304', '2016-12-31 01:10:29', '2017-01-03 19:08:24'),
(253, 1, 1, 1, 6, 200, 0, '310', '2016-12-31 01:10:37', '2017-01-03 19:10:32'),
(254, 1, 1, 1, 4, 783, 0, '344', '2016-12-31 01:10:37', '2017-01-03 19:11:56'),
(255, 1, 1, 1, 2, 783, 0, '345', '2016-12-31 01:10:41', '2017-01-03 19:13:16'),
(256, 1, 1, 1, 7, 200, 0, '311', '2016-12-31 01:10:42', '2017-01-03 19:16:46'),
(257, 1, 1, 3, 14, 200, 0, '312', '2016-12-31 01:10:45', '2017-01-03 18:58:14'),
(258, 1, 1, 1, 1, 783, 0, '342', '2016-12-31 01:10:45', '2017-01-03 19:13:54'),
(259, 1, 1, 1, 2, 783, 0, '343', '2016-12-31 01:10:48', '2017-01-03 19:24:31'),
(260, 1, 1, 1, 2, 200, 0, '305', '2016-12-31 01:10:49', '2017-01-03 19:25:59'),
(261, 1, 1, 1, 7, 200, 0, '309', '2016-12-31 01:10:53', '2017-01-03 19:28:06'),
(262, 1, 1, 1, 7, 200, 0, '307', '2016-12-31 01:10:54', '2017-01-03 19:53:53'),
(263, 1, 1, 1, 7, 200, 0, '308', '2016-12-31 01:10:54', '2017-01-03 01:21:54'),
(264, 1, 1, 1, 7, 200, 0, '306', '2016-12-31 01:10:56', '2017-01-03 19:28:38'),
(265, 1, 1, 3, 14, 783, 0, '350', '2016-12-31 01:10:56', '2017-01-03 19:29:42'),
(266, 1, 1, 1, 4, 783, 0, '346', '2016-12-31 01:10:57', '2017-01-03 19:30:02'),
(267, 1, 1, 1, 6, 7, 0, '501', '2016-12-31 02:14:19', '2017-01-03 22:18:30'),
(268, 1, 1, 1, 3, 7, 0, '502', '2016-12-31 02:14:19', '2017-01-03 19:30:37'),
(269, 1, 1, 1, 1, 7, 0, '509', '2016-12-31 02:14:19', '2017-01-03 19:40:52'),
(270, 1, 1, 1, 15, 7, 0, '503', '2016-12-31 02:14:20', '2017-01-03 19:09:42'),
(271, 1, 1, 1, 3, 7, 0, '506', '2016-12-31 02:14:20', '2017-01-03 19:54:21'),
(272, 1, 1, 3, 14, 7, 0, '508', '2016-12-31 02:14:20', '2017-01-03 22:18:08'),
(273, 1, 1, 5, 2, 7, 0, '505', '2016-12-31 02:14:21', '2017-01-03 22:19:01'),
(274, 1, 1, 5, 2, 7, 0, '504', '2016-12-31 02:14:21', '2017-01-03 22:25:36'),
(275, 1, 1, 4, 2, 7, 0, '507', '2016-12-31 02:16:18', '2017-01-03 22:19:40'),
(276, 0, 3, 0, 0, 138, 0, '391', '2016-12-31 15:44:20', '2016-12-31 15:44:20'),
(277, 0, 3, 0, 0, 45, 0, '375', '2016-12-31 15:44:20', '2016-12-31 15:44:20'),
(278, 0, 3, 0, 0, 279, 0, '390', '2016-12-31 15:44:20', '2016-12-31 15:44:20'),
(279, 1, 1, 1, 3, 138, 0, '393', '2016-12-31 15:44:21', '2017-01-02 22:44:57'),
(280, 1, 1, 5, 14, 138, 0, '392', '2016-12-31 15:44:21', '2017-01-03 22:28:02'),
(281, 1, 1, 3, 3, 138, 0, '394', '2016-12-31 15:44:21', '2017-01-02 22:48:10'),
(282, 1, 1, 1, 6, 25, 0, '389', '2016-12-31 15:44:21', '2017-01-03 22:26:06'),
(283, 1, 1, 1, 3, 138, 0, '397', '2016-12-31 15:44:22', '2017-01-03 22:27:17'),
(284, 1, 1, 2, 14, 138, 0, '395', '2016-12-31 15:44:22', '2017-01-03 22:26:27'),
(285, 1, 1, 1, 1, 108, 0, '399', '2016-12-31 15:44:22', '2017-01-03 22:26:51'),
(286, 1, 1, 2, 15, 138, 0, '396', '2016-12-31 15:44:22', '2017-01-04 00:08:04'),
(287, 1, 1, 1, 3, 108, 0, '398', '2016-12-31 15:44:22', '2017-01-03 19:41:08'),
(288, 1, 1, 4, 15, 108, 0, '400', '2016-12-31 15:44:22', '2017-01-04 00:07:02'),
(289, 1, 1, 1, 1, 218, 0, '404', '2016-12-31 15:44:22', '2017-01-03 18:22:20'),
(290, 1, 1, 1, 7, 108, 0, '401', '2016-12-31 15:44:22', '2017-01-02 23:32:17'),
(291, 1, 1, 3, 14, 203, 0, '413', '2016-12-31 15:44:23', '2017-01-04 02:25:11'),
(292, 1, 1, 1, 7, 178, 0, '407', '2016-12-31 15:44:23', '2017-01-03 18:31:05'),
(293, 1, 1, 1, 1, 236, 0, '402', '2016-12-31 15:44:23', '2017-01-03 01:45:07'),
(294, 1, 1, 4, 3, 136, 0, '416', '2016-12-31 15:44:23', '2017-01-02 23:40:41'),
(295, 1, 1, 1, 1, 136, 0, '417', '2016-12-31 15:44:23', '2017-01-02 22:42:53'),
(296, 1, 1, 3, 14, 74, 0, '901', '2017-01-03 02:26:19', '2017-01-04 02:43:35'),
(297, 0, 3, 0, 0, 74, 0, '906', '2017-01-03 02:26:20', '2017-01-03 02:26:20'),
(298, 0, 3, 0, 0, 74, 0, '902', '2017-01-03 02:26:20', '2017-01-03 02:26:20'),
(299, 0, 3, 0, 0, 74, 0, '905', '2017-01-03 02:26:21', '2017-01-03 02:26:21'),
(300, 0, 3, 0, 0, 74, 0, '903', '2017-01-03 02:26:21', '2017-01-03 02:26:21'),
(301, 0, 3, 0, 0, 74, 0, '904', '2017-01-03 02:26:21', '2017-01-03 02:26:21'),
(302, 0, 5, 0, 0, 90, 0, '909', '2017-01-03 02:26:26', '2017-01-04 02:25:27'),
(303, 1, 1, 1, 3, 91, 0, '910', '2017-01-03 02:26:26', '2017-01-04 02:29:14'),
(304, 1, 1, 1, 8, 74, 0, '907', '2017-01-03 02:26:26', '2017-01-04 02:30:25'),
(305, 0, 5, 0, 0, 90, 0, '908', '2017-01-03 02:26:26', '2017-01-04 02:25:27'),
(306, 1, 1, 1, 3, 91, 0, '911', '2017-01-03 02:26:26', '2017-01-04 02:38:42'),
(307, 1, 1, 3, 14, 2, 0, '912', '2017-01-03 03:03:01', '2017-01-04 02:43:59'),
(308, 1, 1, 5, 2, 2, 0, '7118289', '2017-01-03 03:03:02', '2017-01-04 02:45:46'),
(309, 0, 5, 0, 0, 90, 0, '914', '2017-01-03 03:15:30', '2017-01-04 02:25:27'),
(310, 0, 5, 0, 0, 90, 0, '916', '2017-01-03 03:15:30', '2017-01-04 02:25:27'),
(311, 0, 5, 0, 0, 90, 0, '915', '2017-01-03 03:15:30', '2017-01-04 02:25:27'),
(312, 0, 5, 0, 0, 90, 0, '913', '2017-01-03 03:15:31', '2017-01-04 02:25:27'),
(313, 1, 1, 1, 1, 80, 0, '917', '2017-01-03 23:54:58', '2017-01-04 03:00:37'),
(314, 1, 1, 3, 14, 80, 0, '918', '2017-01-03 23:55:00', '2017-01-04 02:46:54'),
(315, 1, 1, 1, 3, 90, 0, '923', '2017-01-04 02:24:38', '2017-01-04 02:42:20'),
(316, 1, 1, 5, 15, 90, 0, '919', '2017-01-04 02:24:38', '2017-01-04 02:41:34'),
(317, 1, 1, 1, 1, 90, 0, '920', '2017-01-04 02:24:39', '2017-01-04 02:40:31'),
(318, 1, 1, 1, 3, 90, 0, '921', '2017-01-04 02:24:39', '2017-01-04 02:28:40'),
(319, 1, 1, 1, 3, 90, 0, '922', '2017-01-04 02:24:39', '2017-01-04 02:27:40'),
(320, 0, 5, 0, 0, 457, 0, '924', '2017-01-04 03:02:58', '2017-01-04 03:02:58'),
(321, 0, 5, 0, 0, 457, 0, '925', '2017-01-04 03:02:58', '2017-01-04 03:02:58'),
(322, 0, 5, 0, 0, 457, 0, '927', '2017-01-04 03:02:58', '2017-01-04 03:02:58'),
(323, 0, 5, 0, 0, 457, 0, '926', '2017-01-04 03:02:59', '2017-01-04 03:02:59');

-- --------------------------------------------------------

--
-- Estructura de tabla para la tabla `stock_imagen`
--

CREATE TABLE `stock_imagen` (
  `id` int(10) UNSIGNED NOT NULL,
  `stock_id` int(10) UNSIGNED NOT NULL,
  `url` varchar(255) COLLATE utf8_unicode_ci NOT NULL,
  `name` varchar(255) COLLATE utf8_unicode_ci NOT NULL,
  `type` varchar(255) COLLATE utf8_unicode_ci NOT NULL,
  `created_at` timestamp NULL DEFAULT NULL,
  `updated_at` timestamp NULL DEFAULT NULL
) ENGINE=MyISAM DEFAULT CHARSET=utf8 COLLATE=utf8_unicode_ci;

-- --------------------------------------------------------

--
-- Estructura de tabla para la tabla `stock_status`
--

CREATE TABLE `stock_status` (
  `id` int(10) UNSIGNED NOT NULL,
  `name` varchar(255) COLLATE utf8_unicode_ci NOT NULL,
  `created_at` timestamp NULL DEFAULT NULL,
  `updated_at` timestamp NULL DEFAULT NULL
) ENGINE=MyISAM DEFAULT CHARSET=utf8 COLLATE=utf8_unicode_ci;

--
-- Volcado de datos para la tabla `stock_status`
--

INSERT INTO `stock_status` (`id`, `name`, `created_at`, `updated_at`) VALUES
(1, 'alta', '2016-11-07 01:52:17', '2016-11-07 01:52:17'),
(2, 'baja', '2016-11-07 01:52:17', '2016-11-07 01:52:17'),
(3, 'pendiente_alta', '2016-11-07 01:52:17', '2016-11-07 01:52:17'),
(4, 'pendiente_baja', '2016-11-07 01:52:17', '2016-11-07 01:52:17'),
(5, 'pendiente_alta_puede_editar', '2016-11-07 01:52:17', '2016-11-07 01:52:17');

-- --------------------------------------------------------

--
-- Estructura de tabla para la tabla `subcategoria1`
--

CREATE TABLE `subcategoria1` (
  `id` int(10) UNSIGNED NOT NULL,
  `tipo` varchar(255) COLLATE utf8_unicode_ci NOT NULL,
  `created_at` timestamp NULL DEFAULT NULL,
  `updated_at` timestamp NULL DEFAULT NULL
) ENGINE=MyISAM DEFAULT CHARSET=utf8 COLLATE=utf8_unicode_ci;

--
-- Volcado de datos para la tabla `subcategoria1`
--

INSERT INTO `subcategoria1` (`id`, `tipo`, `created_at`, `updated_at`) VALUES
(1, 'Mesa', '2016-11-07 01:52:17', '2016-11-07 01:52:17'),
(2, 'Cabecera (End Cap)', '2016-11-07 01:52:17', '2016-11-07 01:52:17'),
(3, 'Pared', '2016-11-07 01:52:17', '2016-11-07 01:52:17'),
(4, 'Columna', '2016-11-07 01:52:17', '2016-11-07 01:52:17'),
(5, 'Isla', '2016-11-07 01:52:17', '2016-11-07 01:52:17'),
(6, 'Tarima', '2016-11-07 01:52:17', '2016-11-07 01:52:17'),
(7, 'Ruma', '2016-11-07 01:52:17', '2016-11-07 01:52:17'),
(8, 'Totem', '2016-11-07 01:52:17', '2016-11-07 01:52:17'),
(9, 'Canopy', '2016-11-07 01:52:17', '2016-11-07 01:52:17'),
(10, 'Modulo Doble Cara', '2016-11-07 01:52:17', '2016-11-07 01:52:17'),
(11, 'Cabecera de Columna', '2016-11-07 01:52:17', '2016-11-07 01:52:17');

-- --------------------------------------------------------

--
-- Estructura de tabla para la tabla `subcategoria2`
--

CREATE TABLE `subcategoria2` (
  `id` int(10) UNSIGNED NOT NULL,
  `tipo` varchar(255) COLLATE utf8_unicode_ci NOT NULL,
  `created_at` timestamp NULL DEFAULT NULL,
  `updated_at` timestamp NULL DEFAULT NULL
) ENGINE=MyISAM DEFAULT CHARSET=utf8 COLLATE=utf8_unicode_ci;

--
-- Volcado de datos para la tabla `subcategoria2`
--

INSERT INTO `subcategoria2` (`id`, `tipo`, `created_at`, `updated_at`) VALUES
(1, 'OLED', '2016-11-07 01:52:17', '2016-11-07 01:52:17'),
(2, 'Super Ultra HDTV', '2016-11-07 01:52:17', '2016-11-07 01:52:17'),
(3, 'Ultra HDTV', '2016-11-07 01:52:17', '2016-11-07 01:52:17'),
(4, 'Smart TV', '2016-11-07 01:52:17', '2016-11-07 01:52:17'),
(5, 'Cinema 3D', '2016-11-07 01:52:17', '2016-11-07 01:52:17'),
(6, 'Acerada', '2016-11-07 01:52:17', '2016-11-07 01:52:17'),
(7, 'Coreana', '2016-11-07 01:52:17', '2016-11-07 01:52:17'),
(8, 'Cubo', '2016-11-07 01:52:17', '2016-11-07 01:52:17'),
(9, 'Roja', '2016-11-07 01:52:17', '2016-11-07 01:52:17'),
(10, 'Chilena', '2016-11-07 01:52:17', '2016-11-07 01:52:17'),
(11, 'Twin Wash', '2016-11-07 01:52:17', '2016-11-07 01:52:17'),
(12, 'Turbo Shot', '2016-11-07 01:52:17', '2016-11-07 01:52:17'),
(13, 'SIN IMAGEN', '2017-01-02 23:14:29', '2017-01-02 23:14:29'),
(14, 'COMUNICACION  MULTIPLE', '2017-01-02 23:35:00', '2017-01-02 23:35:00'),
(15, 'SIN COMUNICACION', '2017-01-02 23:36:14', '2017-01-02 23:36:14');

-- --------------------------------------------------------

--
-- Estructura de tabla para la tabla `tienda`
--

CREATE TABLE `tienda` (
  `id` int(10) UNSIGNED NOT NULL,
  `channel_id` int(10) UNSIGNED NOT NULL,
  `direccion_ubicacion_id` int(10) UNSIGNED NOT NULL,
  `retail_id` int(10) UNSIGNED NOT NULL,
  `tipo_tienda_id` int(10) UNSIGNED NOT NULL,
  `direccion` varchar(255) COLLATE utf8_unicode_ci NOT NULL,
  `name` varchar(255) COLLATE utf8_unicode_ci NOT NULL,
  `state` varchar(255) COLLATE utf8_unicode_ci NOT NULL,
  `created_at` timestamp NULL DEFAULT NULL,
  `updated_at` timestamp NULL DEFAULT NULL
) ENGINE=MyISAM DEFAULT CHARSET=utf8 COLLATE=utf8_unicode_ci;

--
-- Volcado de datos para la tabla `tienda`
--

INSERT INTO `tienda` (`id`, `channel_id`, `direccion_ubicacion_id`, `retail_id`, `tipo_tienda_id`, `direccion`, `name`, `state`, `created_at`, `updated_at`) VALUES
(1, 1, 1, 1, 26, 'AV. ANGAMOS ESTE NRO. 1803 (TIENDA ANCLA 2) LIMA LIMA SURQUILLO', 'SAGA ANGAMOS', '0', NULL, NULL),
(2, 1, 2, 1, 17, 'AV. EJERCITO NRO. 793 AREQUIPA AREQUIPA CAYMA', 'SAGA AREQUIPA', '0', NULL, NULL),
(3, 1, 3, 1, 33, 'AV. CIRCUNVALACION NRO. 1803 (TIENDA ANCLA 3) LIMA LIMA SAN JUAN DE MIRAFLORES', 'SAGA ATOCONGO', '0', NULL, NULL),
(4, 1, 4, 1, 15, 'AV. MRCAL OSCAR R BENAVIDES NRO. 3866 URB. EL AGUILA (TIENDA 2) PROV. CONST. DEL CALLAO PROV. CONST. DEL CALLAO BELLAVISTA', 'SAGA BELLAVISTA', '0', NULL, NULL),
(5, 1, 5, 1, 25, 'JR. SOR MANUELA GIL NRO. 151 URB. SAN CARLOS CAJAMARCA CAJAMARCA CAJAMARCA ', 'SAGA CAJAMARCA', '0', NULL, NULL),
(6, 1, 6, 1, 9, 'AV. MARISCAL BENAVIDES NRO. 1000 LIMA CAÑETE SAN VICENTE DE CAÑETE ', 'SAGA CAÑETE', '0', NULL, NULL),
(7, 1, 7, 1, 17, ' Centro Civico, 1337,, Av Inca Garcilaso de la Vega, Lima 15001, Perú', 'SAGA CENTRO CIVICO', '0', NULL, NULL),
(8, 1, 8, 1, 49, 'CAL. MIGUEL DE CERVANTES NRO. 300 P.J. DIEGO FERRE LAMBAYEQUE CHICLAYO CHICLAYO', 'SAGA CHICLAYO', '0', NULL, NULL),
(9, 1, 9, 1, 3, 'AV. V. RAUL HAYA DE LA TORRE NRO. 4694 (TIENDA A03) ANCASH SANTA CHIMBOTE', 'SAGA CHIMBOTE', '0', NULL, NULL),
(10, 1, 10, 1, 4, 'AV. DOS DE MAYO (CC OPEN PLAZA) HUANUCO', 'SAGA HUANUCO', '0', NULL, NULL),
(11, 1, 11, 1, 17, 'CAL. LIMA NRO. 433 ICA ICA ICA', 'SAGA ICA', '0', NULL, NULL),
(12, 1, 12, 1, 17, 'AV. DEL EJERCITO 2584 - MORONACOCHA - IQUITOS - MAYNAS', 'SAGA IQUITOS', '0', NULL, NULL),
(13, 1, 13, 1, 30, 'AV. JAVIER PRADO ESTE NRO. 4200 INT. 3EXT URB. MONTERRICO LIMA LIMA SANTIAGO DE SURCO', 'SAGA JOCKEY PLAZA', '0', NULL, NULL),
(14, 1, 14, 1, 17, 'Jr. de la Unión 630 -Chanchamayo .  La merced', 'SAGA LA MERCED', '0', NULL, NULL),
(15, 1, 15, 1, 45, 'AV. ALFREDO MENDIOLA NRO. 1400 (CC PLAZA NORTE LIMA) LIMA LIMA INDEPENDENCIA', 'SAGA LIMA NORTE', '0', NULL, NULL),
(16, 1, 16, 1, 42, 'AV. INDUSTRIAL NRO. 3517 URB. INDUSTRIAL PNA. NORTE (N° 3515) LIMA LIMA INDEPENDENCIA', 'SAGA MEGAPLAZA', '0', NULL, NULL),
(17, 1, 17, 1, 17, 'AV. AREQUIPA NRO. 5280 LIMA LIMA MIRAFLORES', 'SAGA MIRAFLORES', '0', NULL, NULL),
(18, 1, 18, 1, 34, 'CAL. ESQ.HUANCAV.Y AREQUIPA NRO. 551 INT. 802 PIURA PIURA PIURA', 'SAGA PIURA', '0', NULL, NULL),
(19, 1, 19, 1, 11, 'AV. ANDRES AVELINO CACERES NRO. 147 URB. MIRAFLORES II (SECCION SECTOR 1B TIENDA ANCLA 3) PIURA PIURA CASTILLA', 'SAGA PIURA MALL', '0', NULL, NULL),
(20, 1, 20, 1, 39, 'AV. PORONGOCHE NRO. 502 AREQUIPA AREQUIPA PAUCARPATA', 'SAGA PORONGOCHE', '0', NULL, NULL),
(21, 1, 21, 1, 40, 'AV. CENTENARIO NRO. 2086 ANCLA 2 - DISTRITO YARINACOCHAS - PROVINCIA CORONEL PORTILLO - DPTO. UCAYALI', 'SAGA PUCALLPA', '0', NULL, NULL),
(22, 1, 22, 1, 6, 'AV. GENERAL FELIPE SALAVERRY NRO. 2370 (LC-214/215) LIMA LIMA JESUS MARIA', 'SAGA SALAVERRY', '0', NULL, NULL),
(23, 1, 23, 1, 17, 'AV. PASEO DE LA REPUBLICA 3220 - LIMA LIMA SAN ISIDRO', 'SAGA SAN ISIDRO', '0', NULL, NULL),
(24, 1, 24, 1, 20, 'AV. LA MARINA NRO. 2100 URB. URB PANDO 1 ERA ETAPA LIMA LIMA SAN MIGUEL', 'SAGA SAN MIGUEL', '0', NULL, NULL),
(25, 1, 25, 1, 60, 'AV. CARRETERA CENTRAL NRO. 111 (TIENDA TD-1) LIMA LIMA SANTA ANITA', 'SAGA SANTA ANITA', '0', NULL, NULL),
(26, 1, 26, 1, 37, 'AV. MANSICHE NRO. S/N CAS. CORTIJO LA LIBERTAD TRUJILLO TRUJILLO', 'SAGA TRUJILLO', '0', NULL, NULL),
(27, 1, 27, 1, 54, 'AV. LOS LIRIOS CON PEDRO MIOTA - SAN JUAN DE MIRAFLORES LIMA ', 'SAGA LIMA SUR', '0', NULL, NULL),
(28, 1, 28, 2, 37, 'AV. MANSICHE NRO. S/N CAS. CORTIJO (CASERIO CORTIJO) LA LIBERTAD TRUJILLO TRUJILLO', 'RIPLEY TRUJILLO', '0', NULL, NULL),
(29, 1, 29, 2, 17, 'CAL. SAN JOSE NRO. 787 LAMBAYEQUE CHICLAYO CHICLAYO', 'RIPLEY CHICLAYO', '0', NULL, NULL),
(30, 1, 30, 2, 30, 'AV. JAVIER PRADO ESTE NRO. 4200 INT. 3EXT URB. MONTERRICO LIMA LIMA SANTIAGO DE SURCO', 'RIPLEY JOCKEY PLAZA', '0', NULL, NULL),
(31, 1, 31, 2, 42, 'AV. ALFREDO MENDIOLA NRO. 3698 INT. A-01 FND. MULERIA (CENTRO COMERCIAL MEGA PLAZA) LIMA LIMA INDEPENDENCIA', 'RIPLEY LOS OLIVOS', '0', NULL, NULL),
(32, 1, 32, 2, 20, 'AV. LA MARINA NRO. 2040 (C.C. PLAZA SAN MIGUEL) LIMA LIMA SAN MIGUEL', 'RIPLEY SAN MIGUEL', '0', NULL, NULL),
(33, 1, 33, 2, 17, 'CAL. LAS BEGONIAS NRO. 577 RES. SAN ISIDRO (FRENTE A EDIFICIO BRESCIA) LIMA LIMA SAN ISIDRO', 'RIPLEY SAN ISIDRO', '0', NULL, NULL),
(34, 1, 34, 2, 17, 'AV. AUTOP.CTO GRANDRE-FLORES NRO. SN (METRO SAN JUAN DE LURIGANCHO) LIMA LIMA SAN JUAN DE LURIGANCHO', 'RIPLEY SAN JUAN', '0', NULL, NULL),
(35, 1, 35, 2, 17, 'CAL. SHELL NRO. 202 (ESQUINA CALLE SHELL Y LOS PINOS) LIMA LIMA MIRAFLORES', 'RIPLEY MIRAFLORES', '0', NULL, NULL),
(36, 1, 36, 2, 23, 'AV. PR. PASEO DE LA REPUBLICA NRO. SN (BAZAR CENTRAL DEL EJERCITO) LIMA LIMA CHORRILLOS', 'RIPLEY CHORRILLOS', '0', NULL, NULL),
(37, 1, 37, 2, 15, 'AV. MRCAL. OSCAR. R BENAVIDES NRO. 3866 URB. EL AGUILA PROV. CONST. DEL CALLAO PROV. CONST. DEL CALLAO BELLAVISTA', 'RIPLEY CALLAO', '0', NULL, NULL),
(38, 1, 38, 2, 36, 'AV. REP. DE ARGENTINA NRO. 3093 Z.I. U.IND CHALACA (C.C. MINKA) PROV. CONST. DEL CALLAO PROV. CONST. DEL CALLAO CALLAO', 'RIPLEY Minka', '0', NULL, NULL),
(39, 1, 39, 2, 29, 'AV. AVIACION Y ANGAMOS ESTE NRO. SN C.H. LIMATAMBO (C.C. PRIMAVERA PARK & PLAZA) LIMA LIMA SAN BORJA', 'RIPLEY PRIMAVERA', '0', NULL, NULL),
(40, 1, 40, 2, 17, 'AV. TUPAC AMARU NRO. 3900 (HIPERMERCADO METRO) LIMA LIMA COMAS', 'RIPLEY COMAS', '0', NULL, NULL),
(41, 1, 41, 2, 34, 'AV. AREQUIPA Y AYACUCHO NRO. SN (CC PLAYA EL SOL) PIURA PIURA PIURA', 'RIPLEY PIURA I', '0', NULL, NULL),
(42, 1, 42, 2, 39, 'AV. PORONGOCHE NRO. SN (MALL AVENTURA PLAZA AREQUIPA) AREQUIPA AREQUIPA PAUCARPATA ', 'RIPLEY AREQUIPA', '0', NULL, NULL),
(43, 1, 43, 2, 45, 'AV. ALFREDO MENDIOLA NRO. 1400 (CC PLAZA NORTE LIMA) LIMA LIMA INDEPENDENCIA', 'RIPLEY PLAZA LIMA NORTE', '0', NULL, NULL),
(44, 1, 44, 2, 3, 'RAUL HAYA DE LA TORRE  -  URB. PARQUE GRAN CHAVIN', 'RIPLEY CHIMBOTE', '0', NULL, NULL),
(45, 1, 45, 2, 60, 'CAR. CARRETERA CENTRAL NRO. 167 Z.I. ZONA INDUSTRIAL LIMA LIMA SANTA ANITA', 'RIPLEY SANTA ANITA', '0', NULL, NULL),
(46, 1, 46, 2, 63, 'AV. FERROCARRIL NRO. 1035 JUNIN HUANCAYO HUANCAYO ', 'RIPLEY HUANCAYO', '0', NULL, NULL),
(47, 1, 47, 2, 59, 'AV. JAVIER PRADO ESTE NRO. 2030 URB. SAN BORJA NORTE LIMA LIMA SAN BORJA ', 'RIPLEY SAN BORJA', '0', NULL, NULL),
(48, 1, 48, 2, 14, 'JR. H NRO. 234 Z.I. ZONA INDUSTRIAL (C.C. REAL PLAZA) PIURA PIURA PIURA', 'RIPLEY PIURAII', '0', NULL, NULL),
(49, 1, 49, 2, 10, 'AV. LOS MAESTROS NRO. 206 FND. SAN JOSE (SUB LOTE EUO A-6 A-7) ICA ICA ICA', 'RIPLEY ICA', '0', NULL, NULL),
(50, 1, 50, 2, 57, 'AV. VIA DE EVITAMIENTO NORTE LOTE. 1A (CC REAL PLAZA, ESQ PROLONGACION AYACUCHO) CAJAMARCA CAJAMARCA CAJAMARCA', 'RIPLEY CAJAMARCA', '0', NULL, NULL),
(51, 1, 51, 2, 6, 'CALLE PUNTA DEL ESTE Y AV. SALAVERRY CUADRA 24', 'RIPLEY SALAVERRY', '0', NULL, NULL),
(52, 1, 52, 2, 58, 'AV. CENTENARIO MZA. 365 LOTE. 16 (CENTRO COMERCIAL REAL PLAZA) UCAYALI - CORONEL PORTILLO - YARINACOCHA', 'RIPLEY PUCALLPA', '0', NULL, NULL),
(53, 1, 53, 2, 35, 'CAL. TUMBES NRO. 391 (MALL REAL PLAZA JULIACA) PUNO SAN ROMAN JULIACA', 'RIPLEY JULIACA', '0', NULL, NULL),
(54, 1, 54, 2, 47, 'CDRA. 7 DE LA AV. BRASIL', 'RIPLEY BREÑA', '0', NULL, NULL),
(55, 1, 55, 2, 17, 'JR. PIZARRO 691 - TRUJILLO (ALTURA DEL CRUCE DE JR. JUNÍN Y JR. PIZARRO)', 'RIPLEY ESTACION R TRUJILLO', '0', NULL, NULL),
(56, 1, 56, 2, 17, 'AV. REVOLUCIÓN 1845, VILLA EL SALVADOR', 'RIPLEY ESTACION R VILLA EL SALVADOR', '0', NULL, NULL),
(57, 1, 57, 2, 56, 'CAR. PANAMERICANA SUR KM. 97.5 MZA. SN LOTE. A PARC.RUST. LA QUERENCIA (CENTRO COMERCIAL SUR PLAZA BOULEVARD) LIMA CAÑETE MALA', 'RIPLEY ASIA', '0', NULL, NULL),
(58, 1, 58, 2, 17, 'JR. DE LA UNIÓN 704, CERCADO DE LIMA', 'RIPLEY JIRON DE LA UNION', '0', NULL, NULL),
(59, 1, 59, 3, 63, 'AV. GIRALDEZ NRO. 497 JUNIN HUANCAYO HUANCAYO', 'OECHSLE HUANCAYO REAL', '0', NULL, NULL),
(60, 1, 60, 3, 7, 'AV. SR. DE PUELLES NRO. S/N (CENTRO COMERCIAL REAL PLAZA) HUANUCO HUANUCO HUANUCO', 'OECHSLE HUANUCO', '0', NULL, NULL),
(61, 1, 61, 3, 58, 'AV. CENTENARIO NRO. 1642 (C.C. REAL PLAZA) UCAYALI CORONEL PORTILLO YARINACOCHA', 'OECHSLE PUCALLPA', '0', NULL, NULL),
(62, 1, 62, 3, 46, 'CAL. CASTILLA NRO. 370 (C.C.MEGAPLAZA) LIMA BARRANCA BARRANCA', 'OECHSLE BARRANCA', '0', NULL, NULL),
(63, 1, 63, 3, 5, 'AV. GARCILASO DE LA VEGA NRO. 1337 (CENTRO CIVICO INT 1003) LIMA LIMA LIMA', 'OECHSLE CENTRO CIVICO', '0', NULL, NULL),
(64, 1, 64, 3, 17, 'JR. UNION NRO. S/N (EQ. HUANCAVELICA) LIMA LIMA LIMA', 'OECHSLE JIRON DE LA UNION', '0', NULL, NULL),
(65, 1, 65, 3, 30, 'AV. JAVIER PRADO ESTE NRO. 4200 INT. 110- (INTERIOR 110-A5 C.C. JOCKEY PLAZA) LIMA LIMA SANTIAGO DE SURCO', 'OECHSLE JOCKEY PLAZA', '0', NULL, NULL),
(66, 1, 66, 3, 45, 'AV. ALFREDO MENDIOLA NRO. 1400 URB. PANAMERICANA NORTE (C.C. PLAZA LIMA NORTE) LIMA LIMA INDEPENDENCIA', 'OECHSLE LIMA NORTE', '0', NULL, NULL),
(67, 1, 67, 3, 29, 'AV. AVIACION ESQ. PRIMAVERA NRO. S/N (CENTRO COMERCIAL PRIMAVERA) LIMA LIMA SAN BORJA', 'OECHSLE PRIMAVERA REAL', '0', NULL, NULL),
(68, 1, 68, 3, 6, 'CALLE PUNTA DEL ESTE Y AV. SALAVERRY CUADRA 24', 'OECHSLE SALAVERRY', '0', NULL, NULL),
(69, 1, 69, 3, 59, 'CAL. A. MORELLI MZA. I-2 URB. SAN BORJA (ALTURA CDRA 20 DE AV. JAVIER PRADO) LIMA LIMA SAN BORJA ', 'OECHSLE SAN BORJA', '0', NULL, NULL),
(70, 1, 70, 3, 57, 'AV. VIA DE EVITAMIENTO NORTE LOTE. 1A (CC REAL PLAZA, ESQ PROLONGACION AYACUCHO) CAJAMARCA CAJAMARCA CAJAMARCA', 'OECHSLE CAJAMARCA', '0', NULL, NULL),
(71, 1, 71, 3, 49, 'CAL. ANDRES AVELINO CACERES NRO. 222 P.J. MURO Y DIEGO FERRE (C.C. REAL PLAZA) LAMBAYEQUE CHICLAYO CHICLAYO', 'OECHSLE CHICLAYO', '0', NULL, NULL),
(72, 1, 72, 3, 14, 'JR. H NRO. 234 Z.I. ZONA INDUSTRIAL (C.C. REAL PLAZA) PIURA PIURA PIURA', 'OECHSLE PIURA', '0', NULL, NULL),
(73, 1, 73, 3, 38, 'AV. CESAR VALLEJO NRO. 1345 URB. REAL PLAZA (C.C. REAL PLAZA) LA LIBERTAD TRUJILLO TRUJILLO', 'OECHSLE TRUJILLO REAL', '0', NULL, NULL),
(74, 1, 74, 3, 13, 'AV. EJERCITO NRO. 1009 AREQUIPA AREQUIPA CAYMA', 'OECHSLE AREQUIPA', '0', NULL, NULL),
(75, 1, 75, 3, 41, 'AV. DE LA CULTURA NRO. S/N (C.C. REAL PLAZA) CUSCO CUSCO CUSCO', 'OECHSLE CUZCO', '0', NULL, NULL),
(76, 1, 76, 3, 17, 'AV. SAN MARTIN NRO. 240 ICA ICA ICA', 'OECHSLE ICA', '0', NULL, NULL),
(77, 1, 77, 3, 35, 'JR. SAN MARTIN ESQ. TUMBES NRO. S/N (C.C. REAL PLAZA) PUNO SAN ROMAN JULIACA', 'OECHSLE JULIACA', '0', NULL, NULL),
(78, 1, 78, 3, 54, 'Av. Los Lirios con Pedro Miota - San Juan de Miraflores Lima ', 'OECHSLE LIMA SUR', '0', NULL, NULL),
(79, 1, 79, 3, 36, 'AV. ARGENTINA NRO. 3093 (CC MINKA) PROV. CONST. DEL CALLAO PROV. CONST. DEL CALLAO CALLAO', 'OECHSLE MINKA', '0', NULL, NULL),
(80, 1, 80, 4, 51, 'AVENIDA AVIACION 600, CERRO COLORADO', 'PARIS AREQUIPA', '0', NULL, NULL),
(81, 1, 81, 4, 15, 'AV. MRCAL. OSCAR. R BENAVIDES NRO. 3866 URB. EL AGUILA PROV. CONST. DEL CALLAO PROV. CONST. DEL CALLAO BELLAVISTA', 'PARIS BELLAVISTA', '0', NULL, NULL),
(82, 1, 82, 4, 47, 'CDRA. 7 DE LA AV. BRASIL', 'PARIS BRASIL', '0', NULL, NULL),
(83, 1, 83, 4, 25, 'JR. SOR MANUELA NRO. 151 URB. BARRIO PUEBLO NUEVO CAJAMARCA CAJAMARCA CAJAMARCA ', 'PARIS CAJAMARCA', '0', NULL, NULL),
(84, 1, 84, 4, 10, 'AV. LOS MAESTROS NRO. 206 FND. SAN JOSE (SUB LOTE EUO A-6 A-7) ICA ICA ICA', 'PARIS EL QUINDE ICA', '0', NULL, NULL),
(85, 1, 85, 4, 18, 'AV. LAMBRAMANI NRO. 325 (SECTOR LAMBRAMANI) AREQUIPA AREQUIPA AREQUIPA ', 'PARIS LAMBRAMANI', '0', NULL, NULL),
(86, 1, 86, 4, 42, 'AV. INDUSTRIAL NRO. 3517 URB. INDUSTRIAL PNA. NORTE (N° 3515) LIMA LIMA INDEPENDENCIA', 'PARIS MEGAPLAZA', '0', NULL, NULL),
(87, 1, 87, 4, 45, 'AV. ALFREDO MENDIOLA 1400 C.C. PLAZA NORTE INDEPENDENCIA LIMA', 'PARIS PLAZA LIMA NORTE', '0', NULL, NULL),
(88, 1, 88, 4, 37, 'AV. MANSICHE NRO. S/N CAS. CORTIJO LA LIBERTAD TRUJILLO TRUJILLO', 'PARIS TRUJILLO', '0', NULL, NULL),
(89, 1, 89, 5, 62, 'PROLON.MARISCAL BENAVIDES NRO. 1224 (C.C. MEGA PLAZA EXPRESS CHINCHA) ICA CHINCHA GROCIO PRADO', 'ESTILOS CHINCHA', '0', NULL, NULL),
(90, 1, 90, 5, 17, 'CAL. RIVERO NRO. 110 AREQUIPA AREQUIPA AREQUIPA ', 'ESTILOS DECO-HOGAR', '0', NULL, NULL),
(91, 1, 91, 5, 17, 'AV. EJERCITO  AREQUIPA AREQUIPA CAYMA', 'ESTILOS EJERCITO', '0', NULL, NULL),
(92, 1, 92, 5, 19, 'CAL. COLON NRO. 601 INT. 1 PLAZA DEL SOL NORTE CHICO LIMA HUAURA HUACHO', 'ESTILOS HUACHO', '0', NULL, NULL),
(93, 1, 93, 5, 63, 'AV. FERROCARRIL NRO. 1035 (LH-02) JUNIN HUANCAYO HUANCAYO', 'ESTILOS HUANCAYO', '0', NULL, NULL),
(94, 1, 94, 5, 50, 'AV. SAN MARTIN NRO. 727 INT. 302 (TAMB.302 ESQ.AV.SAN MARTIN Y AV.AYABACA) ICA ICA ICA ', 'ESTILOS ICA', '0', NULL, NULL),
(95, 1, 95, 5, 18, 'AV. LAMBRAMANI NRO. 325 INT. TDA2 AREQUIPA AREQUIPA AREQUIPA', 'ESTILOS LAMBRAMANI', '0', NULL, NULL),
(96, 1, 96, 5, 45, 'AV. TOMAS VALLE CON PAN. NORT NRO. S/N INT. LM3C LIMA LIMA INDEPENDENCIA', 'ESTILOS PLAZA NORTE', '0', NULL, NULL),
(97, 1, 97, 5, 17, 'AV. PORONGOCHE NRO. 512 URB. EL MORAL AREQUIPA AREQUIPA JOSE LUIS BUSTAMANTE Y RIVERO', 'ESTILOS PORONGOCHE', '0', NULL, NULL),
(98, 1, 98, 5, 17, 'CAL. SANTA INES 115 - 125 - NRO. 137 (--) LIMA LIMA ATE ', 'ESTILOS SANTA INES', '0', NULL, NULL),
(99, 1, 99, 5, 38, 'AV. CESAR VALLEJO OESTE NRO. S/N URB. REAL PLAZA (CENTRO COMERCIAL REAL TRUJILLO LT-06) LA LIBERTAD TRUJILLO TRUJILLO ', 'ESTILOS TRUJILLO', '0', NULL, NULL),
(100, 1, 100, 5, 48, 'LIMA LOTE. A-1 (SUBLT A-1 MEGA PLAZA EXPRESS VILLA SALVA) LIMA LIMA VILLA EL SALVADOR ', 'ESTILOS VILLA EL SALVADOR', '0', NULL, NULL),
(101, 1, 101, 5, 16, 'AV. LAS AMERICAS NRO. S/N (ESQ. AV. FERMIN TANGUIS) Mega Plaza Pisco - ICA PISCO PISCO', 'ESTILOS PISCO', '0', NULL, NULL),
(102, 2, 102, 6, 17, 'JR. AMAZONAS NRO. 930', 'METRO AMAZONAS', '0', NULL, NULL),
(103, 2, 103, 6, 17, 'AV. AMERICA NORTE NRO. 2091 URB. LAS QUINTANAS LA LIBERTAD TRUJILLO TRUJILLO ', 'METRO AMERICA', '0', NULL, NULL),
(104, 2, 104, 6, 17, 'CAL. LAS TIENDAS NRO. 290 (AV. ARAMBURU Y REP. DE PANAMA) LIMA LIMA SURQUILLO', 'METRO ARAMBURU', '0', NULL, NULL),
(105, 2, 105, 6, 17, 'AV. DE LOS HEROES NRO. 100 LIMA LIMA SAN JUAN DE MIRAFLORES', 'METRO ATOCONGO', '0', NULL, NULL),
(106, 2, 106, 6, 17, 'AV. JOSE BALTA NRO. 155 LAMBAYEQUE CHICLAYO CHICLAYO', 'METRO BALTA - CHICLAYO', '0', NULL, NULL),
(107, 2, 107, 6, 17, 'CAL. 9 DE DICIEMBRE NRO. S N (ESQUINA JIRON CASTILLA) LIMA BARRANCA BARRANCA', 'METRO BARRANCA', '0', NULL, NULL),
(108, 2, 108, 6, 17, 'AV. ALFONSO UGARTE ESQ.VENEZU NRO. SN (ESQ. AV.ALFONSO UGARTE Y AV. VENEZUELA) LIMA LIMA BREÑA', 'METRO BREÑA', '0', NULL, NULL),
(109, 2, 109, 6, 17, 'AV. CANADA NRO. 1110 URB. SANTA CATALINA (ESQ. AV. CANADA Y AV. NICOLAS ARRIOLA) LIMA LIMA LA VICTORIA', 'METRO CANADA', '0', NULL, NULL),
(110, 2, 110, 6, 17, 'AV. AVIACION NRO. 602 AREQUIPA AREQUIPA CERRO COLORADO', 'METRO CERRO COLORADO', '0', NULL, NULL),
(111, 2, 111, 6, 17, 'AV. NICOLAS AYLLON NRO. 965 (Y NRO : 975) LIMA LIMA CHACLACAYO', 'METRO CHACLACAYO', '0', NULL, NULL),
(112, 2, 112, 6, 23, 'PROL.PASEO DE LA REPUBLIC NRO. SN URB. MATELLINI (BAZAR CENTRAL DEL EJERCITO-URB.MATELLINI) LIMA LIMA CHORRILLOS', 'METRO CHORRILLOS', '0', NULL, NULL),
(113, 2, 113, 6, 17, 'AV. OSCAR R BENAVIDES NRO. 3002 LIMA LIMA LIMA', 'METRO COLONIAL', '0', NULL, NULL),
(114, 2, 114, 6, 17, 'AV. TUPAC AMARU NRO. 3900 LIMA LIMA COMAS', 'METRO COMAS', '0', NULL, NULL),
(115, 2, 115, 6, 8, 'C.C. PARQUE EL AGUSTINO - AV. ANCASH 2151 - LIMA LIMA EL AGUSTINO', 'METRO EL AGUSTINO', '0', NULL, NULL),
(116, 2, 116, 6, 17, 'AV. EJERCITO, YANAHUARA, PERÚ', 'METRO EL EJERCITO', '0', NULL, NULL),
(117, 2, 117, 6, 25, 'JR. SOR MANUELA NRO. 151 URB. BARRIO PUEBLO NUEVO CAJAMARCA CAJAMARCA CAJAMARCA ', 'METRO EL QUINDE', '0', NULL, NULL),
(118, 2, 118, 6, 17, 'AV. BELAUNDE NRO. 980 URB. EL RETABLO III ETAPA LIMA LIMA COMAS', 'METRO EL RETABLO', '0', NULL, NULL),
(119, 2, 119, 6, 17, 'JR. CUZCO NRO. 245 (CERCADO DE LIMA) LIMA LIMA LIMA', 'METRO EMANCIPACION', '0', NULL, NULL),
(120, 2, 120, 6, 17, 'AV. VENEZUELA NRO. 5515 LIMA LIMA SAN MIGUEL', 'METRO FAUCETT', '0', NULL, NULL),
(121, 2, 121, 6, 17, 'AV. GENERAL GARZON NRO. 1337 LIMA LIMA JESUS MARIA', 'METRO GARZON', '0', NULL, NULL),
(122, 2, 122, 6, 17, 'AV. DEFENSORES DEL MORRO NRO. 2070 (ANTES AV. PROLONG.HUAYLAS SUB-LOTE A) LIMA LIMA CHORRILLOS', 'METRO HUAYLAS', '0', NULL, NULL),
(123, 2, 123, 6, 17, 'AV. CARLOS ALBERTO YZAGUIRRE NRO. SN URB. CARRET.PANAMERICANA NORTE (PANAMERICANA NORTE Y AV. EYZAGUIRRE) LIMA LIMA INDEPENDENCIA', 'METRO INDEPENDENCIA', '0', NULL, NULL),
(124, 2, 124, 6, 17, 'AV. TUPAC AMARU CD 16 NRO. SN (COSTADO DE UNIV. INGENIERIA UNI CDRA 16) LIMA LIMA RIMAC', 'METRO INGENIERIA', '0', NULL, NULL),
(125, 2, 125, 6, 17, 'AV. LA MARINA Y PQ LAS LEYEND NRO. SN (ESQ. LA MARINA Y AV. PARQUE LAS LEYENDAS) LIMA LIMA SAN MIGUEL', 'METRO LA MARINA', '0', NULL, NULL),
(126, 2, 126, 6, 17, 'AV. LA MOLINA NRO. 1098 RES. MONTERRICO (ESQ. AV LA MOLINA Y ZARZAMORAS- J.PRADO) LIMA LIMA LA MOLINA', 'METRO LA MOLINA', '0', NULL, NULL),
(127, 2, 127, 6, 18, 'AV. LAMBRAMANI 325 AREQUIPA', 'METRO LAMBRAMANI', '0', NULL, NULL),
(128, 2, 128, 6, 29, 'AV. AVIACION Y ESQ.AV.ANGAMOS NRO. SN C.H. LIMATAMBO (CENTRO COMERCIAL LIMATAMBO) LIMA LIMA SAN BORJA', 'METRO LIMATAMBO', '0', NULL, NULL),
(129, 2, 129, 6, 10, 'AV. LOS MAESTROS NRO. 206 FND. SAN JOSE (SUB LOTE EUO A-6 A-7) ICA ICA ICA', 'METRO LOS MAESTROS', '0', NULL, NULL),
(130, 2, 130, 6, 17, 'AV. ALIPIO PONCE Y PEDRO MIOT NRO. . (INTERSEC.AV. ALIPIO PONCE Y PEDRO MIOTTA) LIMA LIMA SAN JUAN DE MIRAFLORES ', 'METRO MIOTTA', '0', NULL, NULL),
(131, 2, 131, 6, 17, 'AV. PACIFICO NRO. 272A URB. BUENOS AIRES (MZA. F LOTE 4) ANCASH SANTA NUEVO CHIMBOTE', 'METRO NUEVO CHIMBOTE', '0', NULL, NULL),
(132, 2, 132, 6, 17, 'MZA. J-1 URB. VISTA HERMOSA LA LIBERTAD TRUJILLO TRUJILLO', 'METRO OVALO PAPAL', '0', NULL, NULL),
(133, 2, 133, 6, 17, 'AV. GREGORIO ESCOBEDO NRO. 1040 CENTRO COMERCIAL (ESQ.AV. PERSHING Y GREGORIO ESCOBEDO) LIMA LIMA JESUS MARIA', 'METRO PERSHING', '0', NULL, NULL),
(134, 2, 134, 6, 1, 'AV. GRAU NRO. 1460 PIURA PIURA PIURA', 'METRO PLAZA LA LUNA', '0', NULL, NULL),
(135, 2, 135, 6, 45, 'AV. TOMAS VALLE Y PAN. NORTE NRO. S/N LIMA LIMA INDEPENDENCIA', 'METRO PLAZA LIMA NORTE', '0', NULL, NULL),
(136, 2, 136, 6, 17, 'AV. PROCERES DE LA INDEPENDENCIA CDRA 32 PARADA .8 CANTO REY SJL . ', 'METRO PROCERES', '0', NULL, NULL),
(137, 2, 137, 6, 17, 'AV. NICOLAS AYLLON NRO. 4297 LIMA LIMA ATE ', 'METRO PURUCHUCO', '0', NULL, NULL),
(138, 2, 138, 6, 17, 'AV. PROCERES DE LA INDEPEND. NRO. CD16 URB. LAS FLORES LIMA LIMA SAN JUAN DE LURIGANCHO', 'METRO SAN JUAN DE LURIGANCHO', '0', NULL, NULL),
(139, 2, 139, 6, 17, 'AV. JUAN TOMIS STACK NRO. 255 LAMBAYEQUE CHICLAYO CHICLAYO', 'METRO SANTA ELENA', '0', NULL, NULL),
(140, 2, 140, 6, 17, 'AV. NESTOR GAMBETA S/N', 'METRO VENTANILLA', '0', NULL, NULL),
(141, 2, 141, 6, 17, 'AV. MIGUEL GRAU NRO. 610 P.J. SAN MARTIN LAMBAYEQUE CHICLAYO CHICLAYO', 'METRO GRAU', '0', NULL, NULL),
(142, 2, 142, 6, 17, 'CAL. BARTOLOME HERRERA CDRA. 1 NRO. S/N INT. T122 (C.C. ARENALES TDA. 122-50) LIMA LIMA LINCE', 'METRO ARENALES', '0', NULL, NULL),
(143, 2, 143, 6, 17, 'AV. CUTERVO ESTE NRO. 124 INT. 128 LOTE. A1 (--) ICA ICA ICA', 'METRO CUTERVO', '0', NULL, NULL),
(144, 2, 144, 6, 17, 'AV. SUCRE NRO. 550 C.COMERCIAL COLMENARES (CENTRO COMERCIAL COLMENARES) LIMA LIMA PUEBLO LIBRE (MAGDALENA VIEJA)', 'METRO SUCRE', '0', NULL, NULL),
(145, 2, 145, 6, 17, 'PLAZA RAMÓN CASTILLA - CERCADO DE LIMA', 'METRO PLAZA CASTILLA', '0', NULL, NULL),
(146, 2, 146, 6, 17, 'AV. SAMUEL ALCAZAR NRO. 600 C.COMERCIAL ALCAZAR (CENTRO COMERCIAL ALCAZAR) LIMA LIMA RIMAC', 'METRO ALCAZAR', '0', NULL, NULL),
(147, 2, 147, 6, 17, 'AV. PASEO DE LA REPUBLICA NRO. 3440 RES. CENTRO COMERCIAL (CENTRO COMERCIAL SAN ISIDRO) LIMA LIMA SAN ISIDRO', 'METRO CORPAC', '0', NULL, NULL),
(148, 2, 148, 6, 17, 'AV. TOMAS VALLE MZA. R1 INT. E LOTE. 01 URB. ALBINO HERRERA (SECTOR 3 2DA ETAPA) PROV. CONST. DEL CALLAO PROV. CONST. DEL CALLAO CALLAO', 'METRO ANGELICA GAMARRA', '0', NULL, NULL),
(149, 2, 149, 6, 17, 'AV. OSCAR R. BENAVIDES NRO. 1608 PROV. CONST. DEL CALLAO PROV. CONST. DEL CALLAO BELLAVISTA', 'METRO BELLAVISTA', '0', NULL, NULL),
(150, 2, 150, 6, 17, 'AV. M.CAPAC ESQ. BAUZATE MEZA NRO. 493 (MANCO CAPAC 493 -495 ESQ CON 411 AL 415) LIMA LIMA LA VICTORIA', 'METRO ARZOBISPO', '0', NULL, NULL),
(151, 2, 151, 6, 61, 'BL. CENT COMERCIAL SAN FELIPE NRO. S N INT. 67C RES. SAN FELIPE (ALTURA CDRA. 6 AV.GREGORIO ESCOBEDO) LIMA LIMA JESUS MARIA', 'METRO SAN FELIPE', '0', NULL, NULL),
(152, 2, 152, 6, 17, 'AV. GRAU NRO. 513 LIMA LIMA BARRANCO', 'METRO MERCADO BARRANCO', '0', NULL, NULL),
(153, 2, 153, 6, 17, 'JR. FRANCISCO LUNA PIZARRO NRO. 1550 LIMA LIMA LA VICTORIA', 'METRO FURUKAWA', '0', NULL, NULL),
(154, 2, 154, 6, 17, 'AV. DE LOS HEROES MZA. Z LOTE. 16 (ESQUINA JIRON LOS ALMENDROS) LIMA LIMA SAN JUAN DE MIRAFLORES', 'METRO LA TRIPA', '0', NULL, NULL),
(155, 2, 155, 6, 17, 'OVALO BALTA N° 1198 - 1102, BARRANCO', 'METRO OVALO BALTA', '0', NULL, NULL),
(156, 2, 156, 6, 17, 'JR. TRUJILLO NRO. 418 LIMA LIMA RIMAC', 'METRO PERRICHOLI', '0', NULL, NULL),
(157, 2, 157, 6, 17, 'AV. ARICA NRO. 581 (ESQ. CON JR R OQUENDO) LIMA LIMA BREÑA', 'METRO MARTINTO', '0', NULL, NULL),
(158, 2, 158, 6, 17, 'AV. BENAVIDES CDRA. 52 ESQ. CON LOS ARTESANOS', 'WONG ALDAVA', '0', NULL, NULL),
(159, 2, 159, 6, 17, 'AV. LA MOLINA NRO. 374 LIMA LIMA ATE', 'WONG ATE', '0', NULL, NULL),
(160, 2, 160, 6, 17, 'JUAN DE LURIGANCHO EN LIMA', 'WONG AURORA', '0', NULL, NULL),
(161, 2, 161, 6, 17, 'MLC. MLCN BALTA NRO. 626 (OVALO BALTA) LIMA LIMA MIRAFLORES', 'WONG BALTA', '0', NULL, NULL),
(162, 2, 162, 6, 17, 'ESQ. AV. BENAVIDES Y AV. REPUBLICA DE PANAMÁ', 'WONG BENAVIDES', '0', NULL, NULL),
(163, 2, 163, 6, 2, 'AV. JAVIER PRADO ESTE CDRA. 50 - CC. CAMACHO', 'WONG CAMACHO', '0', NULL, NULL),
(164, 2, 164, 6, 17, 'CALLE MONTE BELLO 150 URB. CHACARILLA', 'WONG CHACARILLA', '0', NULL, NULL),
(165, 2, 165, 6, 17, 'AV. DOS DE MAYO 1099 SAN ISIDRO', 'WONG DOS DE MAYO', '0', NULL, NULL),
(166, 2, 166, 6, 17, 'LAS RETAMAS 190 URB. LOS SIRIUS', 'WONG LA MOLINA', '0', NULL, NULL),
(167, 2, 167, 6, 17, 'ESQ. AV. ELIAS APARICIO Y CALLE TAHITI - LA PLANICIE', 'WONG LA PLANICIE', '0', NULL, NULL),
(168, 2, 168, 6, 17, 'CALLE UCELLO 162', 'WONG SAN BORJA', '0', NULL, NULL),
(169, 2, 169, 6, 20, 'ESQ. AV. LA MARINA Y AV. UNIVERSITARIA C.C. PLAZA SAN MIGUEL', 'WONG SAN MIGUEL', '0', NULL, NULL),
(170, 2, 170, 6, 17, 'AV. SANTIAGO DE SURCO NRO. 4647 LOTE. 1 URB. PRLONG. BENAVIDES (MZA. B3 ANTES TOMAS MARZANO) LIMA LIMA SANTIAGO DE SURCO', 'WONG TOMAS MARSANO', '0', NULL, NULL),
(171, 2, 171, 6, 17, 'VICTOR LARCO HERRERA 857, TRUJILLO, PERÚ', 'WONG LARCO', '0', NULL, NULL),
(172, 2, 172, 6, 17, '771 AV. SANTA CRUZ - OVALO GUT - MIRAFLORES', 'WONG OVALO GUTIERREZ', '0', NULL, NULL),
(173, 2, 173, 6, 56, 'BOULEVARD ASIA KM. 97.5 PANAMERICANA SUR', 'WONG ASIA', '0', NULL, NULL),
(174, 2, 174, 6, 18, 'AV. LAMBRAMANI NRO. 325 (SECTOR LAMBRAMANI) AREQUIPA AREQUIPA AREQUIPA ', 'WONG LAMBRAMANI', '0', NULL, NULL),
(175, 2, 175, 7, 17, 'JR. MARAÑON NRO. 601 (601 AL 683,CALLE FAU.CASTAÑEDA 116-150) LIMA LIMA RIMAC ', 'PLAZA VEA ACHO', '0', NULL, NULL),
(176, 2, 176, 7, 17, 'ALM. ALFONSO UGARTE NRO. S/N (ESQ. AV. DEL PROGRESO) LIMA LIMA LIMA', 'PLAZA VEA ALFONSO UGARTE', '0', NULL, NULL),
(177, 2, 177, 7, 17, 'AV. LA MARINA NRO. 300 AREQUIPA AREQUIPA AREQUIPA ', 'PLAZA VEA AREQUIPA', '0', NULL, NULL),
(178, 2, 178, 7, 17, 'AV. NICOLAS DE AYLLON NRO. S/N (ESQUINA AV.N.AYLLON Y AV. LA MAR) LIMA LIMA ATE', 'PLAZA VEA ATE', '0', NULL, NULL),
(179, 2, 179, 7, 17, 'CAL. REAL MZA. L LOTE. 13 URB. SAN ANTONIO DE PADUA JUNIN HUANCAYO EL TAMBO', 'PLAZA VEA BARRANCA', '0', NULL, NULL),
(180, 2, 180, 7, 17, 'AV. BRASIL NRO. 1599 (ESQUINA AV HUSARES DE JUNIN) LIMA LIMA JESUS MARIA', 'PLAZA VEA BRASIL', '0', NULL, NULL),
(181, 2, 181, 7, 57, 'AV. EVITAMIENTO NORTE LOTE 1 S/N', 'PLAZA VEA CAJAMARCA', '0', NULL, NULL),
(182, 2, 182, 7, 17, 'AV. SAENZ PEÑA NRO. 1250 PROV. CONST. DEL CALLAO PROV. CONST. DEL CALLAO BELLAVISTA', 'PLAZA VEA CALLAO', '0', NULL, NULL),
(183, 2, 183, 7, 5, 'AV. GARCILAZO DE LA VEGA NRO. S N (FRENTE AV. BOLIVIA Y AV. ESPAÑA) LIMA LIMA LIMA', 'PLAZA VEA CENTRO CIVICO', '0', NULL, NULL),
(184, 2, 184, 7, 17, 'CAR. CARRETERA CENTRAL KM. 6 (MZ M LOTE 2A, CARRET.CENTRAL ATE-VITARTE) LIMA LIMA ATE', 'PLAZA VEA CERES', '0', NULL, NULL),
(185, 2, 185, 7, 49, 'AV. MIGUEL DE CERVANTES NRO. S N (C.COMERCIAL REAL PLAZA CHICLAYO LC-09) LAMBAYEQUE CHICLAYO CHICLAYO', 'PLAZA VEA CHICLAYO', '0', NULL, NULL),
(186, 2, 186, 7, 17, 'ESQ. ENRIQUE MEIGGS CON JR. TUMBES S/N ( REFERENCIA FRENTE A PLAZA GRAU U HOTEL ANCASH', 'PLAZA VEA CHIMBOTE', '0', NULL, NULL),
(187, 2, 187, 7, 17, 'CAL. OSCAR R. BENAVIDES NRO. S/N (SECTOR PIEDRA LA ESTRELLA) ICA CHINCHA CHINCHA ALTA', 'PLAZA VEA CHINCHA', '0', NULL, NULL),
(188, 2, 188, 7, 17, 'AV. OSCAR R. BENAVIDES NRO. 4921 (--) PROV. CONST. DEL CALLAO PROV. CONST. DEL CALLAO CALLAO', 'PLAZA VEA COLONIAL', '0', NULL, NULL),
(189, 2, 189, 7, 17, 'AV. TUPAC AMARU NRO. 3860 (N° 3874) LIMA LIMA COMAS', 'PLAZA VEA COMAS', '0', NULL, NULL),
(190, 2, 190, 7, 17, 'AV. DE LA CULTURA  S/N', 'PLAZA VEA CUSCO ARZOBISPO', '0', NULL, NULL),
(191, 2, 191, 7, 17, 'AV. DE LA CULTURA NRO. S/N LOTE. 4 (PREDIO VERSALLES DEL CARMEN) CUSCO CUSCO SAN JERONIMO', 'PLAZA VEA CUSCO SAN JERONIMO', '0', NULL, NULL),
(192, 2, 192, 7, 17, 'CRUCE AV .MAGNOLIAS CON AV. JOSÉ CARLOS MARIATÉGUI', 'PLAZA VEA EL AGUSTINO', '0', NULL, NULL),
(193, 2, 193, 7, 17, 'AV. AVIACION NRO. 5150 URB. RESIDENCIAL HIGUERETA (TDA B) LIMA LIMA SANTIAGO DE SURCO', 'PLAZA VEA HIGUERETA', '0', NULL, NULL),
(194, 2, 194, 7, 19, 'AV. 9 DE OCTUBRE NRO. 364 (N.374) LIMA HUAURA HUACHO', 'PLAZA VEA HUACHO', '0', NULL, NULL),
(195, 2, 195, 7, 63, 'AV. FERROCARRIL NRO. 1021 (TAMBIEN 1035, 1057) JUNIN HUANCAYO HUANCAYO', 'PLAZA VEA HUANCAYO', '0', NULL, NULL),
(196, 2, 196, 7, 7, 'JR. INDEPENDENCIA NRO. S/N URB. LAS MORAS (CUADRAS 16 Y 17 DE JR INDEPENCIA) HUANUCO HUANUCO HUANUCO', 'PLAZA VEA HUANUCO', '0', NULL, NULL),
(197, 2, 197, 7, 17, 'MZA. F LOTE. 2 URB. EL ROSARIO (ZONA A) LIMA HUARAL HUARAL ', 'PLAZA VEA HUARAL', '0', NULL, NULL),
(198, 2, 198, 7, 17, 'AV. AYABACA NRO. 1180 FND. SAN JOSE (AV. LOS MAESTROS 231-235) ICA ICA ICA', 'PLAZA VEA ICA', '0', NULL, NULL),
(199, 2, 199, 7, 17, 'AV. CARLOS IZAGUIRRE NRO. 284 (URB. HABITAC. PANAM. NORTE MZA. A LOTE 2) LIMA LIMA INDEPENDENCIA', 'PLAZA VEA IZAGUIRRE', '0', NULL, NULL),
(200, 2, 200, 7, 30, 'AV. JAVIER PRADO ESTE NRO. 4200 INT. 3EXT URB. MONTERRICO LIMA LIMA SANTIAGO DE SURCO', 'PLAZA VEA JOCKEY PLAZA', '0', NULL, NULL),
(201, 2, 201, 7, 35, 'CAL. TUMBES NRO. SN (CRUCE CON CALLE SAN MARTIN) PUNO SAN ROMAN JULIACA', 'PLAZA VEA JULIACA', '0', NULL, NULL),
(202, 2, 202, 7, 17, 'AV. TOMAS MARSANO 5000 - SURCO', 'PLAZA VEA LA BOLICHERA', '0', NULL, NULL),
(203, 2, 203, 7, 17, 'AV. RAUL FERRERO R NRO. 1205 URB. EL REMANSO DE LA MOLINA (LOTE 1) LIMA LIMA LA MOLINA', 'PLAZA VEA LA MOLINA', '0', NULL, NULL),
(204, 2, 204, 7, 17, 'CAL. ANTIGUA PANAMERICANA SUR NRO. S N URB. SAN VICENTE (PARCELA B-43) LIMA LIMA LURIN', 'PLAZA VEA LURIN', '0', NULL, NULL),
(205, 2, 205, 7, 16, 'AV. LAS AMERICAS NRO. S/N (ESQ. AV. FERMIN TANGUIS) ICA PISCO PISCO', 'PLAZA VEA PISCO', '0', NULL, NULL),
(206, 2, 206, 7, 14, 'ESQ.AV.VICE CON SANCHEZ CERRO S/N', 'PLAZA VEA PIURA', '0', NULL, NULL),
(207, 2, 207, 7, 17, 'AV. ANGAMOS ESTE NRO. 2337 (2343) LIMA LIMA SAN BORJA', 'PLAZA VEA PRIMAVERA', '0', NULL, NULL),
(208, 2, 208, 7, 58, 'AV. CENTENARIO NRO. 365 LOTE. 16 UCAYALI CORONEL PORTILLO YARINACOCHA', 'PLAZA VEA  PUCALLPA', '0', NULL, NULL),
(209, 2, 209, 7, 17, 'CAL. SAN LORENZO MZA. A LOTE. 01B URB. LAS VEGAS LIMA LIMA PUENTE PIEDRA', 'PLAZA VEA PUENTE PIEDRA', '0', NULL, NULL),
(210, 2, 210, 7, 17, 'JR. LOS INCAS NRO. S/N (ESTACION FERROVIARIA DE PUNO) PUNO PUNO PUNO', 'PLAZA VEA PUNO', '0', NULL, NULL),
(211, 2, 211, 7, 22, 'ZONA INDUSTRIAL MUNI. CARRET.PANAM.NORTE ESQ.CARRET. SULLANA- NO 2- TAMBO GRANDE', 'PLAZA VEA REAL PLAZA SULLANA', '0', NULL, NULL),
(212, 2, 212, 7, 17, 'AV. ALCAZAR NRO. 620 (CALLE LAS CALEZAS 180) LIMA LIMA RIMAC', 'PLAZA VEA RIMAC ALCAZAR', '0', NULL, NULL),
(213, 2, 213, 7, 17, 'AV. AREQUIPA NRO. 2250 LIMA LIMA LINCE', 'PLAZA VEA RISSO', '0', NULL, NULL),
(214, 2, 214, 7, 6, 'CALLE PUNTA DEL ESTE Y AV. SALAVERRY CUADRA 24', 'PLAZA VEA SALAVERRY', '0', NULL, NULL),
(215, 2, 215, 7, 59, 'AV. JAVIER PRADO NRO. 2060 LIMA LIMA SAN BORJA', 'PLAZA VEA SAN BORJA', '0', NULL, NULL),
(216, 2, 216, 7, 17, 'AV. PASEO DE LA REPUBLICA NRO. 3440 RES. CENTRO COMERCIAL (CENTRO COMERCIAL SAN ISIDRO) LIMA LIMA SAN ISIDRO', 'PLAZA VEA SAN ISIDRO', '0', NULL, NULL),
(217, 2, 217, 7, 17, 'NRO. S/N URB. QUINTA SAN FERNANDO (UNIDAD 44-C) LIMA LIMA SAN JUAN DE LURIGANCHO', 'PLAZA VEA SAN JUAN DE LURIGANCHO', '0', NULL, NULL),
(218, 2, 218, 7, 52, 'LOTE. 99-B FND. LA ESTRELLA (FRENTE A CARRETERA CHOSICA) LIMA LIMA ATE', 'PLAZA VEA SANTA CLARA', '0', NULL, NULL),
(219, 2, 219, 7, 17, 'CAL. LA MAR NRO. 154 PIURA SULLANA SULLANA ', 'PLAZA VEA SULLANA', '0', NULL, NULL),
(220, 2, 220, 7, 17, 'NRO. S/N PARCELA 9 (SECTOR PAGO SILPAY PARCELA 3658005) TACNA TACNA TACNA', 'PLAZA VEA TACNA', '0', NULL, NULL),
(221, 2, 221, 7, 38, 'MZA. S/N LOTE. A FND. LAS CASUARINAS (PREDIO A CRUCE AV C VALLEJO Y AV FATIMA) LA LIBERTAD TRUJILLO TRUJILLO', 'PLAZA VEA TRUJILLO', '0', NULL, NULL),
(222, 2, 222, 7, 17, 'NRO. S/N Z.I. CIUDAD SAT. DE VENTANILLA (CIUDAD SATELITE DE VENTANILLA) PROV. CONST. DEL CALLAO PROV. CONST. DEL CALLAO VENTANILLA', 'PLAZA VEA VENTANILLA', '0', NULL, NULL),
(223, 2, 223, 7, 17, 'MZA. B LOTE. 23 URB. PARCELACION RUSTIC ZARATE LIMA LIMA SAN JUAN DE LURIGANCHO', 'PLAZA VEA ZARATE', '0', NULL, NULL),
(224, 2, 224, 7, 17, 'JUAN PABLO FERNANDINI 754 - BREÑA', 'PLAZA VEA BREÑA', '0', NULL, NULL),
(225, 2, 225, 7, 17, 'AV. LIMA SUR NRO. 930 URB. FUNDO MOYOPAMPA (N.970) LIMA LIMA LURIGANCHO', 'PLAZA VEA CHOSICA', '0', NULL, NULL),
(226, 2, 226, 7, 17, 'AV. REPUBLICA DE PANAMA NRO. 515 URB. SAN LUIS LIMA LIMA BARRANCO', 'PLAZA VEA CORTIJO', '0', NULL, NULL),
(227, 2, 227, 7, 17, 'AV PESQUEDA CON AV PROLONGACION UNION', 'PLAZA VEA EL CHACARERO', '0', NULL, NULL),
(228, 2, 228, 7, 17, 'AVENIDA MEXICO 2450 LA VICTORIA', 'PLAZA VEA GRIFO MEXICO', '0', NULL, NULL),
(229, 2, 229, 7, 17, 'AV. GUARDIA CIVIL NRO. 927 URB. LA CAMPIÑA LIMA LIMA CHORRILLOS', 'PLAZA VEA GUARDIA CIVIL', '0', NULL, NULL),
(230, 2, 230, 7, 24, 'AV. MESONES DEL MURO - JAEN', 'PLAZA VEA JAEN', '0', NULL, NULL),
(231, 2, 231, 7, 17, 'AV. ANTUNES DE MAYOLO NRO. 961 URB. MERCURIO I ETAPA LIMA LIMA LOS OLIVOS', 'PLAZA VEA LOS OLIVOS', '0', NULL, NULL),
(232, 2, 232, 7, 17, 'AV. AREQUIPA NRO. 4651 MIRAFLORES LIMA LIMA MIRAFLORES', 'PLAZA VEA MIRAFLORES', '0', NULL, NULL),
(233, 2, 233, 7, 17, 'AV. CIRCUNVALACIÓN LOTE 1B SU LTE - MOQUEGUA', 'PLAZA VEA MOQUEGUA', '0', NULL, NULL),
(234, 2, 234, 7, 17, 'AV. PANAMERICANA NORTE KM 427 NUEVO CHIMBOTE ', 'PLAZA VEA NUEVO CHIMBOTE', '0', NULL, NULL),
(235, 2, 235, 7, 17, 'AV. ALMIRANTE MIGUEL GRAU N° 514 - PAITA ', 'PLAZA VEA PAITA', '0', NULL, NULL),
(236, 2, 236, 7, 28, 'AV. ALFREDO MENDIOLA MZA. KM21 LOTE. 7008 (CONO NORTE) LIMA LIMA SAN MARTIN DE PORRES', 'PLAZA VEA PRO', '0', NULL, NULL),
(237, 2, 237, 7, 17, 'CAL. MARISCAL CASTILLA NRO. S/N TERRENO URBANO TALARA (PARQ. NRO:78 C.CIVICO TALARA) PIURA TALARA PARIÑAS', 'PLAZA VEA TALARA', '0', NULL, NULL),
(238, 2, 238, 7, 17, 'CAMAL GARAY MZ I LOTE 4 LOS OLIVOS', 'PLAZA VEA UNIVERSITARIA', '0', NULL, NULL),
(239, 2, 239, 7, 17, 'AV JACARANDA 890', 'PLAZA VEA VALLE HERMOSO', '0', NULL, NULL),
(240, 2, 240, 7, 17, 'AV. LA MOLINA NRO. 1080 LIMA LIMA LA MOLINA', 'PLAZA VEA SAN JORGE', '0', NULL, NULL),
(241, 2, 241, 7, 13, 'AV. EJERCITO NRO. 1009 AREQUIPA AREQUIPA CAYMA', 'PLAZA VEA EL EJERCITO AREQUIPA', '0', NULL, NULL),
(242, 2, 242, 7, 27, 'AV. GRAU NRO. 555 (OVALO GRAU) PIURA PIURA PIURA ', 'PLAZA VEA MULTIPLAZA PIURA', '0', NULL, NULL),
(243, 2, 243, 8, 26, 'AV. ANGAMOS ESTE NRO. 1803 (TIENDA ANCLA 3) LIMA LIMA SURQUILLO', 'TOTTUS ANGAMOS', '0', NULL, NULL),
(244, 2, 244, 8, 33, 'AV. CIRCUNVALACION NRO. 1803 (TIENDA ANCLA NRO. 2) LIMA LIMA SAN JUAN DE MIRAFLORES', 'TOTTUS ATOCONGO', '0', NULL, NULL),
(245, 2, 245, 8, 17, 'AV. CANTA CALLAO NRO. 3005 LIMA LIMA SAN MARTIN DE PORRES.', 'TOTTUS AVENIDA CENTRAL', '0', NULL, NULL),
(246, 2, 246, 8, 15, 'AV. OSCAR R. BENAVIDES NRO. 3866 (SM 1) PROV. CONST. DEL CALLAO PROV. CONST. DEL CALLAO BELLAVISTA', 'TOTTUS BELLAVISTA', '0', NULL, NULL),
(247, 2, 247, 8, 44, 'VIA DE EVITAMIENTO NORTE S/N', 'TOTTUS CAJAMARCA', '0', NULL, NULL),
(248, 2, 248, 8, 32, 'CAR. CANTA CALLAO NRO. 378 (INGRESO Y SALIDA PEATONAL N 2) PROV. CONST. DEL CALLAO PROV. CONST. DEL CALLAO CALLAO', 'TOTTUS CANTA CALLAO', '0', NULL, NULL),
(249, 2, 249, 8, 9, 'AV. MARISCAL BENAVIDES NRO. 1000 LIMA CAÑETE SAN VICENTE DE CAÑETE', 'TOTTUS CAÑETE', '0', NULL, NULL),
(250, 2, 250, 8, 31, 'CAR. PANAMERICANA NRO. 715 (715-721) LA LIBERTAD CHEPEN CHEPEN', 'TOTTUS CHEPEN', '0', NULL, NULL),
(251, 2, 251, 8, 53, 'AV. VICTOR R.HAYA DE LA TORRE NRO. 150 URB. SAN EDUARDO (150 Y 250) LAMBAYEQUE CHICLAYO CHICLAYO', 'TOTTUS CHICLAYO 1', '0', NULL, NULL),
(252, 2, 252, 8, 17, 'AV. LUIS GONZALES NRO. 881 LAMBAYEQUE CHICLAYO CHICLAYO ', 'TOTTUS CHICLAYO SAN JOSÉ', '0', NULL, NULL),
(253, 2, 253, 8, 3, 'AV. PANAMERICANA NORTE NRO. 505 (MZA. B LOTE 1A-1-A2) ANCASH SANTA CHIMBOTE ', 'TOTTUS CHIMBOTE', '0', NULL, NULL),
(254, 2, 254, 8, 17, 'AV. LUIS MASSARO NRO. 201 (--) ICA CHINCHA CHINCHA ALTA', 'TOTTUS CHINCHA', '0', NULL, NULL),
(255, 2, 255, 8, 17, 'AV MOORE 215, HUACHO, PERÚ', 'TOTTUS HUACHO', '0', NULL, NULL),
(256, 2, 256, 8, 4, 'AV. DOS DE MAYO (CC OPEN PLAZA) HUANUCO', 'TOTTUS HUANUCO', '0', NULL, NULL),
(257, 2, 257, 8, 17, ' AV. LOS NATURALES N° 814 - HUARAL', 'TOTTUS HUARAL', '0', NULL, NULL),
(258, 2, 258, 8, 17, 'AV. LOS INCAS 0205', 'TOTTUS HUAYCAN', '0', NULL, NULL),
(259, 2, 259, 8, 17, 'AV. DEFENSORES DEL MORRO NRO. 1350 LIMA LIMA CHORRILLOS', 'TOTTUS HUAYLAS', '0', NULL, NULL),
(260, 2, 260, 8, 50, 'AV. SAN MARTIN NRO. 763 ICA ICA ICA', 'TOTTUS ICA', '0', NULL, NULL),
(261, 2, 261, 8, 30, 'AV. JAVIER PRADO ESTE NRO. 4200 INT. 3EXT URB. MONTERRICO LIMA LIMA SANTIAGO DE SURCO', 'TOTTUS JOCKEY PLAZA', '0', NULL, NULL),
(262, 2, 262, 8, 55, 'AV. LA MARINA NRO. 2355 URB. MARANGA 1RA ETAPA-ANCLA2 LIMA LIMA SAN MIGUEL', 'TOTTUS LA MARINA', '0', NULL, NULL),
(263, 2, 263, 8, 17, 'AV. ANCASH NRO. 2479 LIMA LIMA EL AGUSTINO', 'TOTTUS LA POLVORA', '0', NULL, NULL),
(264, 2, 264, 8, 17, 'CAL. LAS BEGONIAS NRO. 785 LIMA LIMA SAN ISIDRO', 'TOTTUS LAS BEGONIAS', '0', NULL, NULL),
(265, 2, 265, 8, 17, 'AV. SAENZ PEÑA NRO. 1771 LAMBAYEQUE CHICLAYO CHICLAYO ', 'TOTTUS LEGUIA', '0', NULL, NULL),
(266, 2, 266, 8, 17, 'AV. COLONIAL NRO. 1291 CERCADO LIMA LIMA LIMA ', 'TOTTUS LIMA CENTRO', '0', NULL, NULL),
(267, 2, 267, 8, 54, 'AV. LOS LIRIOS CON PEDRO MIOTA - SAN JUAN DE MIRAFLORES LIMA ', 'TOTTUS LIMA SUR', '0', NULL, NULL),
(268, 2, 268, 8, 17, 'AV. ALFREDO MENDIOLA NRO. 5810 URB. INFANTAS LIMA LIMA LOS OLIVOS', 'TOTTUS LOS OLIVOS', '0', NULL, NULL),
(269, 2, 269, 8, 42, 'AV. ALFREDO MENDIOLA NRO. 3698 INT. A02 CC MEGAPLAZA LIMA LIMA INDEPENDENCIA', 'TOTTUS MEGAPLAZA', '0', NULL, NULL),
(270, 2, 270, 8, 17, 'AV. GONZALO UGAS SALCEDO NRO. 23 SECTOR SAN ANDRES LA LIBERTAD PACASMAYO PACASMAYO ', 'TOTTUS PACASMAYO', '0', NULL, NULL),
(271, 2, 271, 8, 17, 'AV. PROLONGACIÓN PACHACUTEC NRO. 6321 (TABLADA DE LURIN ZONA 4) LIMA LIMA VILLA MARIA DEL TRIUNFO', 'TOTTUS PACHACUTEC', '0', NULL, NULL),
(272, 2, 272, 8, 11, 'AV. ANDRES AVELINO CACERES NRO. 147 URB. MIRAFLORES II (TIENDA ANCLA 2 SECCION SECTOR 1B) PIURA PIURA CASTILLA', 'TOTTUS PIURA', '0', NULL, NULL),
(273, 2, 273, 8, 39, 'AV. PORONGOCHE NRO. 500 (---) AREQUIPA AREQUIPA PAUCARPATA', 'TOTTUS PORONGOCHE', '0', NULL, NULL),
(274, 2, 274, 8, 40, 'AV. CENTENARIO NRO. 2086 - DISTRITO YARINACOCHAS - PROVINCIA CORONEL PORTILLO - DPTO. UCAYALI', 'TOTTUS PUCALLPA', '0', NULL, NULL),
(275, 2, 275, 8, 17, 'AV. PUENTE PIEDRA SUR NRO. 322 (ALT. KM. 30 CARRETERA PANAM. NORTE) LIMA LIMA PUENTE PIEDRA', 'TOTTUS PUENTE PIEDRA', '0', NULL, NULL),
(276, 2, 276, 8, 17, 'AV. LIMA NRO. 4208 URB. BOCANEGRA PROV. CONST. DEL CALLAO PROV. CONST. DEL CALLAO CALLAO ', 'TOTTUS QUILCA', '0', NULL, NULL),
(277, 2, 277, 8, 17, 'CAL. CASTILLA NRO. 496 PROV. CONST. DEL CALLAO PROV. CONST. DEL CALLAO CALLAO', 'TOTTUS SAENZ PEÑA', '0', NULL, NULL),
(278, 2, 278, 8, 17, 'AV. SAN HILARION ESTE NRO. 150 URB. SAN HILARION (NUMERACION 150-180) LIMA LIMA SAN JUAN DE LURIGANCHO', 'TOTTUS SAN HILARION', '0', NULL, NULL),
(279, 2, 279, 8, 60, 'CAR. CARRETERA CENTRAL NRO. 135 Z.I. A - B (SUB LOTE 1,ENTRE MINERIA Y CARR.CENTRAL) LIMA LIMA SANTA ANITA', 'TOTTUS SANTA ANITA', '0', NULL, NULL),
(280, 2, 280, 8, 17, 'AV. PANAMERICANA NRO. 461 URB. SANTA ROSA PIURA SULLANA SULLANA', 'TOTTUS SULLANA', '0', NULL, NULL),
(281, 2, 281, 8, 37, 'AV. MANSICHE NRO. S/N CAS. CORTIJO LA LIBERTAD TRUJILLO TRUJILLO', 'TOTTUS TRUJILLO 1', '0', NULL, NULL),
(282, 2, 282, 8, 64, 'AV. AMERICA NORTE NRO. 1245 URB. LOS JARDINES (OPEN PLAZA) LA LIBERTAD TRUJILLO TRUJILLO', 'TOTTUS TRUJILLO 2', '0', NULL, NULL),
(283, 2, 283, 8, 17, 'AV. LA FONTANA NRO. 790 URB. LA RIVERA DE MONTERRICO (II ETAPA) LIMA LIMA LA MOLINA', 'TOTTUS LA FONTANA', '0', NULL, NULL),
(284, 2, 284, 8, 17, 'AV. FERNANDO BELAUNDE TERRY NRO. 685 URB. LA PRIMAVERA LAMBAYEQUE CHICLAYO CHICLAYO ', 'TOTTUS CHICLAYO BELAUNDE', '0', NULL, NULL),
(285, 2, 285, 8, 17, 'AV. PARRA N° 220 - AREQUIPA', 'TOTTUS PARRA', '0', NULL, NULL),
(286, 2, 286, 8, 17, 'AV. EJERCITO NRO. 793 AREQUIPA AREQUIPA CAYMA ', 'TOTTUS AREQUIPA CAYMA', '0', NULL, NULL),
(287, 2, 287, 8, 17, 'AV. MALECON CHECA NRO. 2611 URB. CAMPOY (MZ-L SUB-LOTE 1-1A) LIMA LIMA SAN JUAN DE LURIGANCHO ', 'TOTTUS CAMPOY', '0', NULL, NULL),
(288, 2, 288, 8, 17, 'AV. LOS TUSILAGOS OESTE NRO. 281 URB. LOS JARDINES DE SAN JUAN (SECTOR 3) LIMA LIMA SAN JUAN DE LURIGANCHO ', 'TOTTUS TUSILAGOS', '0', NULL, NULL),
(289, 2, 289, 8, 17, 'AV. COLONIAL NRO. 1291 CERCADO LIMA LIMA LIMA ', 'TOTTUS ZORRITOS', '0', NULL, NULL),
(290, 2, 290, 8, 17, 'AV. GUARDIA CIVIL SUR 1031, CHORRILLOS', 'TOTTUS HB GUARDIA CIVIL', '0', NULL, NULL),
(291, 2, 291, 8, 17, 'AV. LEONCIO PRADO NRO. 1916 (.) LIMA LIMA PUENTE PIEDRA', 'TOTTUS HB PUENTE PIEDRA', '0', NULL, NULL),
(292, 2, 292, 8, 17, 'MARISCAL CASTILLA 201', 'TOTTUS HB CHINCHA', '0', NULL, NULL),
(293, 3, 293, 9, 17, 'AV ARENAS 196 ', 'CARSA ABANCAY', '0', NULL, NULL),
(294, 3, 294, 9, 17, 'AV REPUBLICA DE PERU 325 TUMBES', 'CARSA AGUAS VERDES', '0', NULL, NULL),
(295, 3, 295, 9, 17, 'AV. MARISCAL CACERES NRO. 905 AYACUCHO HUAMANGA AYACUCHO ', 'CARSA AYACUCHO', '0', NULL, NULL),
(296, 3, 296, 9, 17, 'JR. CASTILLA NRO. 244 LIMA BARRANCA BARRANCA', 'CARSA BARRANCA', '0', NULL, NULL),
(297, 3, 297, 9, 17, 'JR. AMALIA PUGA NRO. 505 CAJAMARCA CAJAMARCA CAJAMARCA', 'CARSA CAJAMARCA', '0', NULL, NULL),
(298, 3, 298, 9, 17, 'CALLE ALFONSO UGARTE NRO. 118 CAMANA - AREQUIPA', 'CARSA CAMANA EXPRESS', '0', NULL, NULL),
(299, 3, 299, 9, 17, 'JR. DOS DE MAYO NRO. 602 LIMA CAÑETE SAN VICENTE DE CAÑETE', 'CARSA CAÑETE', '0', NULL, NULL),
(300, 3, 300, 9, 17, 'JR. BOLOGNESI NRO. 218 PASCO PASCO CHAUPIMARCA', 'CARSA CERRO DE PASCO', '0', NULL, NULL),
(301, 3, 301, 9, 17, 'CAL. TRUJILLO NRO. 259 LA LIBERTAD CHEPEN CHEPEN', 'CARSA CHEPEN', '0', NULL, NULL),
(302, 3, 302, 9, 17, 'AV. PEDRO RUIZ NRO. 879 LAMBAYEQUE CHICLAYO CHICLAYO', 'CARSA CHICLAYO ', '0', NULL, NULL),
(303, 3, 303, 9, 17, 'AV. PARDO 559', 'CARSA CHIMBOTE', '0', NULL, NULL),
(304, 3, 304, 9, 17, 'AV. BENAVIDES NRO. 285 ICA CHINCHA CHINCHA ALTA', 'CARSA CHINCHA', '0', NULL, NULL),
(305, 3, 305, 9, 17, 'JR. 28 DE JULIO NRO. 385 LIMA LIMA LURIGANCHO', 'CARSA CHOSICA', '0', NULL, NULL),
(306, 3, 306, 9, 17, 'CAL. CUZCO NRO. 443 (467) PIURA MORROPON CHULUCANAS', 'CARSA CHULUCANAS', '0', NULL, NULL),
(307, 3, 307, 9, 17, 'AV. TUPAC AMARU NRO. 1119 LIMA LIMA COMAS', 'CARSA COMAS', '0', NULL, NULL),
(308, 3, 308, 9, 17, 'JR. AYACUCHO NRO. 161 CUSCO CUSCO CUSCO ', 'CARSA CUSCO', '0', NULL, NULL),
(309, 3, 309, 9, 17, 'ALFONSO UGARTE 280', 'CARSA EDELNOR BARRANCA', '0', NULL, NULL),
(310, 3, 310, 9, 17, 'AV. SÁENZ PEÑA 1018 - BELLAVISTA', 'CARSA EDELNOR CALLAO', '0', NULL, NULL),
(311, 3, 311, 9, 17, 'AV. TÚPAC AMARU 1362', 'CARSA EDELNOR COMAS', '0', NULL, NULL),
(312, 3, 312, 9, 31, '', 'CARSA EDELNOR HUACHO', '0', NULL, NULL),
(313, 3, 313, 9, 17, 'AV. DEL SOLAR 201', 'CARSA EDELNOR HUARAL', '0', NULL, NULL),
(314, 3, 314, 9, 42, 'C.C. MEGA PLAZA, AV. ALFREDO MENDIOLA 3698 TDA 146 - INDEPENDENCIA', 'CARSA EDELNOR MEGAPLAZA', '0', NULL, NULL),
(315, 3, 315, 9, 17, 'AV. ARGENTINA 3093 - PABELLÓN 4 - CALLAO', 'CARSA EDELNOR MINKA', '0', NULL, NULL),
(316, 3, 316, 9, 17, 'AV. SUCRE 695 -699', 'CARSA EDELNOR PUEBLO LIBRE', '0', NULL, NULL),
(317, 3, 317, 9, 17, 'MZ. C LT. 16 URB. SANTO DOMINGO ALT. KM. 30 PANAMERICANA NORTE', 'CARSA EDELNOR PUENTE PIEDRA', '0', NULL, NULL),
(318, 3, 318, 9, 17, 'AV. PRÓCERES DE LA INDEPENDENCIA 3045 - 3075 SJL', 'CARSA EDELNOR SAN JUAN DE LURIGANCHO', '0', NULL, NULL),
(319, 3, 319, 9, 17, 'CALLE CÉSAR LÓPEZ 155 URB. MARANGA SAN MIGUEL', 'CARSA EDELNOR SAN MIGUEL', '0', NULL, NULL),
(320, 3, 320, 9, 17, 'ESQ. CONDE DE SUPERUNDA Y RUFINO TORRICO S/N CERCADO DE LIMA', 'CARSA EDELNOR TORRICO', '0', NULL, NULL),
(321, 3, 321, 9, 17, 'MZ C 14 LT. 1 URB. EX ZONA COMERCIAL E INDUSTRIAL', 'CARSA EDELNOR VENTANILLA', '0', NULL, NULL),
(322, 3, 322, 9, 17, 'CAL. FRANCISCO DE ZELA NRO. 1290 LA LIBERTAD TRUJILLO EL PORVENIR', 'CARSA EL PORVENIR - TRUJILLO', '0', NULL, NULL),
(323, 3, 323, 9, 17, 'AV. 28 DE JULIO NRO. 500 LIMA HUAURA HUACHO', 'CARSA HUACHO', '0', NULL, NULL),
(324, 3, 324, 9, 17, 'AV. GIRALDEZ NRO. 271 JUNIN HUANCAYO HUANCAYO', 'CARSA HUANCAYO 2', '0', NULL, NULL),
(325, 3, 325, 9, 17, 'JR. 2 DE MAYO NRO. 981 HUANUCO HUANUCO HUANUCO', 'CARSA HUANUCO', '0', NULL, NULL),
(326, 3, 326, 9, 17, 'CAL. DERECHA NRO. 560 LIMA HUARAL HUARAL', 'CARSA HUARAL', '0', NULL, NULL),
(327, 3, 327, 9, 17, 'AV. LUZURIAGA 556 - HUARÁZ', 'CARSA HUARAZ', '0', NULL, NULL),
(328, 3, 328, 9, 17, 'AV. JOSE CARLOS MARIATEGUI LOTE. 09 ZONA B HUAYCAN (HUAYCAN) LIMA LIMA ATE', 'CARSA HUAYCAN', '0', NULL, NULL),
(329, 3, 329, 9, 17, 'JR. CAJAMARCA NRO. 170 ICA ICA ICA', 'CARSA ICA', '0', NULL, NULL),
(330, 3, 330, 9, 17, 'JR. MOQUEGUA NRO. 829 MOQUEGUA ILO ILO / JR. 28 DE JULIO NRO. 525 MOQUEGUA ILO ILO', 'CARSA ILO', '0', NULL, NULL),
(331, 3, 331, 9, 17, 'JR. BRASIL Y PROSPERO NRO. 192 LORETO MAYNAS IQUITOS', 'CARSA IQUITOS 1', '0', NULL, NULL),
(332, 3, 332, 9, 17, 'AV ARICA 253', 'CARSA IQUITOS 2', '0', NULL, NULL),
(333, 3, 333, 9, 17, 'AV. MESONES MURO NRO. 181 CAJAMARCA JAEN JAEN', 'CARSA JAEN', '0', NULL, NULL),
(334, 3, 334, 9, 17, 'JR. MIGUEL GRAU NRO. 358 (NROS 358,366,374) SAN MARTIN MARISCAL CACERES JUANJUI', 'CARSA JUANJUI', '0', NULL, NULL),
(335, 3, 335, 9, 17, 'JR. SAN ROMAN NRO. 236 PUNO SAN ROMAN JULIACA', 'CARSA JULIACA', '0', NULL, NULL),
(336, 3, 336, 9, 17, 'JR. TARMA NRO. 429 JUNIN CHANCHAMAYO CHANCHAMAYO', 'CARSA LA MERCED', '0', NULL, NULL),
(337, 3, 337, 9, 17, 'JR. DARIO LEON NRO. 197 URB. LA OROYA ANTIGUA JUNIN YAULI LA OROYA', 'CARSA LA OROYA', '0', NULL, NULL),
(338, 3, 338, 9, 17, 'FUNDO SAN VICENTE PARCELA B-62 SUB LOTE 1 LURIN, AL COSTADO DE CASAS ELECTRODOMESTICOS ', 'CARSA LURIN', '0', NULL, NULL),
(339, 3, 339, 9, 17, 'CAL. SAN JUAN DE DIOS NRO. 657 (NRO. 657-659) AREQUIPA AREQUIPA AREQUIPA ', 'CARSA MEGA SAN JUAN', '0', NULL, NULL),
(340, 3, 340, 9, 17, 'CAL. COMERCIO NRO. 370 (NROS. 370, 374) AREQUIPA ISLAY MOLLENDO ', 'CARSA MOLLENDO', '0', NULL, NULL),
(341, 3, 341, 9, 17, 'JR SERAFIN FILOMENO # 429 (FRENTE AL COLEGIO ADVENTISTA)', 'CARSA MOYOBAMBA 2', '0', NULL, NULL),
(342, 3, 342, 9, 17, 'CAL. ARICA NRO. 363 ICA NAZCA NAZCA', 'CARSA NAZCA', '0', NULL, NULL),
(343, 3, 343, 9, 17, 'CAL. COMERCIO NRO. 179 ICA PISCO PISCO', 'CARSA PISCO', '0', NULL, NULL),
(344, 3, 344, 9, 17, 'AV. GRAU NRO. 373B PIURA PIURA PIURA', 'CARSA PIURA 1', '0', NULL, NULL),
(345, 3, 345, 9, 17, 'AV PROCERES DE LA INDEPENDENCIA 1720 - SJL', 'CARSA PROCERES I', '0', NULL, NULL),
(346, 3, 346, 9, 17, 'JR. RAYMONDI NRO. 601 UCAYALI CORONEL PORTILLO CALLERIA', 'CARSA PUCALLPA', '0', NULL, NULL),
(347, 3, 347, 9, 17, 'AV. LEON VELARDE NRO. 625 MADRE DE DIOS TAMBOPATA TAMBOPATA', 'CARSA PUERTO MALDONADO', '0', NULL, NULL),
(348, 3, 348, 9, 17, 'AV. SAN JUAN NRO. 1192 LIMA LIMA SAN JUAN DE MIRAFLORES', 'CARSA SAN JUAN DE MIRAFLORES', '0', NULL, NULL),
(349, 3, 349, 9, 17, 'AV. PERÚ 1856 SAN MARTIN DE PORRAS', 'CARSA SAN MARTIN DE PORRES', '0', NULL, NULL),
(350, 3, 350, 9, 17, 'CAL. SAN MARTIN NRO. 761 PIURA SULLANA SULLANA', 'CARSA SULLANA', '0', NULL, NULL),
(351, 3, 351, 9, 17, 'AV. SAN MARTIN NRO. 340 TACNA TACNA TACNA', 'CARSA TACNA', '0', NULL, NULL),
(352, 3, 352, 9, 17, 'AV. A NRO. 65 PIURA TALARA PARIÑAS', 'CARSA TALARA', '0', NULL, NULL),
(353, 3, 353, 9, 17, 'JR. MARTINEZ DE COMPAGÑON NRO. 133 SAN MARTIN SAN MARTIN TARAPOTO', 'CARSA TARAPOTO', '0', NULL, NULL),
(354, 3, 354, 9, 17, 'JR. LIMA NRO. 674 (NROS 674-680) JUNIN TARMA TARMA', 'CARSA TARMA', '0', NULL, NULL),
(355, 3, 355, 9, 17, 'AV. RAYMONDI NRO. 566 (NUMERO 566-572) HUANUCO LEONCIO PRADO RUPA-RUPA', 'CARSA TINGO MARIA', '0', NULL, NULL),
(356, 3, 356, 9, 17, 'JR. BOLIVAR NRO. 694 LA LIBERTAD TRUJILLO TRUJILLO', 'CARSA TRUJILLO I', '0', NULL, NULL),
(357, 3, 357, 9, 17, 'AV. BOLIVAR NRO. 224 TUMBES TUMBES TUMBES', 'CARSA TUMBES', '0', NULL, NULL),
(358, 3, 358, 9, 17, 'MZA. C8 LOTE. 20 URB. LA BANDERA PROV. CONST. DEL CALLAO PROV. CONST. DEL CALLAO VENTANILLA', 'CARSA VENTANILLA', '0', NULL, NULL),
(359, 3, 359, 9, 17, 'AV. REVOLUCION NRO. 1836 LIMA LIMA VILLA EL SALVADOR', 'CARSA VILLA EL SALVADOR', '0', NULL, NULL),
(360, 3, 360, 9, 17, 'MZA. G1 LOTE. 8 A.H. VILLA MARIA DEL TRIUNFO (AV. VILLA MARIA 147 ESQ. CON PACHACUTEC) LIMA LIMA VILLA MARIA DEL TRIUNFO', 'CARSA VILLA MARIA DEL TRIUNFO', '0', NULL, NULL),
(361, 3, 361, 9, 17, 'CAL. SARGENTO LORES NRO. 104 LORETO ALTO AMAZONAS YURIMAGUAS', 'CARSA YURIMAGUAS', '0', NULL, NULL),
(362, 3, 362, 9, 17, 'AV. OSCAR R. BENAVIDES NRO. 3866 (LOCAL A-1035) PROV. CONST. DEL CALLAO PROV. CONST. DEL CALLAO BELLAVISTA', 'CARSA BELLAVISTA', '0', NULL, NULL),
(363, 3, 363, 9, 17, 'CAL. REAL NRO. 699 JUNIN HUANCAYO HUANCAYO', 'CARSA HUANCAYO', '0', NULL, NULL),
(364, 3, 364, 9, 17, 'AV. JAVIER PRADO ESTE NRO. 595 LIMA LIMA SAN ISIDRO', 'CARSA JAVIER PRADO', '0', NULL, NULL),
(365, 3, 365, 9, 17, '', 'CARSA MAGDALENA', '0', NULL, NULL),
(366, 3, 366, 9, 37, 'AV. AMERICA OESTE NRO. 750 (TIENDA INTERMEDIA 2) LA LIBERTAD TRUJILLO TRUJILLO', 'CARSA TRUJILLO MALL', '0', NULL, NULL),
(367, 3, 367, 9, 17, 'AV. ALFREDO MENDIOLA NRO. 1400 (INTERIOR L1-111 - CC PLAZA LIMA NORTE) LIMA LIMA INDEPENDENCIA', 'CARSA PLAZA LIMA NORTE', '0', NULL, NULL),
(368, 3, 368, 9, 17, 'AV. PROLONGACIÓN P. DE LA REPU. S/N PZA LIMA SUR', 'CARSA PLAZA LIMA SUR', '0', NULL, NULL),
(369, 3, 369, 9, 17, 'CAL. SANTO DOMINGO NRO. 140 AREQUIPA AREQUIPA AREQUIPA ', 'CARSA SANTO DOMINGO', '0', NULL, NULL),
(370, 3, 370, 9, 17, 'AV PROCERES DE LA INDEPENDENCIA 3307 - URB CANTO REY SAN JUAN DE LURIGANCHO', 'CARSA PROCERES II', '0', NULL, NULL),
(371, 3, 371, 9, 17, 'JR. AREQUIPA NRO. 558 PUNO PUNO PUNO', 'CARSA PUNO', '0', NULL, NULL),
(372, 3, 372, 9, 17, 'JIRON LIBERTAD # 631 QUILLABAMBA CUZCO', 'CARSA QUILLABAMBA ', '0', NULL, NULL),
(373, 3, 373, 9, 17, 'JR. CUSCO NRO. 121 LIMA LIMA LIMA', 'CARSA UNION', '0', NULL, NULL),
(374, 3, 374, 9, 17, 'CAL. BOLIVAR NRO. 693 (CALLE BOLIVAR 693-699 Y JUNIN 584-588) LA LIBERTAD TRUJILLO TRUJILLO', 'CARSA TRUJILLO II', '0', NULL, NULL),
(375, 3, 375, 9, 17, 'CAL. MERCADERES NRO. 212 AREQUIPA AREQUIPA AREQUIPA ', 'CARSA MERCADERES', '0', NULL, NULL),
(376, 3, 376, 9, 17, 'CAR. CENTRAL KM. 6.5 (CC. BRISAS DE ATE TDAS. B-03, AT-01) LIMA LIMA ATE', 'CARSA ATE VITARTE', '0', NULL, NULL),
(377, 3, 377, 10, 17, 'AV. MARISCAL CASTILLA NRO. 322 (322-A - LOTE 2B ZONA MIRAFLORES) AREQUIPA AREQUIPA AREQUIPA', 'ELEKTRA AQP LA NEGRITA', '0', NULL, NULL),
(378, 3, 378, 10, 17, 'CAL. LA MERCED NRO. 117 AREQUIPA AREQUIPA AREQUIPA ', 'ELEKTRA AREQUIPA', '0', NULL, NULL),
(379, 3, 379, 10, 17, 'AV. NICOLAS AYLLON NRO. 5574 LIMA LIMA ATE', 'ELEKTRA ATE VITARTE', '0', NULL, NULL),
(380, 3, 380, 10, 17, 'JR. 2 DE MAYO NRO. 171 (SUB LOTE C) AYACUCHO HUAMANGA AYACUCHO ', 'ELEKTRA AYACUCHO', '0', NULL, NULL),
(381, 3, 381, 10, 17, 'JR. MARISCAL CASTILLA NRO. 229 LIMA BARRANCA BARRANCA ', 'ELEKTRA BARRANCA', '0', NULL, NULL),
(382, 3, 382, 10, 17, 'AV. VENEZUELA NRO. 1132 LIMA LIMA BREÑA', 'ELEKTRA BREÑA', '0', NULL, NULL),
(383, 3, 383, 10, 17, 'JR. AMAZONAS NRO. 737 CAJAMARCA CAJAMARCA CAJAMARCA', 'ELEKTRA CAJAMARCA', '0', NULL, NULL),
(384, 3, 384, 10, 17, 'URB.MARISCAL CACERES NRO. MZE1 INT. 006 URB. CANTO GRANDE LIMA LIMA SAN JUAN DE LURIGANCHO ', 'ELEKTRA CANTO GRANDE', '0', NULL, NULL),
(385, 3, 385, 10, 17, 'AV. MRCAL BENAVIDES NRO. 430 LIMA CAÑETE SAN VICENTE DE CAÑETE ', 'ELEKTRA CAÑETE', '0', NULL, NULL),
(386, 3, 386, 10, 17, 'AV. RAMOS NRO. 530 LIMA CAÑETE IMPERIAL ', 'ELEKTRA CAÑETE IMPERIAL', '0', NULL, NULL),
(387, 3, 387, 10, 17, 'MZA. N2 LOTE. 11 PROG. DE VIVIENDA H.U. (ZONA NOR OESTE) ANCASH CASMA CASMA', 'ELEKTRA CASMA', '0', NULL, NULL),
(388, 3, 388, 10, 17, 'MZA. 161 LOTE. 2 POBLADO CHEPEN (CENTRO POBLADO CHEPEN SECTRO VII) LA LIBERTAD CHEPEN CHEPEN ', 'ELEKTRA CHEPEN', '0', NULL, NULL),
(389, 3, 389, 10, 17, 'AV. SALAVERRY NRO. S/N (AV.SALAVERRY CON ESQ.ELIAS AGUIRRE) LAMBAYEQUE CHICLAYO CHICLAYO ', 'ELEKTRA CHICLAYO 1(SALAVERRY)', '0', NULL, NULL),
(390, 3, 390, 10, 17, 'AV. JOSE BALTA NRO. 176 (NUMEROS 176 Y 179 ESQUINA CON BOLOGNESI) LAMBAYEQUE CHICLAYO CHICLAYO', 'ELEKTRA CHICLAYO 2(BALTA)', '0', NULL, NULL),
(391, 3, 391, 10, 17, 'MZA. C LOTE. 12 URB. MARISCAL LUZURRIAGA ANCASH SANTA CHIMBOTE ', 'ELEKTRA CHIMBOTE', '0', NULL, NULL),
(392, 3, 392, 10, 17, 'AV. MARISCAL BENAVIDES NRO. 162 EX.CINE INKA ICA CHINCHA CHINCHA ALTA ', 'ELEKTRA CHINCHA', '0', NULL, NULL),
(393, 3, 393, 10, 17, 'AV. DEFENSORES DEL MORRO NRO. E INT. 03 URB. LA CAMPIÑA LIMA LIMA CHORRILLOS ', 'ELEKTRA CHORRILLOS', '0', NULL, NULL),
(394, 3, 394, 10, 17, 'AV. LIMA SUR NRO. 751 (CHOSICA) LIMA LIMA LURIGANCHO', 'ELEKTRA CHOSICA', '0', NULL, NULL),
(395, 3, 395, 10, 17, 'CAL. LIBERTAD NRO. 509 (LOTE 17 MZC3 C POBLADO CHULUCANAS) PIURA MORROPON CHULUCANAS', 'ELEKTRA CHULUCANAS', '0', NULL, NULL),
(396, 3, 396, 10, 17, 'AV. TUPAC AMARU NRO. 3129 LIMA LIMA COMAS ', 'ELEKTRA COMAS', '0', NULL, NULL),
(397, 3, 397, 10, 17, 'AV. MICAELA BASTIDAS NRO. 101 (AMBIENTE 101 ESQ.CON AV.DIAGONAL) CUSCO CUSCO WANCHAQ', 'ELEKTRA CUSCO', '0', NULL, NULL);
INSERT INTO `tienda` (`id`, `channel_id`, `direccion_ubicacion_id`, `retail_id`, `tipo_tienda_id`, `direccion`, `name`, `state`, `created_at`, `updated_at`) VALUES
(398, 3, 398, 10, 17, 'AV. NICOLAS AYLLON NRO. MZ F INT. 4Y5 LIMA LIMA EL AGUSTINO', 'ELEKTRA EL AGUSTINO', '0', NULL, NULL),
(399, 3, 399, 10, 17, 'AV. SANCHEZ CARRION NRO. 535 (LOCAL 539,543,547) LA LIBERTAD TRUJILLO EL PORVENIR', 'ELEKTRA EL PORVENIR', '0', NULL, NULL),
(400, 3, 400, 10, 17, 'AV. 28 DE JULIO NRO. 430 LIMA HUAURA HUACHO', 'ELEKTRA HUACHO', '0', NULL, NULL),
(401, 3, 401, 10, 17, 'CAL. REAL NRO. 375 JUNIN HUANCAYO EL TAMBO ', 'ELEKTRA HUANCAYO', '0', NULL, NULL),
(402, 3, 402, 10, 17, 'JR. 2 DE MAYO NRO. 1223 HUANUCO HUANUCO HUANUCO', 'ELEKTRA HUANUCO', '0', NULL, NULL),
(403, 3, 403, 10, 17, 'AV. CAHUAS NRO. 381 LIMA HUARAL HUARAL ', 'ELEKTRA HUARAL', '0', NULL, NULL),
(404, 3, 404, 10, 17, 'AV. RAYMONDI NO 303 HUARAZ', 'ELEKTRA HUARAZ', '0', NULL, NULL),
(405, 3, 405, 10, 17, 'AV. 15 DE JULIO NRO. S N (LOTE 23 ZONA B UVC 3 - HUAYCAN) LIMA LIMA ATE', 'ELEKTRA HUAYCAN', '0', NULL, NULL),
(406, 3, 406, 10, 17, 'AV. MUNICIPALIDAD NRO. 243 EX-CINE DUX ICA ICA ICA', 'ELEKTRA ICA', '0', NULL, NULL),
(407, 3, 407, 10, 17, 'JR. ABTAO NRO. 632 (TAMBIEN N°634) MOQUEGUA ILO ILO', 'ELEKTRA ILO', '0', NULL, NULL),
(408, 3, 408, 10, 17, 'AV. GERARDO UNGER NRO. 3299 (LOTIZACION INDUSTRIAL MULERIA LT-10 M-L1) LIMA LIMA INDEPENDENCIA ', 'ELEKTRA INDEPENDENCIA', '0', NULL, NULL),
(409, 3, 409, 10, 17, 'CAL. UCAYALI NRO. 227 (NROS. 227 - 233) LORETO MAYNAS IQUITOS ', 'ELEKTRA IQUITOS', '0', NULL, NULL),
(410, 3, 410, 10, 17, 'AV. MESONES NRO. 333 (SECTOR MORRO SOLAR) CAJAMARCA JAEN JAEN', 'ELEKTRA JAEN', '0', NULL, NULL),
(411, 3, 411, 10, 17, 'AV. LIMA 2500 LIMA LIMA VILLA EL SALVADOR', 'ELEKTRA JOSE GALVEZ', '0', NULL, NULL),
(412, 3, 412, 10, 17, 'JR. MARIANO E.NUÑEZ NRO. 660 (TAMBIEN N°654) PUNO SAN ROMAN JULIACA', 'ELEKTRA JULIACA', '0', NULL, NULL),
(413, 3, 413, 10, 17, 'CAL. CONDORCANQUI NRO. 1220 P.J. LA ESPERANZA (LA ESPERANZA) LA LIBERTAD TRUJILLO LA ESPERANZA', 'ELEKTRA LA ESPERANZA', '0', NULL, NULL),
(414, 3, 414, 10, 17, 'AV. LA MARINA NRO. 2841 INT. 5Y6 URB. MARANGA LIMA LIMA SAN MIGUEL ', 'ELEKTRA LA MARINA', '0', NULL, NULL),
(415, 3, 415, 10, 17, 'AV. RAMON CASTILLA NRO. 788 (CON CALLE ATAHUALPA 110) LAMBAYEQUE LAMBAYEQUE LAMBAYEQUE', 'ELEKTRA LAMBAYEQUE', '0', NULL, NULL),
(416, 3, 416, 10, 17, 'AV. AV.ALFREDO MENDIOLA NRO. 3663 LIMA LIMA LOS OLIVOS ', 'ELEKTRA LOS OLIVOS', '0', NULL, NULL),
(417, 3, 417, 10, 17, 'SECCION B NRO. S/N PARCELA B 63 (SUBLOTE 1) LIMA LIMA LURIN', 'ELEKTRA LURIN', '0', NULL, NULL),
(418, 3, 418, 10, 17, 'AV. DOS DE MAYO MZA. 4-S (SUB LOTE 8-A) MADRE DE DIOS TAMBOPATA TAMBOPATA ', 'ELEKTRA MADRE DE DIOS', '0', NULL, NULL),
(419, 3, 419, 10, 36, 'AV. ARGENTINA NRO. 3093 OTROS (3257 C.C. MINKA PAB. 3 CALLE 1 LOCAL 191) PROV. CONST. DEL CALLAO PROV. CONST. DEL CALLAO BELLAVISTA ', 'ELEKTRA MINKA', '0', NULL, NULL),
(420, 3, 420, 10, 17, 'CAL. JUNIN NRO. 136 (TAMBIEN N 132 SECT CENTRO ESQ.ADOLFO KIN) LA LIBERTAD PACASMAYO PACASMAYO', 'ELEKTRA PACASMAYO', '0', NULL, NULL),
(421, 3, 421, 10, 17, 'CAL. COMERCIO NRO. 159 (167) ICA PISCO PISCO ', 'ELEKTRA PISCO', '0', NULL, NULL),
(422, 3, 422, 10, 17, 'AV. GRAU NRO. 373 (CON JIRON JUNIN SIN NUMERO) PIURA PIURA PIURA ', 'ELEKTRA PIURA 1', '0', NULL, NULL),
(423, 3, 423, 10, 17, 'MZA. F LOTE. 19 ASOCIACION LA ESTRELLA (ALFREDO MENDIOLA) LIMA LIMA LOS OLIVOS ', 'ELEKTRA PRO', '0', NULL, NULL),
(424, 3, 424, 10, 17, 'AV. PROCERES D LA INPENDENCIA NRO. 1639 (NUMERO 1637 A Y 1639) LIMA LIMA SAN JUAN DE LURIGANCHO ', 'ELEKTRA PROCERES', '0', NULL, NULL),
(425, 3, 425, 10, 17, 'JR. RAYMONDI NRO. 532 (536,538 LTE 5-A MZ. 32) UCAYALI CORONEL PORTILLO CALLERIA', 'ELEKTRA PUCALLPA', '0', NULL, NULL),
(426, 3, 426, 10, 17, 'AV. LOS GRANADALES NRO. SN INT. LOT2 PANAMERICA NORTE (PANAMERICANA NORTE) LIMA LIMA PUENTE PIEDRA', 'ELEKTRA PUENTE PIEDRA', '0', NULL, NULL),
(427, 3, 427, 10, 17, 'JR. PUNO NRO. 128 (PUNO) PUNO PUNO PUNO', 'ELEKTRA PUNO', '0', NULL, NULL),
(428, 3, 428, 10, 17, 'AV.PROCERES DE LA INDEPENDENCIA 20413 URB . SAN CARLOS LIMA LIMA SAN JUAN DE LURIGANCHO', 'ELEKTRA SAN JUAN', '0', NULL, NULL),
(429, 3, 429, 10, 17, 'AV. PERU NRO. 2250 LIMA LIMA SAN MARTIN DE PORRES', 'ELEKTRA SAN MARTIN DE PORRES', '0', NULL, NULL),
(430, 3, 430, 10, 17, 'CAL. AREQUIPA NRO. 423 PIURA PIURA PIURA ', 'ELEKTRA SANCHEZ CERRO', '0', NULL, NULL),
(431, 3, 431, 10, 17, 'MZA. 12 LOTE. 13 CENT.POB.BARRIO LETICIA (AV JOSE DE LAMA) PIURA SULLANA SULLANA ', 'ELEKTRA SULLANA', '0', NULL, NULL),
(432, 3, 432, 10, 17, 'AV. ANGAMOS ESTE NRO. 645 LIMA LIMA SURQUILLO', 'ELEKTRA SURQUILLO', '0', NULL, NULL),
(433, 3, 433, 10, 17, 'CAL. SAN MARTIN NRO. 766 (TAMBIEN N 770,772SUB LOTE A1) TACNA TACNA TACNA', 'ELEKTRA TACNA - SAN MARTIN', '0', NULL, NULL),
(434, 3, 434, 10, 17, 'AV. LA CULTURA MZ. 95 LTE. 26-27 DIST. CORONEL AALBARRAZIN', 'ELEKTRA TACNA - SANTA ROSA', '0', NULL, NULL),
(435, 3, 435, 10, 17, 'CENTRO CIVICO PARIÑAS NRO. S N (SUB LOTE B PQUE GRAU/MCDO NUEVO TALARA) PIURA TALARA PARIÑAS ', 'ELEKTRA TALARA', '0', NULL, NULL),
(436, 3, 436, 10, 17, 'JR. LIMA NRO. 150 SAN MARTIN SAN MARTIN TARAPOTO', 'ELEKTRA TARAPOTO', '0', NULL, NULL),
(437, 3, 437, 10, 17, 'CAL. TITO JAIME 472 - NRO. 482 (TINGO MARIA) HUANUCO LEONCIO PRADO RUPA-RUPA', 'ELEKTRA TINGO MARIA', '0', NULL, NULL),
(438, 3, 438, 10, 17, 'AV. AV.TOMAS VALLE NRO. 3893 PROV. CONST. DEL CALLAO PROV. CONST. DEL CALLAO CALLAO', 'ELEKTRA TOMAS VALLE', '0', NULL, NULL),
(439, 3, 439, 10, 17, 'CAL. AYACUCHO NRO. 676 (LOCAL 680,684,686.) LA LIBERTAD TRUJILLO TRUJILLO ', 'ELEKTRA TRUJILLO - AYACUCHO', '0', NULL, NULL),
(440, 3, 440, 10, 17, 'CAL. SINCHI ROCA NRO. 1166 LA LIBERTAD TRUJILLO TRUJILLO ', 'ELEKTRA TRUJILLO SINCHI ROCA', '0', NULL, NULL),
(441, 3, 441, 10, 17, 'CAR. VENTANILLA NRO. MZ-A INT. LT-2 URB. CUEVA VASQUEZ PROV. CONST. DEL CALLAO PROV. CONST. DEL CALLAO VENTANILLA', 'ELEKTRA VENTANILLA', '0', NULL, NULL),
(442, 3, 442, 10, 17, 'AV. JUAN VELASCO ALVARADO NRO. MZ.N INT. SEC2 LIMA LIMA VILLA EL SALVADOR ', 'ELEKTRA VILLA EL SALVADOR 1', '0', NULL, NULL),
(443, 3, 443, 10, 17, 'AV. PACHACUTEC NRO. 2181 LIMA LIMA VILLA MARIA DEL TRIUNFO ', 'ELEKTRA VILLA MARIA DEL TRIUNFO', '0', NULL, NULL),
(444, 3, 444, 10, 17, 'AV. LARCO NRO. 661 (NRO: 663 , 665) LIMA LIMA MIRAFLORES ', 'ELEKTRA MIRAFLORES', '0', NULL, NULL),
(445, 3, 445, 10, 17, 'AV. SAENZ PEÑA NRO. 876 PROV. CONST. DEL CALLAO PROV. CONST. DEL CALLAO CALLAO ', 'ELEKTRA CALLAO', '0', NULL, NULL),
(446, 3, 446, 10, 17, 'AV. BOLOGNESI NRO. 657 ANCASH SANTA CHIMBOTE', 'ELEKTRA CHIMBOTE BOLOGNESI', '0', NULL, NULL),
(447, 3, 447, 10, 17, 'CAL. LAS ALONDRAS NRO. 383 URB. SANTA ANITA LIMA LIMA SANTA ANITA', 'ELEKTRA SANTA ANITA', '0', NULL, NULL),
(448, 3, 448, 10, 17, 'AV. TUPAC AMARU NRO. 3000 LIMA LIMA CARABAYLLO', 'ELEKTRA CARABAYLLO', '0', NULL, NULL),
(449, 3, 449, 10, 17, 'CAL. ARMANDO FILOMENO NRO. 145 URB. CIUDAD Y CAMPO (PARALELA ENTRE AV. ALCAZAR-AV. AMANCAES) LIMA LIMA RIMAC', 'ELEKTRA RIMAC', '0', NULL, NULL),
(450, 3, 450, 11, 17, 'AV. CARLOS IZAGUIRRE NRO. 126 LIMA LIMA INDEPENDENCIA ', 'HIRAOKA INDEPENDENCIA', '0', NULL, NULL),
(451, 3, 451, 11, 17, 'AV. ABANCAY 594 LIMA LIMA LIMA', 'HIRAOKA LIMA', '0', NULL, NULL),
(452, 3, 452, 11, 17, 'AV. PETIT THOUARS NRO. 5273 LIMA LIMA MIRAFLORES ', 'HIRAOKA MIRAFLORES', '0', NULL, NULL),
(453, 3, 453, 11, 17, 'AV. LA MARINA NRO. 2650 CTRO COMERCIAL MARANGA LIMA LIMA SAN MIGUEL ', 'HIRAOKA SAN MIGUEL', '0', NULL, NULL),
(454, 3, 454, 12, 17, 'JR. APURIMAC 203', 'LA CURACAO ABANCAY', '0', NULL, NULL),
(455, 3, 455, 12, 17, 'AV. REPUBLICA DEL PERU NRO. 322 (MZA-A , LOTE - 12) TUMBES ZARUMILLA AGUAS VERDES', 'LA CURACAO AGUAS VERDES', '0', NULL, NULL),
(456, 3, 456, 12, 17, 'GUILLERMO CACERES TRESIERRA 221', 'LA CURACAO ANDAHUAYLAS', '0', NULL, NULL),
(457, 3, 457, 12, 17, 'JR. JERUSALEN NRO. 117 (ESQUINA CON MORAL 100 - 102) AREQUIPA AREQUIPA AREQUIPA ', 'LA CURACAO AREQUIPA', '0', NULL, NULL),
(458, 3, 458, 12, 17, 'MZA. G LOTE. 2 URB. VILLA HERMOZA (INGRESO AV.AVELINO CACERES/TIENDA EFE) AREQUIPA AREQUIPA JOSE LUIS BUSTAMANTE Y RIVERO ', 'LA CURACAO AREQUIPA II', '0', NULL, NULL),
(459, 3, 459, 12, 39, 'AV. PORONGOCHE NRO. S/N INT. I-4 (2DO.NIVEL C.C.MALL AVENTURA PLAZA AREQU) AREQUIPA AREQUIPA PAUCARPATA ', 'LA CURACAO AREQUIPA III', '0', NULL, NULL),
(460, 3, 460, 12, 17, 'NRO. MZ-A INT. L-14 ASOCIACION PORVENIR LIMA LIMA ATE', 'LA CURACAO ATE I', '0', NULL, NULL),
(461, 3, 461, 12, 17, 'MZA. M LOTE. 2-B URB. BARBADILLO (FRENTE A LA CARRE. CENT KM 6.5 ASOC.PORV) LIMA LIMA ATE', 'LA CURACAO ATE II', '0', NULL, NULL),
(462, 3, 462, 12, 17, 'AV. MARISCAL CACERES NRO. 990 (MARISCAL CACERES 984-994) AYACUCHO HUAMANGA AYACUCHO', 'LA CURACAO AYACUCHO', '0', NULL, NULL),
(463, 3, 463, 12, 17, 'AV. GALVEZ NRO. 263 LIMA BARRANCA BARRANCA', 'LA CURACAO BARRANCA', '0', NULL, NULL),
(464, 3, 464, 12, 25, 'JR. SOR MANUELA GIL NRO. 151 URB. SAN CARLOS (CENTRO COMERCIAL EL QUINDE SHOPPING) CAJAMARCA CAJAMARCA CAJAMARCA ', 'LA CURACAO CAJAMARCA', '0', NULL, NULL),
(465, 3, 465, 12, 17, 'JR. DEL COMERCIO NRO. 608 CAJAMARCA CAJAMARCA CAJAMARCA ', 'LA CURACAO CAJAMARCA I', '0', NULL, NULL),
(466, 3, 466, 12, 17, 'AV. SAENZ PENA NRO. 480 (AV.SAENZ PEÑA 482) PROV. CONST. DEL CALLAO PROV. CONST. DEL CALLAO CALLAO', 'LA CURACAO CALLAO', '0', NULL, NULL),
(467, 3, 467, 12, 17, 'MZA. K LOTE. 12 C.P.CAMANA (FRENTE AL BANCO DE LA NACION) AREQUIPA CAMANA CAMANA', 'LA CURACAO CAMANA', '0', NULL, NULL),
(468, 3, 468, 12, 17, 'AV. MARISCAL BENAVIDES NRO. 425 (MARISCAL BENAVIDES N°423 Y 429) LIMA CAÑETE SAN VICENTE DE CAÑETE', 'LA CURACAO CAÑETE', '0', NULL, NULL),
(469, 3, 469, 12, 17, 'JR. LEONCIO PRADO NRO. 120 (ALTURA PLAZA CARRION) PASCO PASCO CHAUPIMARCA', 'LA CURACAO CERRO DE PASCO', '0', NULL, NULL),
(470, 3, 470, 12, 17, 'JR. AMAZONAS NRO. 737 (A 1 CUADRA 1/2 DE LA PLAZA DE ARMAS) AMAZONAS CHACHAPOYAS CHACHAPOYAS', 'LA CURACAO CHACHAPOYAS', '0', NULL, NULL),
(471, 3, 471, 12, 17, 'CAL. TRUJILLO NRO. 501 (A 2 CUADRAS PLAZA DE ARMAS) LA LIBERTAD CHEPEN CHEPEN', 'LA CURACAO CHEPEN', '0', NULL, NULL),
(472, 3, 472, 12, 17, 'AV. PEDRO RUIZ NRO. 835 LAMBAYEQUE CHICLAYO CHICLAYO', 'LA CURACAO CHICLAYO', '0', NULL, NULL),
(473, 3, 473, 12, 49, 'AV. MIGUEL DE CERVANTES NRO. S N (C.COMERCIAL REAL PLAZA CHICLAYO LC-09) LAMBAYEQUE CHICLAYO CHICLAYO', 'LA CURACAO CHICLAYO REAL', '0', NULL, NULL),
(474, 3, 474, 12, 17, 'AV. LEONCIO PRADO NRO. 536 (AV. LEONCIO PARDO 546) ANCASH SANTA CHIMBOTE ', 'LA CURACAO CHIMBOTE', '0', NULL, NULL),
(475, 3, 475, 12, 17, 'AV. BENAVIDES NRO. 240 ICA CHINCHA CHINCHA ALTA', 'LA CURACAO CHINCHA', '0', NULL, NULL),
(476, 3, 476, 12, 17, 'AV. SANTO DOMINGO NRO. 128 (SANTO DOMINGO 138 ALT.PZA.ARMAS/IGLESIA) ICA CHINCHA CHINCHA ALTA', 'LA CURACAO CHINCHA II', '0', NULL, NULL),
(477, 3, 477, 12, 12, 'AV. SAN MARCOS MZA. II (AV. ALAMEDA SUR LOCAL PLAZA VEA) LIMA LIMA CHORRILLOS', 'LA CURACAO CHORRILLOS', '0', NULL, NULL),
(478, 3, 478, 12, 17, 'AV. 28 DE JULIO NRO. 398 CHOSICA LIMA LIMA LURIGANCHO', 'LA CURACAO CHOSICA', '0', NULL, NULL),
(479, 3, 479, 12, 17, 'JR. LIMA NRO. 313 (A UNA CDRA. PLAZA DE ARMAS) PIURA MORROPON CHULUCANAS', 'LA CURACAO CHULUCANAS', '0', NULL, NULL),
(480, 3, 480, 12, 17, 'AV. TUPAC AMARU NRO. 1195 LIMA LIMA COMAS', 'LA CURACAO COMAS', '0', NULL, NULL),
(481, 3, 481, 12, 17, 'JR. SAN ANDRES NRO. 294 CUSCO CUSCO CUSCO ', 'LA CURACAO CUZCO', '0', NULL, NULL),
(482, 3, 482, 12, 17, 'AV. EL PEDREGAL MZA. S LOTE. 5 (A UNA CDRA. DEL MUNICIPIO Y MERCADO) AREQUIPA CAYLLOMA LLUTA ', 'LA CURACAO EL PEDREGAL', '0', NULL, NULL),
(483, 3, 483, 12, 17, 'CAL. GRAU NRO. 110 (A MEDIA CDRA DEL MERCADO) LAMBAYEQUE FERREÑAFE PUEBLO NUEVO', 'LA CURACAO FERREÑAFE', '0', NULL, NULL),
(484, 3, 484, 12, 17, 'AV. GRAU NRO. 402 (JR.JUNIN - 732 INT-001 CENT. PIURA) PIURA PIURA PIURA', 'LA CURACAO GRAU', '0', NULL, NULL),
(485, 3, 485, 12, 17, 'JR. 28 DE JULIO NRO. 655 (AV.28 DE JULIO 650) LIMA HUAURA HUACHO', 'LA CURACAO HUACHO', '0', NULL, NULL),
(486, 3, 486, 12, 17, 'JR. SANCHEZ CARRION NRO. 754 LA LIBERTAD SANCHEZ CARRION HUAMACHUCO', 'LA CURACAO HUAMACHUCO', '0', NULL, NULL),
(487, 3, 487, 12, 17, 'JR. MANUEL A. SEGURA  Nª 150 - PLAZA DE ARMAS', 'LA CURACAO HUANCAVELICA', '0', NULL, NULL),
(488, 3, 488, 12, 17, 'AV. GIRALDEZ NRO. 287 (JR.GIRALDEZ 293) JUNIN HUANCAYO HUANCAYO', 'LA CURACAO HUANCAYO I', '0', NULL, NULL),
(489, 3, 489, 12, 17, 'CAL. CALLE REAL 681 NRO. 685 JUNIN HUANCAYO HUANCAYO', 'LA CURACAO HUANCAYO II', '0', NULL, NULL),
(490, 3, 490, 12, 17, 'JR. HUANUCO NRO. 680 HUANUCO HUANUCO HUANUCO', 'LA CURACAO HUANUCO', '0', NULL, NULL),
(491, 3, 491, 12, 17, 'JR. DOS DE MAYO NRO. 1068 (MEDIA CDRA PZA.DE ARMAS DOS DE MAYO 1072) HUANUCO HUANUCO HUANUCO', 'LA CURACAO HUANUCO II', '0', NULL, NULL),
(492, 3, 492, 12, 17, 'AV. SOLAR NRO. 367 LIMA HUARAL HUARAL', 'LA CURACAO HUARAL', '0', NULL, NULL),
(493, 3, 493, 12, 17, 'AV. LUZURIAGA NRO. 488 ANCASH HUARAZ HUARAZ ', 'LA CURACAO HUARAZ', '0', NULL, NULL),
(494, 3, 494, 12, 17, 'AV. GRAU NRO. 245 ICA ICA ICA', 'LA CURACAO ICA', '0', NULL, NULL),
(495, 3, 495, 12, 17, 'CAL. CALLAO NRO. 224 ICA ICA ICA', 'LA CURACAO ICA II', '0', NULL, NULL),
(496, 3, 496, 12, 17, 'CAL. CALLAO NRO. 615 (615 Y 617, FRENTE AL BCO.DE LA NACION) MOQUEGUA ILO ILO', 'LA CURACAO ILO', '0', NULL, NULL),
(497, 3, 497, 12, 17, 'JR. PROSPERO NRO. 342 (CERCA PLAZA DE ARMAS) LORETO MAYNAS IQUITOS', 'LA CURACAO IQUITOS', '0', NULL, NULL),
(498, 3, 498, 12, 17, 'CAL. ALFONSO VILLANUEVA PINILL NRO. 480 (UNA CDRA DEL BCP PLAZA DE ARMAS PUET 484) CAJAMARCA JAEN JAEN', 'LA CURACAO JAEN', '0', NULL, NULL),
(499, 3, 499, 12, 17, 'CAL. JIRON DE LA UNION NRO. 461 LIMA LIMA LIMA', 'LA CURACAO JIRON DE LA UNION', '0', NULL, NULL),
(500, 3, 500, 12, 17, 'JR. LA MERCED NRO. C-4 (JR.LA MERCED 484-486-488, PZA.ARMAS) SAN MARTIN MARISCAL CACERES JUANJUI ', 'LA CURACAO JUANJUI', '0', NULL, NULL),
(501, 3, 501, 12, 35, 'AV. SAN MARTIN NRO. SN (TUMBES, CABANA, NORIEGA Y PZA BOLOGNESI) PUNO SAN ROMAN JULIACA', 'LA CURACAO JULIACA', '0', NULL, NULL),
(502, 3, 502, 12, 17, 'JR. TARMA NRO. 588 URB. LA MERCED (FRENTE A CAJA MUNICIPAL DE HUANCAYO) JUNIN CHANCHAMAYO CHANCHAMAYO', 'LA CURACAO LA MERCED', '0', NULL, NULL),
(503, 3, 503, 12, 17, 'AV. RAMON CASTILLA NRO. 830 (RAMON CASTILLA 834 - 836) LAMBAYEQUE LAMBAYEQUE LAMBAYEQUE', 'LA CURACAO LAMBAYEQUE', '0', NULL, NULL),
(504, 3, 504, 12, 17, 'AV. CARLOS ALBERTO YZAGUIRRE NRO. 433 LIMA LIMA LOS OLIVOS', 'LA CURACAO LOS OLIVOS', '0', NULL, NULL),
(505, 3, 505, 12, 17, 'PLAZUELA CASTILLA NRO. 140 INT. B LIMA LIMA LURIN', 'LA CURACAO LURIN', '0', NULL, NULL),
(506, 3, 506, 12, 36, 'AV. ARGENTINA NRO. 3093 (PABELLON 03 GALERIA 1 LOCAL 22) PROV. CONST. DEL CALLAO PROV. CONST. DEL CALLAO CALLAO', 'LA CURACAO MINKA', '0', NULL, NULL),
(507, 3, 507, 12, 17, 'AV. CMDTE.PEDRO CANGA NRO. 569 (A 3 CUADRAS DE LA MUNICIPALIDAD) SAN MARTIN MOYOBAMBA MOYOBAMBA', 'LA CURACAO MOYOBAMBA', '0', NULL, NULL),
(508, 3, 508, 12, 17, 'CAL. LIMA NRO. SN (3RA CDRA A 4 CDRAS DE PLAZA DE ARMAS) ICA NAZCA NAZCA', 'LA CURACAO NAZCA', '0', NULL, NULL),
(509, 3, 509, 12, 17, 'CAL. ADOLFO KING NRO. 24 (A 2 CUADRAS BCO. DE LA NACION) LA LIBERTAD PACASMAYO PACASMAYO', 'LA CURACAO PACASMAYO', '0', NULL, NULL),
(510, 3, 510, 12, 17, 'JR. JUNIN NRO. 245 (A 1/2 CUADRA PZA. ARMAS) PIURA PAITA PAITA', 'LA CURACAO PAITA', '0', NULL, NULL),
(511, 3, 511, 12, 17, 'PJ. JAZMIN NRO. 150 (CERCA A PLAZA DE ARMAS) ICA PISCO PISCO', 'LA CURACAO PISCO', '0', NULL, NULL),
(512, 3, 512, 12, 11, 'AV. MCAL CACERES Y AV.IRAZOLA NRO. S/N INT. LC07 URB. MIRAFLORES II PARTE (C.C. OPEN PLAZA INT. LC- 07) PIURA PIURA CASTILLA', 'LA CURACAO PIURA II', '0', NULL, NULL),
(513, 3, 513, 12, 17, 'JR. RAIMONDI NRO. 533 (PUCALLPA) UCAYALI CORONEL PORTILLO CALLERIA', 'LA CURACAO PUCALLPA', '0', NULL, NULL),
(514, 3, 514, 12, 17, 'AV. ERNESTO RIVERO NRO. 472A (FRENTE A LA DIRECCION DE SALUD) MADRE DE DIOS TAMBOPATA TAMBOPATA', 'LA CURACAO PUERTO MALDONADO', '0', NULL, NULL),
(515, 3, 515, 12, 17, 'AV. CAHUIDE NRO. 129 (AV. ALFONSO UGARTE 205) PUNO PUNO PUNO', 'LA CURACAO PUNO', '0', NULL, NULL),
(516, 3, 516, 12, 17, 'PROLONGAC. RICARDO PALMA NRO. 132 (PROLONG. R .P 130 134 A 3 CDRA P.ARMAS) CUSCO LA CONVENCION SANTA ANA ', 'LA CURACAO QUILLABAMBA', '0', NULL, NULL),
(517, 3, 517, 12, 17, 'AV SALAVERRY 710, PERÚ', 'LA CURACAO SALAVERRY', '0', NULL, NULL),
(518, 3, 518, 12, 17, 'AV. JAVIER PRADO NRO. 135 LIMA LIMA SAN ISIDRO', 'LA CURACAO SAN ISIDRO', '0', NULL, NULL),
(519, 3, 519, 12, 17, 'AV. PROCERES DE LA INDEPENDEN NRO. 1815 URB. SAN HILARION LIMA LIMA SAN JUAN DE LURIGANCHO', 'LA CURACAO SAN JUAN DE LURIGANCHO', '0', NULL, NULL),
(520, 3, 520, 12, 17, 'AV. SAN JUAN NRO. 1156 LIMA LIMA SAN JUAN DE MIRAFLORES', 'LA CURACAO SAN JUAN DE MIRAFLORES', '0', NULL, NULL),
(521, 3, 521, 12, 17, 'JR. AUGUSTO B. LEGUIA NRO. 686 (Y NRO : 688) JUNIN SATIPO SATIPO', 'LA CURACAO SATIPO EXPRESS', '0', NULL, NULL),
(522, 3, 522, 12, 17, 'CAL. SUCRE NRO. 601 (03 CUADRAS PLAZA DE ARMAS CALLE LIMA) PIURA SULLANA SULLANA', 'LA CURACAO SULLANA', '0', NULL, NULL),
(523, 3, 523, 12, 17, 'AV. SAN MARTIN NRO. 351 TACNA TACNA TACNA', 'LA CURACAO TACNA', '0', NULL, NULL),
(524, 3, 524, 12, 17, 'CENTRO CIVICO NRO. 275 PIURA TALARA PARIÑAS', 'LA CURACAO TALARA', '0', NULL, NULL),
(525, 3, 525, 12, 17, 'JIRON TAMBES 822 - TAMBOGRANDE - PIURA', 'LA CURACAO TAMBOGRANDE', '0', NULL, NULL),
(526, 3, 526, 12, 17, 'JR. MARTINEZ DE COMPAGÑON NRO. 154 SAN MARTIN SAN MARTIN TARAPOTO', 'LA CURACAO TARAPOTO', '0', NULL, NULL),
(527, 3, 527, 12, 17, 'CAL. LIMA NRO. 773 (CALLE LIMA Y PASCO 773-799,521, 523, 525) JUNIN TARMA TARMA', 'LA CURACAO TARMA', '0', NULL, NULL),
(528, 3, 528, 12, 17, 'AV. RAIMONDI NRO. 587 (AL COSTADO DEL BANCO CONTINENTAL) HUANUCO LEONCIO PRADO RUPA-RUPA', 'LA CURACAO TINGO MARIA', '0', NULL, NULL),
(529, 3, 529, 12, 17, 'JR. FREDY ALIAGA NRO. 428 (COSTADO DE LA COMISARIA TOCACHE) SAN MARTIN TOCACHE TOCACHE', 'LA CURACAO TOCACHE', '0', NULL, NULL),
(530, 3, 530, 12, 17, 'JR. AYACUCHO NRO. 662 (JR.AYACUCHO 668) LA LIBERTAD TRUJILLO TRUJILLO', 'LA CURACAO TRUJILLO', '0', NULL, NULL),
(531, 3, 531, 12, 17, 'AV. JOSE F. SANCHEZ CARRION NRO. 547 LA LIBERTAD TRUJILLO EL PORVENIR', 'LA CURACAO TRUJILLO II', '0', NULL, NULL),
(532, 3, 532, 12, 17, 'JR. SIMON BOLIVAR NRO. 248 (SE CONOCE COMO PASEO LOS LIBERTADORES) TUMBES TUMBES TUMBES', 'LA CURACAO TUMBES', '0', NULL, NULL),
(533, 3, 533, 12, 17, 'AV. SECTOR 2 GRUPO 15 MZA. H LOTE. 6 LIMA LIMA VILLA EL SALVADOR', 'LA CURACAO VILLA EL SALVADOR', '0', NULL, NULL),
(534, 3, 534, 12, 17, 'AV. VILLA MARIA NRO. 907 URB. VILLA MARIA DEL TRIUNFO (AL COSTADO DE LA MUNCIPALIDAD) LIMA LIMA VILLA MARIA DEL TRIUNFO', 'LA CURACAO VILLA MARIA DEL TRIUNFO', '0', NULL, NULL),
(535, 3, 535, 12, 17, 'AV. LA ALAMEDA NRO. S N (SECTOR SANTO TORIBIO - LOTE 2) LA LIBERTAD VIRU VIRU', 'LA CURACAO VIRU', '0', NULL, NULL),
(536, 3, 536, 12, 17, 'CAL. PROGRESO NRO. 210 LORETO ALTO AMAZONAS YURIMAGUAS', 'LA CURACAO YURIMAGUAS', '0', NULL, NULL),
(537, 3, 537, 12, 26, 'AV. ANGAMOS ESTE NRO. 1803 (A 1 CDRA. HOSP.MARILY SOLIER GAVILAN PNP) LIMA LIMA SURQUILLO', 'LA CURACAO ANGAMOS', '0', NULL, NULL),
(538, 3, 538, 12, 5, 'AV. INCA GARCILAZO DE LA VEGA NRO. 1337 (C. CIVICO DE LIMA COSTADO DE SHERATON) LIMA LIMA LIMA', 'LA CURACAO Centro Civico', '0', NULL, NULL),
(539, 3, 539, 12, 17, 'MZA. 11 LOTE. 33 P.J. SAN MARTIN DE PORRAS (AV. DEL EJERCITO 1313/1315) LORETO MAYNAS IQUITOS', 'LA CURACAO IQUITOS II', '0', NULL, NULL),
(540, 3, 540, 12, 30, 'JOCKEY PLAZA NRO. 134 INT. A CENTRO COMERCIAL LIMA LIMA SANTIAGO DE SURCO', 'LA CURACAO Jockey Plaza', '0', NULL, NULL),
(541, 3, 541, 12, 17, 'AV. AREQUIPA NRO. 5291 (ESQUINA CON RICARDO PALMA 119) LIMA LIMA MIRAFLORES', 'LA CURACAO Miraflores', '0', NULL, NULL),
(542, 3, 542, 12, 17, 'AV. PROLONGACION TACNA NRO. 115 (PROLONGACION TACNA 119 - JR.VIRU 356) LIMA LIMA RIMAC', 'LA CURACAO Rimac', '0', NULL, NULL),
(543, 3, 543, 12, 17, 'AV. LIMA LOTE. 14 PIURA PIURA LA UNION', 'LA CURACAO LA UNION', '0', NULL, NULL),
(544, 3, 544, 12, 17, 'AV. LA MARINA NRO. 2255 URB. PANDO LIMA LIMA SAN MIGUEL', 'LA CURACAO SAN MIGUEL', '0', NULL, NULL),
(545, 3, 545, 12, 17, 'JR. SANTORIN NRO. 167 URB. EL VIVERO (ALTURA PUENTE EL DERBY HIPODROMO) LIMA LIMA SANTIAGO DE SURCO', 'LA CURACAO SANTORIN', '0', NULL, NULL),
(546, 3, 546, 12, 17, 'AV. PERU NRO. 1855 LIMA LIMA SAN MARTIN DE PORRES', 'LA CURACAO SAN MARTIN DE PORRES', '0', NULL, NULL),
(547, 3, 547, 12, 17, 'AV. EL DORADO NRO. 1225 (MZ-I LOTE 15 FRENTE MCDO MOCHOQUEQUE) LAMBAYEQUE CHICLAYO JOSE LEONARDO ORTIZ', 'LA CURACAO CHICLAYO III', '0', NULL, NULL),
(548, 3, 548, 12, 38, 'NRO. S N FND. LAS CASUARINAS (C.COMERCIAL REAL PLAZA TRUJILLO LT-04) LA LIBERTAD TRUJILLO TRUJILLO', 'LA CURACAO TRUJILLO REAL', '0', NULL, NULL),
(549, 3, 549, 12, 17, 'CAL. JIRON DE LA UNION NRO. 638 (JR.DE LA UNION 646 - AV.EMANCIPACION 136) LIMA LIMA LIMA', 'LA CURACAO LIMA CENTRO', '0', NULL, NULL),
(550, 3, 550, 13, 17, 'JR. LIBERTAD 124 ABANCAY', 'MARCIMEX ABANCAY', '0', NULL, NULL),
(551, 3, 551, 13, 17, '', 'MARCIMEX AGUAYTIA', '0', NULL, NULL),
(552, 3, 552, 13, 17, 'AV. OLIMPICA NRO. 107 URB. IV CENTENARIO (ACCESO POR CALLE SAN JUAN DE DIOS 654) AREQUIPA AREQUIPA AREQUIPA ', 'MARCIMEX AREQUIPA 2', '0', NULL, NULL),
(553, 3, 553, 13, 17, 'AV. MARISCAL CACERES NRO. 925 AYACUCHO AYACUCHO HUAMANGA AYACUCHO ', 'MARCIMEX AYACUCHO', '0', NULL, NULL),
(554, 3, 554, 13, 17, 'JR. CASTILLA NRO. 243 A.H. CERCADO LIMA BARRANCA BARRANCA', 'MARCIMEX BARRANCA', '0', NULL, NULL),
(555, 3, 555, 13, 17, 'JR. APURIMAC NRO. 823 BARR LA MERCED CAJAMARCA CAJAMARCA CAJAMARCA ', 'MARCIMEX CAJAMARCA-APURIMAC', '0', NULL, NULL),
(556, 3, 556, 13, 17, 'AV. RAMOS NRO. 465 LIMA CAÑETE IMPERIAL', 'MARCIMEX CAÑETE', '0', NULL, NULL),
(557, 3, 557, 13, 17, 'JR. SUCRE MZA. V2 LOTE. 13 BARRIO LA ESPERANZA ANCASH HUAYLAS CARAZ ', 'MARCIMEX CARAZ', '0', NULL, NULL),
(558, 3, 558, 13, 17, 'CAL. ATAHUALPA MZA. X INT. 36A1 SEC CENTRAL LA LIBERTAD ASCOPE CASA GRANDE', 'MARCIMEX CASAGRANDE', '0', NULL, NULL),
(559, 3, 559, 13, 43, 'MZA. C LOTE. 7 CENTRO COMERCIAL ANCASH CASMA CASMA ', 'MARCIMEX CASMA', '0', NULL, NULL),
(560, 3, 560, 13, 17, 'MZA. 28 LOTE. 3 SEC. TUPAC AMARU LAMBAYEQUE CHICLAYO CAYALTI ', 'MARCIMEX CAYALTI', '0', NULL, NULL),
(561, 3, 561, 13, 17, 'JR. AMAZONAS NRO. 632 AMAZONAS CHACHAPOYAS CHACHAPOYAS ', 'MARCIMEX CHACHAPOYAS', '0', NULL, NULL),
(562, 3, 562, 13, 17, 'CAL. SAN PEDRO NRO. 296 P.J. CHEPEN LA LIBERTAD CHEPEN CHEPEN', 'MARCIMEX CHEPEN-SAN PEDRO', '0', NULL, NULL),
(563, 3, 563, 13, 17, 'AV. PEDRO RUIZ NRO. 852 (PEDRO RUIZ 850) LAMBAYEQUE CHICLAYO CHICLAYO', 'MARCIMEX CHICLAYO 2', '0', NULL, NULL),
(564, 3, 564, 13, 17, 'AV. PEDRO RUIZ NRO. 754 LAMBAYEQUE CHICLAYO CHICLAYO', 'MARCIMEX CHICLAYO-PEDRO RUIZ', '0', NULL, NULL),
(565, 3, 565, 13, 17, 'JR. ELIAS AGUIRRE NRO. 323 CASCO URBANO ANCASH SANTA CHIMBOTE', 'MARCIMEX CHIMBOTE 2', '0', NULL, NULL),
(566, 3, 566, 13, 17, 'AV. BENAVIDES NRO. 417 ICA CHINCHA CHINCHA ALTA', 'MARCIMEX CHINCHA', '0', NULL, NULL),
(567, 3, 567, 13, 17, 'CAL. LAMBAYEQUE NRO. 398 CER CERCADO PIURA MORROPON CHULUCANAS', 'MARCIMEX CHULUCANAS', '0', NULL, NULL),
(568, 3, 568, 13, 17, 'CAL. AYACUCHO NRO. 221 CUSCO CUSCO CUSCO ', 'MARCIMEX CUSCO', '0', NULL, NULL),
(569, 3, 569, 13, 17, 'AV. 28 DE JULIO NRO. 191 CERCADO LIMA HUAURA HUACHO', 'MARCIMEX HUACHO', '0', NULL, NULL),
(570, 3, 570, 13, 17, 'JR. RAMON CASTILLA NRO. 240 PBLO. HUAMACHUCO LA LIBERTAD SANCHEZ CARRION HUAMACHUCO', 'MARCIMEX HUAMACHUCO', '0', NULL, NULL),
(571, 3, 571, 13, 17, 'AV. GIRALDEZ NRO. 250 SEC HUANCAYO SCT 14 JUNIN HUANCAYO HUANCAYO', 'MARCIMEX HUANCAYO 3', '0', NULL, NULL),
(572, 3, 572, 13, 17, 'JR. 28 DE JULIO NRO. 1167 HUANUCO HUANUCO HUANUCO', 'MARCIMEX HUANUCO', '0', NULL, NULL),
(573, 3, 573, 13, 17, 'CAL. DERECHA NRO. 549 LIMA HUARAL HUARAL', 'MARCIMEX HUARAL', '0', NULL, NULL),
(574, 3, 574, 13, 17, '', 'MARCIMEX HUARMEY', '0', NULL, NULL),
(575, 3, 575, 13, 17, 'CAL. CALLAO NRO. 128 CERC ICA ICA ICA ICA', 'MARCIMEX ICA', '0', NULL, NULL),
(576, 3, 576, 13, 17, 'JR. MOQUEGUA NRO. 434 MOQUEGUA ILO ILO', 'MARCIMEX ILO', '0', NULL, NULL),
(577, 3, 577, 13, 17, 'JR. PROSPERO NRO. 441 SECTOR 4 IQUITOS LORETO MAYNAS IQUITOS', 'MARCIMEX IQUITOS', '0', NULL, NULL),
(578, 3, 578, 13, 17, 'CAL. MESONES MURO NRO. 157 INT. B MORRO SOLAR CAJAMARCA JAEN JAEN', 'MARCIMEX JAEN', '0', NULL, NULL),
(579, 3, 579, 13, 17, 'JR. HUALLAGA NRO. 1085 SAN MARTIN MARISCAL CACERES JUANJUI', 'MARCIMEX JUANJUI', '0', NULL, NULL),
(580, 3, 580, 13, 17, 'JR. MARIANO E NUÑEZ NRO. 239 PUNO SAN ROMAN JULIACA', 'MARCIMEX JULIACA', '0', NULL, NULL),
(581, 3, 581, 13, 17, 'JR. LIMA CDRA. 2 NRO. ---- JUNIN CHANCHAMAYO CHANCHAMAYO', 'MARCIMEX LA MERCED', '0', NULL, NULL),
(582, 3, 582, 13, 17, 'CAL. LIMA NRO. 461 PIURA PIURA LA UNION', 'MARCIMEX LA UNION', '0', NULL, NULL),
(583, 3, 583, 13, 17, 'CAL. LAS CAPULLANAS NRO. 0115 URB. PROCERES DE LA INDEPENDEN LAMBAYEQUE LAMBAYEQUE LAMBAYEQUE', 'MARCIMEX LAMBAYEQUE', '0', NULL, NULL),
(584, 3, 584, 13, 17, 'MZA. D LOTE. 8 URB. ARTADI CASTILLO (PLAZA DE ARMAS) LIMA CAÑETE MALA', 'MARCIMEX MALA', '0', NULL, NULL),
(585, 3, 585, 13, 17, 'AV. GRAU NRO. 229 CENT MANCORA (PLAZA DE ARMAS) PIURA TALARA MANCORA', 'MARCIMEX MANCORA', '0', NULL, NULL),
(586, 3, 586, 13, 17, '', 'MARCIMEX MARISCAL NIETO', '0', NULL, NULL),
(587, 3, 587, 13, 17, 'CALLE SAN JUAM DE DIOS 654 AREQUIPA PERU', 'MARCIMEX MOLLENDO', '0', NULL, NULL),
(588, 3, 588, 13, 17, 'JR. A. DE ALVARADO NRO. 764 SAN MARTIN MOYOBAMBA MOYOBAMBA', 'MARCIMEX MOYOBAMBA', '0', NULL, NULL),
(589, 3, 589, 13, 17, 'CAL. LIMA NRO. 408 ICA NAZCA NAZCA', 'MARCIMEX NAZCA', '0', NULL, NULL),
(590, 3, 590, 13, 17, ' AV. PACIFICO NRO. 428 ANCASH SANTA NUEVO CHIMBOTE ', 'MARCIMEX NUEVO CHIMBOTE', '0', NULL, NULL),
(591, 3, 591, 13, 17, 'CAL. BOLOGNESI NRO. 866 LAMBAYEQUE LAMBAYEQUE OLMOS', 'MARCIMEX OLMOS', '0', NULL, NULL),
(592, 3, 592, 13, 17, 'CAL. TACNA NRO. 616 PUEBLO OTUZCO LA LIBERTAD OTUZCO OTUZCO ', 'MARCIMEX OTUZCO', '0', NULL, NULL),
(593, 3, 593, 13, 17, 'CAL. ADOLFO KING NRO. 69 CERCADO LA LIBERTAD PACASMAYO PACASMAYO', 'MARCIMEX PACASMAYO', '0', NULL, NULL),
(594, 3, 594, 13, 17, 'MLC. JORGE CHAVEZ NRO. 300 PIURA PAITA PAITA', 'MARCIMEX PAITA-JORGE CHAVEZ', '0', NULL, NULL),
(595, 3, 595, 13, 17, 'PACHACUTEC YUPANQUI NRO. 823 ICA ICA PARCONA ', 'MARCIMEX PARCONA', '0', NULL, NULL),
(596, 3, 596, 13, 17, 'CAL. COMERCIO NRO. 142A ICA PISCO PISCO', 'MARCIMEX PISCO', '0', NULL, NULL),
(597, 3, 597, 13, 17, 'AV. GRAU NRO. 299 PIURA PIURA PIURA', 'MARCIMEX PIURA-GRAU', '0', NULL, NULL),
(598, 3, 598, 13, 17, 'JR. RAIMONDI NRO. 451 INT. A (PLAZA DE ARMAS) UCAYALI CORONEL PORTILLO CALLERIA', 'MARCIMEX PUCALLPA', '0', NULL, NULL),
(599, 3, 599, 13, 17, 'JR. LIBERTAD NRO. 624 CUSCO LA CONVENCION SANTA ANA ', 'MARCIMEX QUILLABAMBA', '0', NULL, NULL),
(600, 3, 600, 13, 17, 'CAL. SAN MARTIN NRO. 314 CENT. SECHURA PIURA SECHURA SECHURA', 'MARCIMEX SECHURA', '0', NULL, NULL),
(601, 3, 601, 13, 17, 'CAL. SUCRE SAN MARTIN Y E PALA NRO. S-N (PASAJE PEATONAL ECOLOGICO ENRIQUE PALACI) PIURA SULLANA SULLANA', 'MARCIMEX SULLANA-SAN MARTIN', '0', NULL, NULL),
(602, 3, 602, 13, 17, 'AV. SAN MARTIN NRO. 716 TACNA TACNA TACNA', 'MARCIMEX TACNA', '0', NULL, NULL),
(603, 3, 603, 13, 17, 'AV. A NRO. 77 PIURA TALARA PARIÑAS', 'MARCIMEX TALARA AV UNO', '0', NULL, NULL),
(604, 3, 604, 13, 17, 'JR. TUMBES NRO. 760 PIURA PIURA TAMBO GRANDE', 'MARCIMEX TAMBOGRANDE', '0', NULL, NULL),
(605, 3, 605, 13, 17, 'JR. MARTINEZ DE COMPAGNON NRO. 238 SAN MARTIN SAN MARTIN TARAPOTO', 'MARCIMEX TARAPOTO', '0', NULL, NULL),
(606, 3, 606, 13, 17, 'AV. ANTONIO RAIMONDI NRO. 478 TINGO MARIA HUANUCO LEONCIO PRADO RUPA-RUPA', 'MARCIMEX TINGO MARIA', '0', NULL, NULL),
(607, 3, 607, 13, 17, 'JR. FREDDY ALIAGA NRO. 295 (PLAZA DE ARMAS) SAN MARTIN TOCACHE TOCACHE', 'MARCIMEX TOCACHE', '0', NULL, NULL),
(608, 3, 608, 13, 17, 'CAL. BOLIVAR NRO. 693 (CALLE BOLIVAR 693-699 Y JUNIN 584-588) LA LIBERTAD TRUJILLO TRUJILLO', 'MARCIMEX TRUJ - JUNIN 1', '0', NULL, NULL),
(609, 3, 609, 13, 17, 'JR. AYACUCHO NRO. 646 CENT CERCADO TRUJILLO LA LIBERTAD TRUJILLO TRUJILLO', 'MARCIMEX TRUJILLO - AYACUCHO2', '0', NULL, NULL),
(610, 3, 610, 13, 17, 'CAL. BOLIVAR NRO. 228 TUMBES TUMBES TUMBES', 'MARCIMEX TUMBES-BOLIVAR', '0', NULL, NULL),
(611, 3, 611, 13, 17, 'CAL. LA ALAMEDA NRO. 240 (PLAZA DE ARMAS) LA LIBERTAD VIRU VIRU', 'MARCIMEX VIRU', '0', NULL, NULL),
(612, 3, 612, 13, 17, 'NRO. 129 PLAZA DE ARMAS LORETO ALTO AMAZONAS YURIMAGUAS', 'MARCIMEX YURIMAGUAS', '0', NULL, NULL),
(613, 3, 613, 13, 17, 'CAL. BOLIVAR NRO. 726 LA LIBERTAD TRUJILLO TRUJILLO', 'MARCIMEX TRUJILLO-BOLIVAR', '0', NULL, NULL),
(614, 3, 614, 13, 17, '----', 'MARCIMEX MAYOREO LIMA ARENALES', '0', NULL, NULL),
(615, 3, 615, 13, 17, 'CAL. JERUSALEN NRO. 201 (201F-G) AREQUIPA AREQUIPA AREQUIPA', 'MARCIMEX AREQUIPA', '0', NULL, NULL),
(616, 3, 616, 13, 17, 'AV. SANCHEZ CERRO NRO. 932 CERCADO URBANO PIURA PIURA PIURA', 'MARCIMEX PIURA 2', '0', NULL, NULL),
(617, 3, 617, 13, 17, 'JR LADISLAO ESPINAR 509 PRIMER PISO TIENDA 03 ANCASH SANTA CHIMBOTE', 'MARCIMEX ESPINAR', '0', NULL, NULL),
(618, 3, 618, 13, 17, 'CAL. REAL NRO. 534 JUNIN HUANCAYO HUANCAYO', 'MARCIMEX HUANCAYO 2', '0', NULL, NULL),
(619, 3, 619, 13, 17, 'JR. DOS DE MAYO NRO. 620 (ESQUINA FERROCARRIL Y JR. DOS DE MAYO) JUNIN HUANCAYO HUANCAYO', 'MARCIMEX HUANCAYO 1', '0', NULL, NULL),
(620, 3, 620, 13, 17, 'AV.ATAHUALPA MZ.X LT.36 DORADO1299', 'MARCIMEX MOSHOQUEQUE', '0', NULL, NULL),
(621, 3, 621, 13, 17, 'AV. SANCHEZ CARRION NRO. 542 P.J. EL PORVENIR LA LIBERTAD TRUJILLO EL PORVENIR', 'MARCIMEX PORVENIR', '0', NULL, NULL),
(622, 3, 622, 14, 17, 'AV. ARENAS NRO. 188 (ARENAS 190) APURIMAC ABANCAY ABANCAY', 'TIENDAS EFE ABANCAY', '0', NULL, NULL),
(623, 3, 623, 14, 17, 'CAL. MERCADERES NRO. 132 CERCADO (132-134-136) AREQUIPA AREQUIPA AREQUIPA', 'TIENDAS EFE AREQUIPA I', '0', NULL, NULL),
(624, 3, 624, 14, 17, 'AV. ANDRES AVELINO CACERES MZA. G LOTE. 4A AREQUIPA AREQUIPA JOSE LUIS BUSTAMANTE Y RIVERO', 'TIENDAS EFE AREQUIPA II', '0', NULL, NULL),
(625, 3, 625, 14, 17, 'AV. MARISCAL CASTILLA NRO. 626 CERCADO AREQUIPA AREQUIPA AREQUIPA ', 'TIENDAS EFE AREQUIPA III', '0', NULL, NULL),
(626, 3, 626, 14, 31, 'CALLE MARAÑON 509 CERRO COLORADO', 'TIENDAS EFE AREQUIPA IV', '0', NULL, NULL),
(627, 3, 627, 14, 17, 'MZA. L LOTE. 25 URB. LOS ANGELES (AV. NICOLAS AYLLON) LIMA LIMA ATE', 'TIENDAS EFE ATE VITARTE 2', '0', NULL, NULL),
(628, 3, 628, 14, 17, 'JR. ASAMBLEA NRO. 277 AYACUCHO HUAMANGA AYACUCHO ', 'TIENDAS EFE AYACUCHO', '0', NULL, NULL),
(629, 3, 629, 14, 17, 'JR. ALFONSO UGARTE NRO. 458 CAJAMARCA HUALGAYOC BAMBAMARCA', 'TIENDAS EFE BAMBAMARCA', '0', NULL, NULL),
(630, 3, 630, 14, 17, 'JR. CASTILLA  NRO. 285 LIMA BARRANCA BARRANCA', 'TIENDAS EFE BARRANCA', '0', NULL, NULL),
(631, 3, 631, 14, 17, 'SECTOR II MZA. E8 LOTE. 01 PROG. CIUDAD M. CACERES (GRUPO RESIDENCIAL E - BARRIO 01) LIMA LIMA SAN JUAN DE LURIGANCHO', 'TIENDAS EFE CACERES', '0', NULL, NULL),
(632, 3, 632, 14, 17, 'JR. CELSO BENIGNO CALDERON NRO. 118 (1ER PISO) CAJAMARCA CAJABAMBA CAJABAMBA', 'TIENDAS EFE CAJABAMBA', '0', NULL, NULL),
(633, 3, 633, 14, 17, 'JR. DOS DE MAYO NRO. 566 CAJAMARCA CAJAMARCA CAJAMARCA ', 'TIENDAS EFE CAJAMARCA I', '0', NULL, NULL),
(634, 3, 634, 14, 17, 'AV.ATAHUALPA NRO.180 CAJAMARCA CAJAMARCA CAJAMARCA', 'TIENDAS EFE CAJAMARCA II', '0', NULL, NULL),
(635, 3, 635, 14, 17, 'AV. LIMA NRO. 272 (ESQ. CON JIRON SAMUEL PASTOR) AREQUIPA CAMANA CAMANA', 'TIENDAS EFE CAMANA', '0', NULL, NULL),
(636, 3, 636, 14, 17, 'JR. 28 DE JULIO NRO. 301 (JR. 28 DE JULIO 301 - 315) LIMA CAÑETE IMPERIAL', 'TIENDAS EFE CAÑETE', '0', NULL, NULL),
(637, 3, 637, 14, 17, 'MZA. 1-J LOTE. 1 P.J. EL PROGRESO LIMA LIMA CARABAYLLO', 'TIENDAS EFE CARABAYLLO', '0', NULL, NULL),
(638, 3, 638, 14, 17, 'AV. TREN NRO. A5-6 (SEC. SECTOR CENTRAL) LA LIBERTAD ASCOPE CASA GRANDE', 'TIENDAS EFE CASA GRANDE', '0', NULL, NULL),
(639, 3, 639, 14, 17, 'JR. SAN CRISTOBAL NRO. 196 PASCO PASCO CHAUPIMARCA / JR. MORALES JANAMPA NRO. 199 PASCO PASCO CHAUPIMARCA', 'TIENDAS EFE CERRO DE PASCO', '0', NULL, NULL),
(640, 3, 640, 14, 17, 'JR. ATAHUALPA NRO. 420 LA LIBERTAD CHEPEN CHEPEN', 'TIENDAS EFE CHEPEN', '0', NULL, NULL),
(641, 3, 641, 14, 17, 'AV. LUIS GONZALES NRO. 1309 INT. 1313 LAMBAYEQUE CHICLAYO CHICLAYO', 'TIENDAS EFE CHICLAYO I', '0', NULL, NULL),
(642, 3, 642, 14, 17, 'AV. PEDRO RUIZ NRO. 971 LAMBAYEQUE CHICLAYO CHICLAYO', 'TIENDAS EFE CHICLAYO II', '0', NULL, NULL),
(643, 3, 643, 14, 17, 'JR. LEONCIO PRADO NRO. 541 CERCADO (541-545-547 1 PISO) ANCASH SANTA CHIMBOTE', 'TIENDAS EFE CHIMBOTE', '0', NULL, NULL),
(644, 3, 644, 14, 17, 'MZA. F LOTE. 3 URB. BUENOS AIRES ANCASH SANTA NUEVO CHIMBOTE', 'TIENDAS EFE CHIMBOTE 2', '0', NULL, NULL),
(645, 3, 645, 14, 17, 'AV. MARISCAL BENAVIDES NRO. 265 ICA CHINCHA CHINCHA ALTA', 'TIENDAS EFE CHINCHA', '0', NULL, NULL),
(646, 3, 646, 14, 17, 'LURIGANCHO Dirección: JR. 28 DE JULIO 0398 ', 'TIENDAS EFE CHOSICA', '0', NULL, NULL),
(647, 3, 647, 14, 17, 'AV. TUPAC AMARU NRO. 3123 INT. 1 URB. HUAQUILLAY (3123-3125, CHACRA CERRO) LIMA LIMA COMAS', 'TIENDAS EFE COMAS II', '0', NULL, NULL),
(648, 3, 648, 14, 17, 'CAL. AYACUCHO NRO. 141 CERCADO (PROLONGACION) CUSCO CUSCO CUSCO', 'TIENDAS EFE CUSCO I', '0', NULL, NULL),
(649, 3, 649, 14, 17, 'PROGRAMA MI VIVIENDA TTIO MZA. B2 LOTE. 12 CUSCO CUSCO WANCHAQ', 'TIENDAS EFE CUSCO II', '0', NULL, NULL),
(650, 3, 650, 14, 17, 'AV. 28 DE JULIO NRO. 544 LIMA HUAURA HUACHO', 'TIENDAS EFE HUACHO', '0', NULL, NULL),
(651, 3, 651, 14, 17, 'JR. BALTA NRO. 490 (ESQ. CON SANCHEZ CARRION) LA LIBERTAD SANCHEZ CARRION HUAMACHUCO', 'TIENDAS EFE HUAMACHUCO', '0', NULL, NULL),
(652, 3, 652, 14, 17, ' CALLE SAN MARTÍN N° 106 - 108, PLAZA DE ARMAS, HUANCABAMBA', 'TIENDAS EFE HUANCABAMBA', '0', NULL, NULL),
(653, 3, 653, 14, 17, 'CAL. REAL NRO. 500 JUNIN HUANCAYO HUANCAYO', 'TIENDAS EFE HUANCAYO I', '0', NULL, NULL),
(654, 3, 654, 14, 17, 'AV. FERROCARRIL NRO. 1070 JUNIN HUANCAYO HUANCAYO', 'TIENDAS EFE HUANCAYO II', '0', NULL, NULL),
(655, 3, 655, 14, 17, 'AV. ANDRES A. CACERES N° 113 - HUANTA', 'TIENDAS EFE HUANTA', '0', NULL, NULL),
(656, 3, 656, 14, 17, 'JR. DOS DE MAYO NRO. 1145 (1145, 1151, 1153 Y 1153A) HUANUCO HUANUCO HUANUCO', 'TIENDAS EFE HUANUCO', '0', NULL, NULL),
(657, 3, 657, 14, 17, 'CAL. DERECHA NRO. 516 LIMA HUARAL HUARAL', 'TIENDAS EFE HUARAL', '0', NULL, NULL),
(658, 3, 658, 14, 17, 'AV. LUZURRIAGA NRO. 455 HUARAZ ANCASH HUARAZ HUARAZ', 'TIENDAS EFE HUARAZ', '0', NULL, NULL),
(659, 3, 659, 14, 21, 'AV. CANTO GRANDE NRO. 3731 CENTRO COMERCIAL HUASCAR (MZ B LOTE 6) LIMA LIMA SAN JUAN DE LURIGANCHO', 'TIENDAS EFE HUASCAR', '0', NULL, NULL),
(660, 3, 660, 14, 17, 'LOTE. 56 P.J. PROY. ESP. HUAYCAN UCV 20 (ZONA A 1ER Y 2SO PISO) LIMA LIMA ATE', 'TIENDAS EFE HUAYCAN', '0', NULL, NULL),
(661, 3, 661, 14, 17, 'CAL. LIMA NRO. 240 ICA ICA ICA', 'TIENDAS EFE ICA', '0', NULL, NULL),
(662, 3, 662, 14, 17, 'JR. 28 DE JULIO NRO. 622 MOQUEGUA ILO ILO', 'TIENDAS EFE ILO', '0', NULL, NULL),
(663, 3, 663, 14, 17, 'JR. PROSPERO NRO. 460 (JR PROSPERO 460 462) LORETO MAYNAS IQUITOS', 'TIENDAS EFE IQUITOS I', '0', NULL, NULL),
(664, 3, 664, 14, 17, 'AV. QUIÑONES KM. 1.5 LORETO MAYNAS IQUITOS', 'TIENDAS EFE IQUITOS II', '0', NULL, NULL),
(665, 3, 665, 14, 17, 'AV. MESONES MURO NRO. 148 CAJAMARCA JAEN JAEN ', 'TIENDAS EFE JAEN', '0', NULL, NULL),
(666, 3, 666, 14, 17, 'JR. LA MERCED NRO. 286 (ESQ. JR. HUALLAGA 499) SAN MARTIN MARISCAL CACERES JUANJUI', 'TIENDAS EFE JUANJUI', '0', NULL, NULL),
(667, 3, 667, 14, 17, 'JR. BRACESCO NRO. 439 PUNO SAN ROMAN JULIACA', 'TIENDAS EFE JULIACA', '0', NULL, NULL),
(668, 3, 668, 14, 17, 'JR. TARMA NRO. 548 LA MERCED JUNIN CHANCHAMAYO CHANCHAMAYO', 'TIENDAS EFE LA MERCED', '0', NULL, NULL),
(669, 3, 669, 14, 17, 'AV. LIMA NRO. 901 PIURA PIURA LA UNION', 'TIENDAS EFE LA UNION', '0', NULL, NULL),
(670, 3, 670, 14, 17, 'MZA. B LOTE. A URB. LAS VIRREYNAS (LOTES A Y 6-A-FRENTE A LA AV.AUX.ROSENVE) LIMA LIMA LURIN', 'TIENDAS EFE LURIN', '0', NULL, NULL),
(671, 3, 671, 14, 17, 'AV. 28 DE JULIO N° 622', 'TIENDAS EFE MOQUEGUA', '0', NULL, NULL),
(672, 3, 672, 14, 17, 'AV. TUPAC AMARU NRO. 499 LAMBAYEQUE LAMBAYEQUE MOTUPE', 'TIENDAS EFE MOTUPE', '0', NULL, NULL),
(673, 3, 673, 14, 17, 'JR. PEDRO CANGA NRO. 474 CENTRO SAN MARTIN MOYOBAMBA MOYOBAMBA', 'TIENDAS EFE MOYOBAMBA', '0', NULL, NULL),
(674, 3, 674, 14, 17, 'JR. BOLOGNESI NRO. 391 (391-393) ICA NAZCA NAZCA', 'TIENDAS EFE NAZCA', '0', NULL, NULL),
(675, 3, 675, 14, 17, 'CAL. MALECÓN JORGE CHÁVEZ NRO. 224 PIURA PAITA PAITA', 'TIENDAS EFE PAITA', '0', NULL, NULL),
(676, 3, 676, 14, 17, 'CAL. JAZMIN NRO. 142 URB. PISCOA ICA PISCO PISCO', 'TIENDAS EFE PISCO', '0', NULL, NULL),
(677, 3, 677, 14, 17, 'AV. GRAU NRO. 193 CERCADO PIURA PIURA PIURA', 'TIENDAS EFE PIURA', '0', NULL, NULL),
(678, 3, 678, 14, 17, 'MZA. F LOTE. 22 ASOC.PRO VVDA ESTRELLA (1ER Y 2DO MPISO) LIMA LIMA LOS OLIVOS', 'TIENDAS EFE PRO', '0', NULL, NULL),
(679, 3, 679, 14, 17, 'JR. RAIMONDI NRO. 698 UCAYALI CORONEL PORTILLO CALLERIA', 'TIENDAS EFE PUCALLPA', '0', NULL, NULL),
(680, 3, 680, 14, 17, 'AV. PUENTE PIEDRA NRO. 219 (PRIMER PISO) LIMA LIMA PUENTE PIEDRA', 'TIENDAS EFE PUENTE PIEDRA', '0', NULL, NULL),
(681, 3, 681, 14, 17, 'AV. LEON VELARDE NRO. 460 MADRE DE DIOS TAMBOPATA TAMBOPATA', 'TIENDAS EFE PUERTO MALDONADO', '0', NULL, NULL),
(682, 3, 682, 14, 17, 'JR. LIBERTAD NRO. 237 (PUERTAS 231-235-237-239) PUNO PUNO PUNO', 'TIENDAS EFE PUNO', '0', NULL, NULL),
(683, 3, 683, 14, 17, 'JR. QUILLABAMBA NRO. 156 CUSCO LA CONVENCION SANTA ANA ', 'TIENDAS EFE QUILLABAMBA', '0', NULL, NULL),
(684, 3, 684, 14, 17, 'AV. PROCERES DE LA INDEPENDEN NRO. 1948 URB. SAN HILARION LIMA LIMA SAN JUAN DE LURIGANCHO', 'TIENDAS EFE SAN JUAN DE LURIGANCHO', '0', NULL, NULL),
(685, 3, 685, 14, 17, 'AV. LOS HEROES NRO. 478 (478 / 480) LIMA LIMA SAN JUAN DE MIRAFLORES', 'TIENDAS EFE SAN JUAN DE MIRAFLORES', '0', NULL, NULL),
(686, 3, 686, 14, 17, 'MZA. 25 LOTE. 1 A.H. URBANIZACIÓN PERU (SECTOR II, 2° ZONA) LIMA LIMA SAN MARTIN DE PORRES', 'TIENDAS EFE SAN MARTIN DE PORRES', '0', NULL, NULL),
(687, 3, 687, 14, 17, 'AV. JOSE DE LAMA MZA. 12 LOTE. 2 C.P. BARRIO LETICIA (PRIMER PISO) PIURA SULLANA SULLANA', 'TIENDAS EFE SULLANA', '0', NULL, NULL),
(688, 3, 688, 14, 17, 'AV. BOLOGNESI NRO. 696 TACNA TACNA ALTO DE LA ALIANZA', 'TIENDAS EFE TACNA', '0', NULL, NULL),
(689, 3, 689, 14, 17, 'AV. GRAU NRO. 137 CENTRO CIVICO (GRAU 137-141) PIURA TALARA PARIÑAS', 'TIENDAS EFE TALARA', '0', NULL, NULL),
(690, 3, 690, 14, 17, 'JR. JIMENEZ PIMENTEL NRO. 250 (250-256) SAN MARTIN SAN MARTIN TARAPOTO', 'TIENDAS EFE TARAPOTO', '0', NULL, NULL),
(691, 3, 691, 14, 17, 'JR. LIMA NRO. 284 (JIRON LIMA 284-290) JUNIN TARMA TARMA', 'TIENDAS EFE TARMA', '0', NULL, NULL),
(692, 3, 692, 14, 17, 'CAL. RAYMONDI NRO. 379 (TINGO MARIA) HUANUCO LEONCIO PRADO RUPA-RUPA', 'TIENDAS EFE TINGO MARIA', '0', NULL, NULL),
(693, 3, 693, 14, 17, 'JR. BOLIVAR NRO. 700 CENTRO LA LIBERTAD TRUJILLO TRUJILLO', 'TIENDAS EFE TRUJILLO I', '0', NULL, NULL),
(694, 3, 694, 14, 17, 'AV. SANCHEZ CARRION NRO. 557 LA LIBERTAD TRUJILLO EL PORVENIR', 'TIENDAS EFE TRUJILLO II', '0', NULL, NULL),
(695, 3, 695, 14, 17, 'CAL. BOLIVAR NRO. 225 CERCADO TUMBES TUMBES TUMBES', 'TIENDAS EFE TUMBES', '0', NULL, NULL),
(696, 3, 696, 14, 17, 'GRUPO RESIDENCIAL C2 MZA. H LOTE. 4 PROY. PILOTO PACHACUTEC (SECTOR C) PROV. CONST. DEL CALLAO PROV. CONST. DEL CALLAO VENTANILLA', 'TIENDAS EFE VENTANILLA BOULEVAR', '0', NULL, NULL),
(697, 3, 697, 14, 17, 'MZA. A LOTE. 13 P.J. VILLA EL SALVADOR (GRUPO RESIDENCIAL 13, SECTOR TERCERO) LIMA LIMA VILLA EL SALVADOR', 'TIENDAS EFE VILLA EL SALVADOR', '0', NULL, NULL),
(698, 3, 698, 14, 17, 'AV. PACHACUTEC NRO. 2143 LIMA LIMA VILLA MARIA DEL TRIUNFO', 'TIENDAS EFE VILLA MARIA DEL TRIUNFO', '0', NULL, NULL),
(699, 3, 699, 14, 17, 'AV. LA ALAMEDA NRO. 298 LA LIBERTAD VIRU VIRU', 'TIENDAS EFE VIRU', '0', NULL, NULL),
(700, 3, 700, 14, 17, 'PLAZA DE ARMAS NRO. 101 (ESQUINA CON MARISCAL CASTILLA) LORETO ALTO AMAZONAS YURIMAGUAS', 'TIENDAS EFE YURIMAGUAS', '0', NULL, NULL),
(701, 3, 701, 14, 17, 'CAL. F NRO. O-1 LOTE. 19 URB. ZARATE (1 Y 2DO PISO, AV. GRAN CHIMU 384) LIMA LIMA SAN JUAN DE LURIGANCHO', 'TIENDAS EFE ZARATE', '0', NULL, NULL),
(702, 3, 702, 14, 17, '', 'TIENDAS EFE AREQUIPA V', '0', NULL, NULL),
(703, 3, 703, 14, 17, 'MZA. C LOTE. 4 ASOC VIV VIRGEN DL CARMEN LIMA LIMA ATE', 'TIENDAS EFE ATE VITARTE', '0', NULL, NULL),
(704, 3, 704, 14, 17, 'MZA. Q LOTE. 4A A.H. SANTA CRUZ (JR. TUMBES 815) PIURA PIURA TAMBO GRANDE', 'TIENDAS EFE TAMBOGRANDE', '0', NULL, NULL),
(705, 3, 705, 14, 17, 'AV. PANAMERICANA MZA. B LOTE. 15 URB. EL FERROCARRIL LA LIBERTAD ASCOPE CHOCOPE', 'TIENDAS EFE CHOCOPE', '0', NULL, NULL),
(706, 3, 706, 14, 31, 'GUADALUPE VICTORIA 185 Y JR. PEDRO MURILLO 1278 LA ESPERANZA', 'TIENDAS EFE LA ESPERANZA', '0', NULL, NULL),
(707, 3, 707, 14, 17, 'AV. 225 MZ H LT 4 SECTOR C - PROYECTO PACHACUTEC - VENTANILLA - CALLAO', 'TIENDAS EFE PACHACUTEC', '0', NULL, NULL),
(708, 3, 708, 14, 17, 'JR. APURIMAC NRO. 684 (684-688) PIURA MORROPON CHULUCANAS ', 'TIENDAS EFE CHULUCANAS', '0', NULL, NULL),
(709, 3, 709, 14, 17, 'AV. TUPAC AMARU NRO. 4101 URB. SAN AGUSTIN (ESQUINA CON C. VALLEJOS 100,106,112,118) LIMA LIMA COMAS', 'TIENDAS EFE COMAS', '0', NULL, NULL),
(710, 3, 710, 14, 17, 'CAL. TRES CRUCES DE ORO NRO. 191 CUSCO CUSCO CUSCO', 'TIENDAS EFE CUSCO 3', '0', NULL, NULL),
(711, 3, 711, 14, 17, 'AV. EL DORADO NRO. 1261 (1261-1263) LAMBAYEQUE CHICLAYO JOSE LEONARDO ORTIZ', 'TIENDAS EFE CHICLAYO IV', '0', NULL, NULL),
(712, 3, 712, 14, 17, 'GRUPO D MZA. D1 LOTE. 16 AGRUPAMIENTO MI PERU PROV. CONST. DEL CALLAO PROV. CONST. DEL CALLAO VENTANILLA', 'TIENDAS EFE VENTANILLA MI PERU', '0', NULL, NULL),
(713, 3, 713, 14, 17, 'JR. ANDAHUAYLAS N° 256 (FRENTE AL PARQUE)', 'TIENDAS EFE ANDAHUAYLAS', '0', NULL, NULL),
(714, 4, 714, 15, 17, '', 'CHANCAFE BAGUA', '0', NULL, NULL),
(715, 4, 715, 15, 17, 'CHACHAPOYAS NRO. 1875 AMAZONAS UTCUBAMBA BAGUA GRANDE ', 'CHANCAFE BAGUA GRANDE', '0', NULL, NULL),
(716, 4, 716, 15, 17, 'CAL. CORONEL ARGUEDAS NRO. 482 CAJAMARCA HUALGAYOC BAMBAMARCA ', 'CHANCAFE BAMBAMARCA', '0', NULL, NULL),
(717, 4, 717, 15, 17, 'JR. BOLOGNESI NRO. 557 CAJAMARCA CAJABAMBA CAJABAMBA', 'CHANCAFE CAJABAMBA', '0', NULL, NULL),
(718, 4, 718, 15, 17, 'JR. AMALIA PUGA NRO. 778 BARR. SAN SEBASTIAN CAJAMARCA CAJAMARCA CAJAMARCA ', 'CHANCAFE CAJAMARCA 2', '0', NULL, NULL),
(719, 4, 719, 15, 17, 'JR. AMAZONAS NRO. 710 BARRIO LA LAGUNA AMAZONAS CHACHAPOYAS CHACHAPOYAS ', 'CHANCAFE CHACHAPOYAS', '0', NULL, NULL),
(720, 4, 720, 15, 17, 'CALLE SAN PEDRO 179 - CHEPEN', 'CHANCAFE CHEPEN', '0', NULL, NULL),
(721, 4, 721, 15, 17, 'AV. PEDRO RUIZ NRO. 767 LAMBAYEQUE CHICLAYO CHICLAYO', 'CHANCAFE CHICLAYO - PRINCIPAL', '0', NULL, NULL),
(722, 4, 722, 15, 17, 'AV. PEDRO RUIZ NRO. 1039 LAMBAYEQUE CHICLAYO CHICLAYO', 'CHANCAFE CHICLAYO 2', '0', NULL, NULL),
(723, 4, 723, 15, 17, 'JR. GARCILAZO DE LA VEGA NRO. 113 CAJAMARCA CHOTA CHOTA', 'CHANCAFE CHOTA', '0', NULL, NULL),
(724, 4, 724, 15, 17, 'CAL. MESONES MURO NRO. 108 MORRO SOLAR CAJAMARCA JAEN JAEN', 'CHANCAFE JAEN - 108', '0', NULL, NULL),
(725, 4, 725, 15, 17, 'AV. MESONES MURO NRO. 210 INT. T29 SEC.MORRO SOLAR CAJAMARCA JAEN JAEN', 'CHANCAFE JAEN - 210', '0', NULL, NULL),
(726, 4, 726, 15, 17, 'CALLE HUALLAGA N° 876 - JUANJUI - TARAPOTO', 'CHANCAFE JUANJUI', '0', NULL, NULL),
(727, 4, 727, 15, 17, '', 'CHANCAFE LA UNION', '0', NULL, NULL),
(728, 4, 728, 15, 17, 'JR. PEDRO CANGA 482 MOYOBAMBA ', 'CHANCAFE MOYOBAMBA', '0', NULL, NULL),
(729, 4, 729, 15, 17, 'AV. CAJAMARCA SUR NRO. 218 SAN MARTIN RIOJA NUEVA CAJAMARCA', 'CHANCAFE NVA. CAJAMARCA', '0', NULL, NULL),
(730, 4, 730, 15, 17, 'AV. SANCHEZ CERRO 434 PIURA PIURA PIURA', 'CHANCAFE PIURA', '0', NULL, NULL),
(731, 4, 731, 15, 17, 'JIRON ALMIRANTE GRAU 761- RIOJA', 'CHANCAFE RIOJA', '0', NULL, NULL),
(732, 4, 732, 15, 17, 'JR. BOLIVAR 344 SECHURA - PIURA', 'CHANCAFE SECHURA', '0', NULL, NULL),
(733, 4, 733, 15, 17, 'CALLE PEDRO DE URZUA 157', 'CHANCAFE TARAPOTO', '0', NULL, NULL),
(734, 4, 734, 15, 17, 'JR. AYACUCHO 653 ', 'CHANCAFE TRUJ - AYAC', '0', NULL, NULL),
(735, 4, 735, 15, 17, 'JR. JUNIN 593 ND :CENTRO', 'CHANCAFE TRUJ - JUN', '0', NULL, NULL),
(736, 4, 736, 15, 17, 'JR. MARISCAL CASTILLA 118', 'CHANCAFE YURIMAGUAS', '0', NULL, NULL),
(737, 4, 737, 15, 17, 'JR.TACNA NRO 563.CENTO DE OTUZCO', 'CHANCAFE OTUZCO', '0', NULL, NULL),
(738, 4, 738, 15, 17, 'JR. JOSE GALVEZ NRO. 317 CAJAMARCA CELENDIN CELENDIN', 'CHANCAFE CELENDIN', '0', NULL, NULL),
(739, 4, 739, 15, 17, 'JR. HUAYABAMBA NRO. 510 CENTRO SAN NICOLAS (JIRON HUAYABAMBA 517) AMAZONAS RODRIGUEZ DE MENDOZA SAN NICOLAS', 'CHANCAFE RODRIGUEZ DE MENDOZA', '0', NULL, NULL),
(740, 4, 740, 16, 17, 'AV. LUZURIAGA 439', 'Chauca HUARAZ', '0', NULL, NULL),
(741, 4, 741, 17, 17, 'JR. PARURO 843 CERCADO DE LIMA', 'COMERCIAL COUNTRY LIMA 1', '0', NULL, NULL),
(742, 4, 742, 18, 17, 'MZA. H LOTE. 1 URB. PUERTA VERDE AREQUIPA - AREQUIPA - JOSE LUIS BUSTAMANTE Y RIVERO', 'CORPORACION ROCIO S.A.C.  - AREQUIPA', '0', NULL, NULL),
(743, 4, 743, 19, 17, 'JR PROSPERO N 672 - IQUITOS', 'CREDIVARGAS IQUITOS', '0', NULL, NULL),
(744, 4, 744, 19, 17, 'JR TARAPACA 969 - PUCALLPA', 'CREDIVARGAS PUCALLPA', '0', NULL, NULL),
(745, 4, 745, 19, 17, 'AV. ATANASIO JAUREGUI NRO. 500 LORETO ALTO AMAZONAS YURIMAGUAS', 'CREDIVARGAS YURIMAGUAS', '0', NULL, NULL),
(746, 4, 746, 19, 17, 'JR. PEDRO DE URZUA NRO. 157 SAN MARTIN SAN MARTIN TARAPOTO', 'CREDIVARGAS TARAPOTO', '0', NULL, NULL),
(747, 4, 747, 20, 17, 'JR. LETICIA NRO. 694 (ENTRE AYACUCHO Y JR LETICIA) LIMA LIMA LIMA ', 'EH INVERSIONES LIMA', '0', NULL, NULL),
(748, 4, 748, 21, 17, '', 'GALLO MAS GALLO AREQUIPA 2', '0', NULL, NULL),
(749, 4, 749, 21, 17, 'AV. NICOLÁS AYLLÓN MZ. E LT. 2A, KM 6.5 CARRETERA CENTRAL, URB. TAGORE, DISTRITO ATE. ', 'GALLO MAS GALLO ATE', '0', NULL, NULL),
(750, 4, 750, 21, 17, 'JR. CASTILLA 294, DISTRITO DE BARRANCA, BARRANCA', 'GALLO MAS GALLO BARRANCA', '0', NULL, NULL),
(751, 4, 751, 21, 17, 'AV. SAN MARTÍN S/N, MZ "H", LOTE 12, UNIDAD 2A. URB CANTO GRANDE, DISTRITO DE SAN JUAN DE LURIGANCHO.', 'GALLO MAS GALLO CANTO GRANDE', '0', NULL, NULL),
(752, 4, 752, 21, 17, 'AV. MARISCAL BENAVIDES NRO. 120 LIMA CAÑETE SAN VICENTE DE CAÑETE', 'GALLO MAS GALLO CAÑETE', '0', NULL, NULL),
(753, 4, 753, 21, 17, 'PUEBLO JOVEN EL PROGRESO MZ.1K, LT.1, ZONA I (AV. TÚPAC AMARU 3050-3052, KILOMETRO 20) DISTRITO CARABAYLLO (ALT. PARADERO LA CUMBRE) ', 'GALLO MAS GALLO CARABAYLLO', '0', NULL, NULL),
(754, 4, 754, 21, 17, 'JR. ATAHUALPA N° 420, ESQUINA CON JR. AREQUIPA. DISTRITO DE CHEPÉN, PROVINCIA DE TRUJILLO, DEPARTAMENTO DE LA LIBERTAD', 'GALLO MAS GALLO CHEPEN', '0', NULL, NULL),
(755, 4, 755, 21, 17, 'AV. PEDRO RUIZ N° 675 - 685, DISTRITO DE CHICLAYO, PROVINCIA DE CHICLAYO, DEPARTAMENTO DE LAMBAYEQUE.', 'GALLO MAS GALLO CHICLAYO', '0', NULL, NULL),
(756, 4, 756, 21, 17, 'AV. MARIANO IGNACIO PRADO NRO. 353 LIMA CAÑETE CHILCA', 'GALLO MAS GALLO CHILCA', '0', NULL, NULL),
(757, 4, 757, 21, 17, 'JR. LADISLAO ESPINAR MZ. 32 LT. 10C  ANCASH SANTA CHIMBOTE', 'GALLO MAS GALLO CHIMBOTE', '0', NULL, NULL),
(758, 4, 758, 21, 17, 'AV. MARISCAL OSCAR R. BENAVID NRO. 165 (CERCADO CHINCHA ALTA) ICA CHINCHA CHINCHA ALTA', 'GALLO MAS GALLO CHINCHA', '0', NULL, NULL),
(759, 4, 759, 21, 17, 'AV. TÚPAC AMARU. NO.3001-3003-3005, PASAJE "A" NO.140, MZ. "Q", LT.32, DISTRITO COMAS (ALT. DEL CRUCE DE LA AV. TÚPAC AMARU CON LA AV. BELAUNDE)', 'GALLO MAS GALLO COMAS', '0', NULL, NULL),
(760, 4, 760, 21, 17, 'AV. DE LA CULTURA LOTE A1 URB. MANZANARES (ALT. ESQUINA CON DIAGONAL ANGAMOS), DEPARTAMENTO DE CUSCO.', 'GALLO MAS GALLO CUSCO', '0', NULL, NULL),
(761, 4, 761, 21, 17, 'AV. CAHUAS NRO. 311 LIMA HUARAL HUARAL', 'GALLO MAS GALLO HUARAL', '0', NULL, NULL),
(762, 4, 762, 21, 17, 'AV. JOSÉ CARLOS MARIÁTEGUI, ZONA E, LOTE 07, UNIDADES 01, 02 Y 03, PUEBLO JOVEN PROYECTO ESPECIAL HUAYCÁN, DISTRITO ATE.', 'GALLO MAS GALLO HUAYCAN', '0', NULL, NULL),
(763, 4, 763, 21, 17, 'ESQUI NA CON CALLE TACNA N° 201-203 Y CALLE SALAVERRY N° 216, 220 Y 224, DISTRITO, PROVINCIA Y DEPARTAMENTO DE ICA.', 'GALLO MAS GALLO ICA', '0', NULL, NULL),
(764, 4, 764, 21, 17, '', 'GALLO MAS GALLO LURIN', '0', NULL, NULL),
(765, 4, 765, 21, 17, 'AV. ARGENTINA N° 3093, DISTRITO Y PROVINCIA DEL CALLAO, LOCAL 470 CALLE 3 PABELLÓN 07', 'GALLO MAS GALLO MINKA', '0', NULL, NULL),
(766, 4, 766, 21, 17, 'CAL. DR. ZUÑIGA NRO. 100 (CRUCE CON LA CALLE COMERCIO) ICA PISCO PISCO', 'GALLO MAS GALLO PISCO', '0', NULL, NULL),
(767, 4, 767, 21, 17, 'AV. PUENTE PIEDRA NRO. 298 LIMA LIMA PUENTE PIEDRA', 'GALLO MAS GALLO PUENTE PIEDRA', '0', NULL, NULL),
(768, 4, 768, 21, 17, 'AV. EL SOL NRO. 224 (BARRIO BELLAVISTA) PUNO PUNO PUNO', 'GALLO MAS GALLO PUNO', '0', NULL, NULL),
(769, 4, 769, 21, 17, 'AV. PRÓCERES DE LA INDEPENDENCIA 5196 DISTRITO SAN JUAN LURIGANCHO (ALT. DEL CRUCE CON LA AV. DEL MURO, REFERENCIA PARADERO 5 DE MARIÁTEGUI)', 'GALLO MAS GALLO SJL', '0', NULL, NULL),
(770, 4, 770, 21, 17, 'AV. LOS HEROES NRO. 504 LIMA LIMA SAN JUAN DE MIRAFLORES', 'GALLO MAS GALLO SJM', '0', NULL, NULL),
(771, 4, 771, 21, 17, '', 'GALLO MAS GALLO SULLANA', '0', NULL, NULL),
(772, 4, 772, 21, 17, 'JR. AYACUCHO 646 (A UNA CUADRA DE MERCADO CENTRAL DE TRUJILLO), DEPARTAMENTO DE LA LIBERTAD, PROVINCIA DE TRUJILLO, DISTRITO DE TRUJILLO', 'GALLO MAS GALLO TRUJILLO - CERCADO', '0', NULL, NULL),
(773, 4, 773, 21, 17, 'CAL. SANCHEZ CARRION NRO. 610 LA LIBERTAD TRUJILLO EL PORVENIR', 'GALLO MAS GALLO TRUJILLO - PORVENIR', '0', NULL, NULL),
(774, 4, 774, 21, 17, '', 'GALLO MAS GALLO UNION', '0', NULL, NULL),
(775, 4, 775, 21, 17, 'AV. NÉSTOR GAMBETTA MZ. C - 5, LOTE 18 A - URB. LA BANDERA, DISTRITO VENTANILLA, CALLAO. (ENTRADA PRINCIPAL DE URB. SATÉLITE)', 'GALLO MAS GALLO VENTANILLA', '0', NULL, NULL),
(776, 4, 776, 21, 17, 'AV. REVOLUCIÓN 1778 VILLA EL SALVADOR (PUEBLO JOVEN VILLA EL SALVADOR MZ. B, LOTE 13, SECTOR SEGUNDO, GRUPO RESIDENCIAL 14, DISTRITO DE VILLA EL SALVADOR)', 'GALLO MAS GALLO VES', '0', NULL, NULL),
(777, 4, 777, 21, 17, 'AV. VILLA MARÍA N° 195, DISTRITO DE VILLA MARÍA DEL TRIUNFO . CRUCE CON LA AVENIDA SALVADOR ALLENDE, COSTADO DE LA POLLERÍA ROCKYS', 'GALLO MAS GALLO VMT(Allende)', '0', NULL, NULL),
(778, 4, 778, 21, 17, 'C.C. MICAELA BASTIDAS, LOCAL COMERCIAL N° A, AV. PACHACUTEC, FRENTE AL TERMINAL PESQUERO DE VMT (PUEBLO JOVEN INCA PACHACUTEC MZ. 24C, LOTE 3, SECTOR MICAELA BASTIDAS) VMT.', 'GALLO MAS GALLO VMT(Pesquero)', '0', NULL, NULL),
(779, 4, 779, 21, 17, 'AVENIDA GRAN CHIMU  N° 263, 265, 267 SAN JUAN DE LURIGANCHO', 'GALLO MAS GALLO ZARATE', '0', NULL, NULL);
INSERT INTO `tienda` (`id`, `channel_id`, `direccion_ubicacion_id`, `retail_id`, `tipo_tienda_id`, `direccion`, `name`, `state`, `created_at`, `updated_at`) VALUES
(780, 4, 780, 22, 17, 'JR. LETICIA NRO. 630 (ALT. DE LA CDRA 9 DE AV. ABANCAY) LIMA LIMA LIMA ', 'IMPORTACIONES RUBI LIMA', '0', NULL, NULL),
(781, 4, 781, 24, 17, 'PASADIZO JAPON-PUERTA 5 NRO. S/N INT. 667 FERIAL SIGLO XX-III BLOCK (PLATAFORMA ANDRES AVELINO CACERES) AREQUIPA - AREQUIPA - JOSE LUIS BUSTAMANTE Y RIVERO - See more at: http://www.razonsocialperu.com/empresa/detalle/inversiones-mundo-vision-s-a-c-204542', 'INVERSIONES MUNDO VISION S.A.C', '0', NULL, NULL),
(782, 4, 782, 25, 17, 'AV. SAN MARTIN NRO. 331 (PRIMER PISO-FRENTE AL ARCO)', 'IMPORTACIONES KAMASA', '0', NULL, NULL),
(783, 1, 783, 4, 30, 'Santiago de Surco 15023', 'PARIS JOCKEY PLAZA', '', '2016-12-30 21:06:26', '2016-12-30 21:06:26'),
(784, 1, 784, 2, 13, 'AV. EJERCITO 1009 - CAYMA', 'RIPLEY CAYMA', '', '2017-01-04 02:53:09', '2017-01-04 02:53:09');

-- --------------------------------------------------------

--
-- Estructura de tabla para la tabla `tipo_tienda`
--

CREATE TABLE `tipo_tienda` (
  `id` int(10) UNSIGNED NOT NULL,
  `name` varchar(255) COLLATE utf8_unicode_ci NOT NULL,
  `created_at` timestamp NULL DEFAULT NULL,
  `updated_at` timestamp NULL DEFAULT NULL
) ENGINE=MyISAM DEFAULT CHARSET=utf8 COLLATE=utf8_unicode_ci;

--
-- Volcado de datos para la tabla `tipo_tienda`
--

INSERT INTO `tipo_tienda` (`id`, `name`, `created_at`, `updated_at`) VALUES
(1, 'CC PLAZA DE LA LUNA PIURA', NULL, NULL),
(2, 'CC PLAZA CAMACHO', NULL, NULL),
(3, 'CC MEGAPLAZA CHIMBOTE', NULL, NULL),
(4, 'CC OPEN PLAZA HUANUCO', NULL, NULL),
(5, 'CC REAL PLAZA CENTRO CIVICO', NULL, NULL),
(6, 'CC REAL PLAZA SALAVERRY', NULL, NULL),
(7, 'CC REAL PLAZA HUANUCO', NULL, NULL),
(8, 'C.C. PARQUE EL AGUSTINO', NULL, NULL),
(9, 'MALL AVENTURA PLAZA CAÑETE', NULL, NULL),
(10, 'CC EL QUINDE ICA', NULL, NULL),
(11, 'CC OPEN PLAZA PIURA', NULL, NULL),
(12, 'STRIP CENTER HUAYLAS', NULL, NULL),
(13, 'CC REAL PLAZA AREQUIPA', NULL, NULL),
(14, 'CC REAL PLAZA PIURA', NULL, NULL),
(15, 'MALL AVENTURA PLAZA BELLAVISTA', NULL, NULL),
(16, 'CC MEGAPLAZA PISCO', NULL, NULL),
(17, 'STAND ALONE', NULL, NULL),
(18, 'CC PARQUE LAMBRAMANI', NULL, NULL),
(19, 'CC PLAZA DEL SOL HUACHO', NULL, NULL),
(20, 'CC PLAZA SAN MIGUEL', NULL, NULL),
(21, 'CC MONITOR HUASCAR', NULL, NULL),
(22, 'CC REAL PLAZA SULLANA', NULL, NULL),
(23, 'CC PLAZA LIMA SUR', NULL, NULL),
(24, 'CC MEGAPLAZA JAEN', NULL, NULL),
(25, 'CC EL QUINDE CAJAMARCA', NULL, NULL),
(26, 'CC OPEN PLAZA ANGAMOS', NULL, NULL),
(27, 'CC MULTIPLAZA PIURA', NULL, NULL),
(28, 'CC REAL PLAZA PRO', NULL, NULL),
(29, 'CC REAL PLAZA PRIMAVERA', NULL, NULL),
(30, 'CC JOCKEY PLAZA', NULL, NULL),
(31, 'POR CONFIRMAR', NULL, NULL),
(32, 'CC OPEN PLAZA CANTA CALLAO', NULL, NULL),
(33, 'CC OPEN PLAZA ATOCONGO', NULL, NULL),
(34, 'CC PLAZA DEL SOL PIURA', NULL, NULL),
(35, 'CC REAL PLAZA JULIACA', NULL, NULL),
(36, 'CC MINKA', NULL, NULL),
(37, 'MALL AVENTURA PLAZA TRUJILLO', NULL, NULL),
(38, 'CC REAL PLAZA TRUJILLO', NULL, NULL),
(39, 'MALL AVENTURA PLAZA PORONGOCHE', NULL, NULL),
(40, 'MALL AVENTURA PUCALLPA', NULL, NULL),
(41, 'CC REAL PLAZA CUSCO', NULL, NULL),
(42, 'CC MEGAPLAZA INDEPENDENCIA', NULL, NULL),
(43, 'CC CASMA', NULL, NULL),
(44, 'CC OPEN PLAZA CAJAMARCA', NULL, NULL),
(45, 'CC PLAZA LIMA NORTE', NULL, NULL),
(46, 'C.C.MEGAPLAZA BARRANCA', NULL, NULL),
(47, 'CC LA RAMBLA BREÑA', NULL, NULL),
(48, 'MEGA EXPRESS VILLA EL SALVADOR', NULL, NULL),
(49, 'CC REAL PLAZA CHICLAYO', NULL, NULL),
(50, 'CC PLAZA DEL SOL ICA', NULL, NULL),
(51, 'CC EL QUINDE AREQUIPA', NULL, NULL),
(52, 'CC REAL PLAZA SANTA CLARA', NULL, NULL),
(53, 'CC OPEN PLAZA CHICLAYO', NULL, NULL),
(54, 'MALL DEL SUR', NULL, NULL),
(55, 'CC OPEN PLAZA LA MARINA', NULL, NULL),
(56, 'BOULEVARD DE ASIA', NULL, NULL),
(57, 'CC REAL PLAZA CAJAMARCA', NULL, NULL),
(58, 'C.C REAL PLAZA PUCALLPA', NULL, NULL),
(59, 'CC LA RAMBLA SAN BORJA', NULL, NULL),
(60, 'MALL AVENTURA PLAZA SANTA ANITA', NULL, NULL),
(61, 'CC SAN FELIPE', NULL, NULL),
(62, 'MEGA EXPRESS CHINCHA', NULL, NULL),
(63, 'CC REAL PLAZA HUANCAYO', NULL, NULL),
(64, 'CC OPEN PLAZA TRUJILLO', NULL, NULL);

-- --------------------------------------------------------

--
-- Estructura de tabla para la tabla `track`
--

CREATE TABLE `track` (
  `id` int(10) UNSIGNED NOT NULL,
  `tienda_id` int(10) UNSIGNED NOT NULL,
  `status_id` int(10) UNSIGNED NOT NULL,
  `codigo` varchar(255) COLLATE utf8_unicode_ci NOT NULL,
  `user_first_name` varchar(255) COLLATE utf8_unicode_ci NOT NULL,
  `user_last_name` varchar(255) COLLATE utf8_unicode_ci NOT NULL,
  `obs` varchar(255) COLLATE utf8_unicode_ci NOT NULL,
  `lat` decimal(8,6) NOT NULL,
  `lng` decimal(9,6) NOT NULL,
  `num` varchar(255) COLLATE utf8_unicode_ci NOT NULL,
  `flag` varchar(255) COLLATE utf8_unicode_ci NOT NULL,
  `guid` varchar(255) COLLATE utf8_unicode_ci NOT NULL,
  `usr` int(11) NOT NULL,
  `dtime` datetime NOT NULL,
  `created_at` timestamp NULL DEFAULT NULL,
  `updated_at` timestamp NULL DEFAULT NULL
) ENGINE=MyISAM DEFAULT CHARSET=utf8 COLLATE=utf8_unicode_ci;

--
-- Volcado de datos para la tabla `track`
--

INSERT INTO `track` (`id`, `tienda_id`, `status_id`, `codigo`, `user_first_name`, `user_last_name`, `obs`, `lat`, `lng`, `num`, `flag`, `guid`, `usr`, `dtime`, `created_at`, `updated_at`) VALUES
(306, 65, 1, '338', 'JULIO', ' IMAN', '', '-12.086865', '-76.975332', '943134011', 'Alta', '1', 6, '0000-00-00 00:00:00', '2016-12-30 23:22:27', '2016-12-30 23:22:27'),
(307, 783, 1, '351', 'JULIO', ' IMAN', '', '-12.086750', '-76.976593', '943134011', 'Alta', '1', 6, '0000-00-00 00:00:00', '2016-12-30 23:22:27', '2016-12-30 23:22:27'),
(305, 65, 1, '337', 'JULIO', ' IMAN', 'Logo descolorido', '-12.086865', '-76.975332', '943134011', 'Alta', '1', 6, '0000-00-00 00:00:00', '2016-12-30 23:22:27', '2016-12-30 23:22:27'),
(304, 65, 1, '336', 'JULIO', ' IMAN', '', '-12.086865', '-76.975332', '943134011', 'Alta', '1', 6, '0000-00-00 00:00:00', '2016-12-30 23:22:27', '2016-12-30 23:22:27'),
(303, 65, 1, '335', 'JULIO', ' IMAN', '', '-12.086865', '-76.975332', '943134011', 'Alta', '1', 6, '0000-00-00 00:00:00', '2016-12-30 23:22:27', '2016-12-30 23:22:27'),
(302, 65, 1, '332', 'JULIO', ' IMAN', '', '-12.086865', '-76.975332', '943134011', 'Alta', '1', 6, '0000-00-00 00:00:00', '2016-12-30 23:22:27', '2016-12-30 23:22:27'),
(301, 65, 1, '331', 'JULIO', ' IMAN', '', '-12.086865', '-76.975332', '943134011', 'Alta', '1', 6, '0000-00-00 00:00:00', '2016-12-30 23:22:27', '2016-12-30 23:22:27'),
(300, 65, 1, '330', 'JULIO', ' IMAN', '', '-12.086865', '-76.975332', '943134011', 'Alta', '1', 6, '0000-00-00 00:00:00', '2016-12-30 23:22:27', '2016-12-30 23:22:27'),
(299, 65, 1, '329', 'JULIO', ' IMAN', '', '-12.086865', '-76.975332', '943134011', 'Alta', '1', 6, '0000-00-00 00:00:00', '2016-12-30 23:22:27', '2016-12-30 23:22:27'),
(298, 65, 1, '333', 'JULIO', ' IMAN', '', '-12.086865', '-76.975332', '943134011', 'Alta', '1', 6, '0000-00-00 00:00:00', '2016-12-30 23:22:26', '2016-12-30 23:22:26'),
(297, 65, 1, '334', 'JULIO', ' IMAN', '', '-12.086865', '-76.975332', '943134011', 'Alta', '1', 6, '0000-00-00 00:00:00', '2016-12-30 23:22:26', '2016-12-30 23:22:26'),
(296, 65, 1, '328', 'JULIO', ' IMAN', '', '-12.086869', '-76.975422', '943134011', 'Alta', '1', 6, '0000-00-00 00:00:00', '2016-12-30 23:22:25', '2016-12-30 23:22:25'),
(295, 81, 3, '280', '', '', 'Mesa acerada LG en buen estado ', '-12.055789', '-77.102715', '980785186', 'Alta', '1', 113, '0000-00-00 00:00:00', '2016-12-30 21:38:51', '2016-12-30 21:38:51'),
(294, 81, 3, '278', '', '', 'Mesa Oled TV en buen estado ', '-12.055789', '-77.102715', '980785186', 'Alta', '1', 113, '0000-00-00 00:00:00', '2016-12-30 21:38:51', '2016-12-30 21:38:51'),
(293, 81, 3, '281', '', '', 'Mesa acerada LG en buen estado', '-12.055789', '-77.102715', '980785186', 'Alta', '1', 113, '0000-00-00 00:00:00', '2016-12-30 21:38:51', '2016-12-30 21:38:51'),
(292, 81, 3, '279', '', '', 'Mesa acerada LG en buen estado ', '-12.055789', '-77.102715', '980785186', 'Alta', '1', 113, '0000-00-00 00:00:00', '2016-12-30 21:38:51', '2016-12-30 21:38:51'),
(291, 81, 3, '288', '', '', 'Mesa acerada LG en buen estado', '-12.055789', '-77.102715', '980785186', 'Alta', '1', 113, '0000-00-00 00:00:00', '2016-12-30 21:38:50', '2016-12-30 21:38:50'),
(290, 81, 3, '282', '', '', 'Mesa Acerada LG en buen estado ', '-12.055789', '-77.102715', '980785186', 'Alta', '1', 113, '0000-00-00 00:00:00', '2016-12-30 21:38:50', '2016-12-30 21:38:50'),
(289, 81, 3, '283', '', '', 'Colunma LG en buen estado ', '-12.055789', '-77.102715', '980785186', 'Baja', '1', 113, '0000-00-00 00:00:00', '2016-12-30 21:38:49', '2016-12-30 21:38:49'),
(288, 13, 1, '369', 'JULIO', ' IMAN', '', '-12.086639', '-76.977943', '943134011', 'Alta', '1', 6, '0000-00-00 00:00:00', '2016-12-30 21:30:05', '2016-12-30 21:30:05'),
(287, 13, 1, '370', 'JULIO', ' IMAN', '', '-12.086676', '-76.977808', '943134011', 'Alta', '1', 6, '0000-00-00 00:00:00', '2016-12-30 21:30:05', '2016-12-30 21:30:05'),
(286, 13, 1, '367', 'JULIO', ' IMAN', '', '-12.086676', '-76.977808', '943134011', 'Alta', '1', 6, '0000-00-00 00:00:00', '2016-12-30 21:30:05', '2016-12-30 21:30:05'),
(284, 13, 1, '361', 'JULIO', ' IMAN', '', '-12.086630', '-76.977763', '943134011', 'Alta', '1', 6, '0000-00-00 00:00:00', '2016-12-30 21:30:04', '2016-12-30 21:30:04'),
(285, 13, 1, '368', 'JULIO', ' IMAN', '', '-12.086676', '-76.977808', '943134011', 'Alta', '1', 6, '0000-00-00 00:00:00', '2016-12-30 21:30:05', '2016-12-30 21:30:05'),
(283, 13, 1, '366', 'JULIO', ' IMAN', '', '-12.086676', '-76.977808', '943134011', 'Alta', '1', 6, '0000-00-00 00:00:00', '2016-12-30 21:30:04', '2016-12-30 21:30:04'),
(282, 13, 1, '365', 'JULIO', ' IMAN', '', '-12.086676', '-76.977808', '943134011', 'Alta', '1', 6, '0000-00-00 00:00:00', '2016-12-30 21:30:04', '2016-12-30 21:30:04'),
(281, 13, 1, '364', 'JULIO', ' IMAN', '', '-12.086635', '-76.977853', '943134011', 'Alta', '1', 6, '0000-00-00 00:00:00', '2016-12-30 21:30:04', '2016-12-30 21:30:04'),
(279, 13, 1, '359', 'JULIO', ' IMAN', '', '-12.086630', '-76.977763', '943134011', 'Alta', '1', 6, '0000-00-00 00:00:00', '2016-12-30 21:30:04', '2016-12-30 21:30:04'),
(278, 13, 1, '354', 'JULIO', ' IMAN', '', '-12.086630', '-76.977763', '943134011', 'Alta', '1', 6, '0000-00-00 00:00:00', '2016-12-30 21:30:04', '2016-12-30 21:30:04'),
(277, 13, 1, '358', 'JULIO', ' IMAN', '', '-12.086630', '-76.977763', '943134011', 'Alta', '1', 6, '0000-00-00 00:00:00', '2016-12-30 21:30:03', '2016-12-30 21:30:03'),
(275, 13, 1, '352', 'JULIO', ' IMAN', '', '-12.086630', '-76.977763', '943134011', 'Alta', '1', 6, '0000-00-00 00:00:00', '2016-12-30 21:30:03', '2016-12-30 21:30:03'),
(273, 13, 1, '353', 'JULIO', ' IMAN', '', '-12.086630', '-76.977763', '943134011', 'Alta', '1', 6, '0000-00-00 00:00:00', '2016-12-30 21:30:03', '2016-12-30 21:30:03'),
(274, 13, 1, '324', 'JULIO', ' IMAN', '', '-12.086630', '-76.977763', '943134011', 'Alta', '1', 6, '0000-00-00 00:00:00', '2016-12-30 21:30:03', '2016-12-30 21:30:03'),
(272, 37, 3, '274', '', '', 'Cabecera en mal estado por antiguedad ', '-12.055098', '-77.102895', '980785186', 'Baja', '1', 113, '0000-00-00 00:00:00', '2016-12-30 21:26:07', '2016-12-30 21:26:07'),
(271, 37, 3, '272', '', '', 'Mesa Acerada LG en buen estado', '-12.055098', '-77.102895', '980785186', 'Alta', '1', 113, '0000-00-00 00:00:00', '2016-12-30 21:26:06', '2016-12-30 21:26:06'),
(264, 35, 1, '192', 'MARIA', ' CARRILLO', '', '-12.123039', '-77.030134', '942625962', 'Alta', '1', 3, '0000-00-00 00:00:00', '2016-12-30 20:57:38', '2016-12-30 20:57:38'),
(265, 35, 1, '189', 'MARIA', ' CARRILLO', '', '-12.123039', '-77.030134', '942625962', 'Alta', '1', 3, '0000-00-00 00:00:00', '2016-12-30 20:57:38', '2016-12-30 20:57:38'),
(266, 37, 3, '275', '', '', 'Mesa Acerada LG en buen estado ', '-12.055098', '-77.102895', '980785186', 'Alta', '1', 113, '0000-00-00 00:00:00', '2016-12-30 21:26:05', '2016-12-30 21:26:05'),
(267, 37, 3, '276', '', '', 'Mesa acerada LG en buen estado ', '-12.055098', '-77.102895', '980785186', 'Alta', '1', 113, '0000-00-00 00:00:00', '2016-12-30 21:26:06', '2016-12-30 21:26:06'),
(280, 13, 1, '360', 'JULIO', ' IMAN', '', '-12.086630', '-76.977763', '943134011', 'Alta', '1', 6, '0000-00-00 00:00:00', '2016-12-30 21:30:04', '2016-12-30 21:30:04'),
(276, 13, 1, '355', 'JULIO', ' IMAN', '', '-12.086639', '-76.977943', '943134011', 'Alta', '1', 6, '0000-00-00 00:00:00', '2016-12-30 21:30:03', '2016-12-30 21:30:03'),
(268, 37, 3, '273', '', '', 'Mesa Acerada con comunicaciom Smart TV en buen estsdo ', '-12.054994', '-77.102535', '980785186', 'Alta', '1', 113, '0000-00-00 00:00:00', '2016-12-30 21:26:06', '2016-12-30 21:26:06'),
(263, 35, 1, '191', 'MARIA', ' CARRILLO', '', '-12.123039', '-77.030134', '942625962', 'Alta', '1', 3, '0000-00-00 00:00:00', '2016-12-30 20:57:38', '2016-12-30 20:57:38'),
(262, 35, 1, '190', 'MARIA', ' CARRILLO', '', '-12.123289', '-77.029864', '942625962', 'Alta', '1', 3, '0000-00-00 00:00:00', '2016-12-30 20:57:37', '2016-12-30 20:57:37'),
(261, 35, 1, '188', 'MARIA', ' CARRILLO', '', '-12.123289', '-77.029864', '942625962', 'Alta', '1', 3, '0000-00-00 00:00:00', '2016-12-30 20:57:36', '2016-12-30 20:57:36'),
(260, 4, 3, '296', '', '', 'Mesa UHD en buen estado ', '-12.055880', '-77.100917', '980785186', 'Alta', '1', 113, '0000-00-00 00:00:00', '2016-12-30 20:47:58', '2016-12-30 20:47:58'),
(259, 4, 3, '295', '', '', 'Pared LG en buen estado - Se podria realizar cambio de comunicacion por Super Ultra HD o Oled que es nuestro foco', '-12.055908', '-77.100952', '980785186', 'Alta', '1', 113, '0000-00-00 00:00:00', '2016-12-30 20:47:58', '2016-12-30 20:47:58'),
(257, 4, 3, '293', '', '', 'Cabecera de Isla en buen estado', '-12.055880', '-77.100917', '980785186', 'Alta', '1', 113, '0000-00-00 00:00:00', '2016-12-30 20:47:58', '2016-12-30 20:47:58'),
(258, 4, 3, '294', '', '', 'Cabecera de Isla en buen estado ', '-12.055880', '-77.100917', '980785186', 'Alta', '1', 113, '0000-00-00 00:00:00', '2016-12-30 20:47:58', '2016-12-30 20:47:58'),
(256, 4, 3, '292', '', '', 'Isla LG - Saga Bellavista ', '-12.055880', '-77.100917', '980785186', 'Alta', '1', 113, '0000-00-00 00:00:00', '2016-12-30 20:47:58', '2016-12-30 20:47:58'),
(255, 4, 3, '291', '', '', 'Columna LG en buen estado ', '-12.055908', '-77.100952', '980785186', 'Alta', '1', 113, '0000-00-00 00:00:00', '2016-12-30 20:47:58', '2016-12-30 20:47:58'),
(254, 4, 3, '285', '', '', 'Mesa UHD - Se podria cambiar por nueva Mesa Super Ultra HD para 75" ', '-12.055880', '-77.100917', '980785186', 'Alta', '1', 113, '0000-00-00 00:00:00', '2016-12-30 20:47:56', '2016-12-30 20:47:56'),
(253, 36, 1, '145', 'MARIA', ' CARRILLO', '', '-12.172324', '-77.014119', '942625962', 'Alta', '1', 3, '0000-00-00 00:00:00', '2016-12-30 19:59:13', '2016-12-30 19:59:13'),
(251, 36, 1, '144', 'MARIA', ' CARRILLO', '', '-12.172324', '-77.014119', '942625962', 'Alta', '1', 3, '0000-00-00 00:00:00', '2016-12-30 19:59:13', '2016-12-30 19:59:13'),
(252, 36, 1, '143', 'MARIA', ' CARRILLO', '', '-12.172324', '-77.014119', '942625962', 'Alta', '1', 3, '0000-00-00 00:00:00', '2016-12-30 19:59:13', '2016-12-30 19:59:13'),
(250, 36, 1, '142', 'MARIA', ' CARRILLO', '', '-12.172324', '-77.014119', '942625962', 'Alta', '1', 3, '0000-00-00 00:00:00', '2016-12-30 19:59:13', '2016-12-30 19:59:13'),
(249, 36, 1, '135', 'MARIA', ' CARRILLO', '', '-12.172324', '-77.014119', '942625962', 'Alta', '1', 3, '0000-00-00 00:00:00', '2016-12-30 19:59:13', '2016-12-30 19:59:13'),
(248, 36, 1, '134', 'MARIA', ' CARRILLO', '', '-12.172324', '-77.014119', '942625962', 'Alta', '1', 3, '0000-00-00 00:00:00', '2016-12-30 19:59:13', '2016-12-30 19:59:13'),
(247, 36, 1, '141', 'MARIA', ' CARRILLO', '', '-12.172324', '-77.014119', '942625962', 'Alta', '1', 3, '0000-00-00 00:00:00', '2016-12-30 19:59:13', '2016-12-30 19:59:13'),
(270, 37, 3, '277', '', '', 'Columna deteriorada por antiguedad ', '-12.055094', '-77.102805', '980785186', 'Baja', '1', 113, '0000-00-00 00:00:00', '2016-12-30 21:26:06', '2016-12-30 21:26:06'),
(269, 37, 3, '271', '', '', 'Mesa LG con comunicacion UHD en buen estado ', '-12.055098', '-77.102895', '980785186', 'Alta', '1', 113, '0000-00-00 00:00:00', '2016-12-30 21:26:06', '2016-12-30 21:26:06'),
(246, 36, 1, '139', 'MARIA', ' CARRILLO', '', '-12.172324', '-77.014119', '942625962', 'Alta', '1', 3, '0000-00-00 00:00:00', '2016-12-30 19:59:12', '2016-12-30 19:59:12'),
(245, 36, 1, '140', 'MARIA', ' CARRILLO', '', '-12.172324', '-77.014119', '942625962', 'Alta', '1', 3, '0000-00-00 00:00:00', '2016-12-30 19:59:12', '2016-12-30 19:59:12'),
(244, 36, 1, '133', 'MARIA', ' CARRILLO', '', '-12.172324', '-77.014119', '942625962', 'Alta', '1', 3, '0000-00-00 00:00:00', '2016-12-30 19:59:12', '2016-12-30 19:59:12'),
(243, 29, 1, '137', 'MARIA', ' CARRILLO', '', '-12.172324', '-77.014119', '942625962', 'Alta', '1', 3, '0000-00-00 00:00:00', '2016-12-30 19:59:12', '2016-12-30 19:59:12'),
(242, 36, 1, '136', 'MARIA', ' CARRILLO', '', '-12.172324', '-77.014119', '942625962', 'Alta', '1', 3, '0000-00-00 00:00:00', '2016-12-30 19:59:12', '2016-12-30 19:59:12'),
(241, 29, 1, '138', 'MARIA', ' CARRILLO', '', '-12.172324', '-77.014119', '942625962', 'Alta', '1', 3, '0000-00-00 00:00:00', '2016-12-30 19:59:12', '2016-12-30 19:59:12'),
(240, 112, 1, '125', 'MARIA', ' CARRILLO', '', '-12.172697', '-77.012769', '942625962', 'Alta', '1', 3, '0000-00-00 00:00:00', '2016-12-30 19:20:37', '2016-12-30 19:20:37'),
(238, 112, 1, '126', 'MARIA', ' CARRILLO', '', '-12.172702', '-77.012859', '942625962', 'Alta', '1', 3, '0000-00-00 00:00:00', '2016-12-30 19:20:37', '2016-12-30 19:20:37'),
(239, 112, 1, '128', 'MARIA', ' CARRILLO', '', '-12.172702', '-77.012859', '942625962', 'Alta', '1', 3, '0000-00-00 00:00:00', '2016-12-30 19:20:37', '2016-12-30 19:20:37'),
(237, 112, 1, '119', 'MARIA', ' CARRILLO', '', '-12.172702', '-77.012859', '942625962', 'Alta', '1', 3, '0000-00-00 00:00:00', '2016-12-30 19:20:37', '2016-12-30 19:20:37'),
(236, 112, 1, '132', 'MARIA', ' CARRILLO', '', '-12.172702', '-77.012859', '942625962', 'Alta', '1', 3, '0000-00-00 00:00:00', '2016-12-30 19:20:36', '2016-12-30 19:20:36'),
(235, 112, 1, '127', 'MARIA', ' CARRILLO', '', '-12.172702', '-77.012859', '942625962', 'Alta', '1', 3, '0000-00-00 00:00:00', '2016-12-30 19:20:36', '2016-12-30 19:20:36'),
(234, 112, 1, '130', 'MARIA', ' CARRILLO', '', '-12.172702', '-77.012859', '942625962', 'Alta', '1', 3, '0000-00-00 00:00:00', '2016-12-30 19:20:36', '2016-12-30 19:20:36'),
(233, 112, 1, '131', 'MARIA', ' CARRILLO', '', '-12.172702', '-77.012859', '942625962', 'Alta', '1', 3, '0000-00-00 00:00:00', '2016-12-30 19:20:36', '2016-12-30 19:20:36'),
(232, 112, 1, '129', 'MARIA', ' CARRILLO', '', '-12.172702', '-77.012859', '942625962', 'Alta', '1', 3, '0000-00-00 00:00:00', '2016-12-30 19:20:36', '2016-12-30 19:20:36'),
(147, 17, 1, '169', 'MARIA', ' CARRILLO', '', '-12.118761', '-77.029369', '942625962', 'Alta', '1', 3, '0000-00-00 00:00:00', '2016-12-29 19:23:15', '2016-12-29 19:23:15'),
(148, 452, 1, '149', 'MARIA', ' CARRILLO', '', '-12.115644', '-77.028200', '942625962', 'Alta', '1', 3, '0000-00-00 00:00:00', '2016-12-29 19:23:15', '2016-12-29 19:23:15'),
(149, 452, 1, '151', 'MARIA', ' CARRILLO', '', '-12.115423', '-77.028155', '942625962', 'Alta', '1', 3, '0000-00-00 00:00:00', '2016-12-29 19:23:15', '2016-12-29 19:23:15'),
(150, 17, 1, '171', 'MARIA', ' CARRILLO', '', '-12.118761', '-77.029369', '942625962', 'Alta', '1', 3, '0000-00-00 00:00:00', '2016-12-29 19:23:15', '2016-12-29 19:23:15'),
(151, 36, 1, '134', 'MARIA', ' CARRILLO', '', '-12.172324', '-77.014119', '942625962', 'Alta', '1', 3, '0000-00-00 00:00:00', '2016-12-29 19:23:15', '2016-12-29 19:23:15'),
(152, 17, 1, '170', 'MARIA', ' CARRILLO', '', '-12.118761', '-77.029369', '942625962', 'Alta', '1', 3, '0000-00-00 00:00:00', '2016-12-29 19:23:15', '2016-12-29 19:23:15'),
(153, 36, 1, '135', 'MARIA', ' CARRILLO', '', '-12.172324', '-77.014119', '942625962', 'Alta', '1', 3, '0000-00-00 00:00:00', '2016-12-29 19:23:17', '2016-12-29 19:23:17'),
(154, 452, 1, '163', 'MARIA', ' CARRILLO', '', '-12.115427', '-77.028245', '942625962', 'Alta', '1', 3, '0000-00-00 00:00:00', '2016-12-29 19:23:17', '2016-12-29 19:23:17'),
(155, 36, 1, '136', 'MARIA', ' CARRILLO', '', '-12.172324', '-77.014119', '942625962', 'Alta', '1', 3, '0000-00-00 00:00:00', '2016-12-29 19:23:17', '2016-12-29 19:23:17'),
(156, 452, 1, '168', 'MARIA', ' CARRILLO', '', '-12.115427', '-77.028245', '942625962', 'Alta', '1', 3, '0000-00-00 00:00:00', '2016-12-29 19:23:18', '2016-12-29 19:23:18'),
(157, 36, 1, '138', 'MARIA', ' CARRILLO', '', '-12.172324', '-77.014119', '942625962', 'Alta', '1', 3, '0000-00-00 00:00:00', '2016-12-29 19:23:18', '2016-12-29 19:23:18'),
(158, 452, 1, '147', 'MARIA', ' CARRILLO', '', '-12.115644', '-77.028200', '942625962', 'Alta', '1', 3, '0000-00-00 00:00:00', '2016-12-29 19:23:19', '2016-12-29 19:23:19'),
(159, 35, 1, '188', 'MARIA', ' CARRILLO', '', '-12.123043', '-77.030224', '942625962', 'Alta', '1', 3, '0000-00-00 00:00:00', '2016-12-29 19:23:19', '2016-12-29 19:23:19'),
(160, 17, 1, '184', 'MARIA', ' CARRILLO', '', '-12.118761', '-77.029369', '942625962', 'Alta', '1', 3, '0000-00-00 00:00:00', '2016-12-29 19:23:19', '2016-12-29 19:23:19'),
(161, 17, 1, '175', 'MARIA', ' CARRILLO', '', '-12.118761', '-77.029369', '942625962', 'Alta', '1', 3, '0000-00-00 00:00:00', '2016-12-29 19:23:19', '2016-12-29 19:23:19'),
(162, 35, 1, '189', 'MARIA', ' CARRILLO', '', '-12.122873', '-77.030314', '942625962', 'Alta', '1', 3, '0000-00-00 00:00:00', '2016-12-29 19:23:19', '2016-12-29 19:23:19'),
(163, 35, 1, '192', 'MARIA', ' CARRILLO', '', '-12.123039', '-77.030134', '942625962', 'Alta', '1', 3, '0000-00-00 00:00:00', '2016-12-29 19:23:20', '2016-12-29 19:23:20'),
(164, 452, 1, '148', 'MARIA', ' CARRILLO', '', '-12.115644', '-77.028200', '942625962', 'Alta', '1', 3, '0000-00-00 00:00:00', '2016-12-29 19:23:20', '2016-12-29 19:23:20'),
(165, 35, 1, '191', 'MARIA', ' CARRILLO', '', '-12.123039', '-77.030134', '942625962', 'Alta', '1', 3, '0000-00-00 00:00:00', '2016-12-29 19:23:20', '2016-12-29 19:23:20'),
(166, 27, 1, '442', 'MARIA', ' CARRILLO', '', '-12.154173', '-76.982938', '942625962', 'Alta', '1', 3, '0000-00-00 00:00:00', '2016-12-29 20:01:47', '2016-12-29 20:01:47'),
(167, 27, 1, '443', 'MARIA', ' CARRILLO', '', '-12.154173', '-76.982938', '942625962', 'Alta', '1', 3, '0000-00-00 00:00:00', '2016-12-29 20:01:48', '2016-12-29 20:01:48'),
(168, 27, 1, '446', 'MARIA', ' CARRILLO', '', '-12.154173', '-76.982938', '942625962', 'Alta', '1', 3, '0000-00-00 00:00:00', '2016-12-29 20:01:48', '2016-12-29 20:01:48'),
(169, 27, 1, '444', 'MARIA', ' CARRILLO', '', '-12.154173', '-76.982938', '942625962', 'Alta', '1', 3, '0000-00-00 00:00:00', '2016-12-29 20:01:48', '2016-12-29 20:01:48'),
(170, 27, 1, '445', 'MARIA', ' CARRILLO', '', '-12.154127', '-76.982893', '942625962', 'Alta', '1', 3, '0000-00-00 00:00:00', '2016-12-29 20:01:48', '2016-12-29 20:01:48'),
(171, 27, 1, '447', 'MARIA', ' CARRILLO', '', '-12.154127', '-76.982893', '942625962', 'Alta', '1', 3, '0000-00-00 00:00:00', '2016-12-29 20:01:48', '2016-12-29 20:01:48'),
(172, 15, 1, '448', 'MARIA', ' CARRILLO', '', '-12.154173', '-76.982938', '942625962', 'Alta', '1', 3, '0000-00-00 00:00:00', '2016-12-29 20:01:48', '2016-12-29 20:01:48'),
(173, 27, 1, '101', 'MARIA', ' CARRILLO', 'Guardado en almacen por motivo de campaña. Terminando regresa a pdv', '-12.154560', '-76.982803', '942625962', 'Alta', '1', 3, '0000-00-00 00:00:00', '2016-12-29 20:32:55', '2016-12-29 20:32:55'),
(174, 27, 1, '102', 'MARIA', ' CARRILLO', 'Guardado en almacen por motivo de campaña. Despues de eso regresa pdv', '-12.154560', '-76.982803', '942625962', 'Alta', '1', 3, '0000-00-00 00:00:00', '2016-12-29 20:32:56', '2016-12-29 20:32:56'),
(175, 27, 1, '103', 'MARIA', ' CARRILLO', 'Guardado en almacen por motivo de campaña. Despues de eso regresa pdv', '-12.154560', '-76.982803', '942625962', 'Alta', '1', 3, '0000-00-00 00:00:00', '2016-12-29 20:32:56', '2016-12-29 20:32:56'),
(176, 27, 1, '104', 'MARIA', ' CARRILLO', 'Guardado en almacen . hasta nuevo aviso', '-12.154560', '-76.982803', '942625962', 'Alta', '1', 3, '0000-00-00 00:00:00', '2016-12-29 20:32:56', '2016-12-29 20:32:56'),
(177, 27, 1, '106', 'MARIA', ' CARRILLO', 'Se encuentra por campaña guardado en almacen . despues de eso resgresa a. A pdv', '-12.154560', '-76.982803', '942625962', 'Alta', '1', 3, '0000-00-00 00:00:00', '2016-12-29 20:32:56', '2016-12-29 20:32:56'),
(178, 27, 1, '105', 'MARIA', ' CARRILLO', 'Guardado en almacen hasta culminar la campaña.', '-12.154560', '-76.982803', '942625962', 'Alta', '1', 3, '0000-00-00 00:00:00', '2016-12-29 20:32:56', '2016-12-29 20:32:56'),
(179, 78, 1, '449', 'MARIA', ' CARRILLO', '', '-12.155314', '-76.982083', '942625962', 'Alta', '1', 3, '0000-00-00 00:00:00', '2016-12-29 20:32:56', '2016-12-29 20:32:56'),
(180, 78, 1, '450', 'MARIA', ' CARRILLO', '', '-12.155318', '-76.982173', '942625962', 'Alta', '1', 3, '0000-00-00 00:00:00', '2016-12-29 20:32:57', '2016-12-29 20:32:57'),
(181, 78, 1, '451', 'MARIA', ' CARRILLO', '', '-12.155314', '-76.982083', '942625962', 'Alta', '1', 3, '0000-00-00 00:00:00', '2016-12-29 20:32:57', '2016-12-29 20:32:57'),
(182, 78, 1, '452', 'MARIA', ' CARRILLO', '', '-12.155314', '-76.982083', '942625962', 'Alta', '1', 3, '0000-00-00 00:00:00', '2016-12-29 20:32:57', '2016-12-29 20:32:57'),
(183, 78, 1, '453', 'MARIA', ' CARRILLO', '', '-12.155314', '-76.982083', '942625962', 'Alta', '1', 3, '0000-00-00 00:00:00', '2016-12-29 20:32:57', '2016-12-29 20:32:57'),
(184, 78, 1, '454', 'MARIA', ' CARRILLO', '', '-12.155314', '-76.982083', '942625962', 'Alta', '1', 3, '0000-00-00 00:00:00', '2016-12-29 20:32:57', '2016-12-29 20:32:57'),
(185, 78, 1, '455', 'MARIA', ' CARRILLO', '', '-12.155314', '-76.982083', '942625962', 'Alta', '1', 3, '0000-00-00 00:00:00', '2016-12-29 20:32:57', '2016-12-29 20:32:57'),
(186, 78, 1, '456', 'MARIA', ' CARRILLO', '', '-12.155314', '-76.982083', '942625962', 'Alta', '1', 3, '0000-00-00 00:00:00', '2016-12-29 20:32:57', '2016-12-29 20:32:57'),
(187, 34, 1, '457', 'MARIA', ' CARRILLO', '', '-12.155763', '-76.981408', '942625962', 'Alta', '1', 3, '0000-00-00 00:00:00', '2016-12-29 21:23:03', '2016-12-29 21:23:03'),
(188, 34, 1, '460', 'MARIA', ' CARRILLO', '', '-12.155763', '-76.981408', '942625962', 'Alta', '1', 3, '0000-00-00 00:00:00', '2016-12-29 21:23:03', '2016-12-29 21:23:03'),
(189, 34, 1, '459', 'MARIA', ' CARRILLO', '', '-12.155763', '-76.981408', '942625962', 'Alta', '1', 3, '0000-00-00 00:00:00', '2016-12-29 21:23:03', '2016-12-29 21:23:03'),
(190, 34, 1, '458', 'MARIA', ' CARRILLO', '', '-12.155763', '-76.981408', '942625962', 'Alta', '1', 3, '0000-00-00 00:00:00', '2016-12-29 21:23:04', '2016-12-29 21:23:04'),
(191, 3, 1, '109', 'MARIA', ' CARRILLO', '', '-12.146349', '-76.982128', '942625962', 'Alta', '1', 3, '0000-00-00 00:00:00', '2016-12-29 22:46:29', '2016-12-29 22:46:29'),
(192, 3, 1, '112', 'MARIA', ' CARRILLO', '', '-12.146349', '-76.982128', '942625962', 'Alta', '1', 3, '0000-00-00 00:00:00', '2016-12-29 22:46:30', '2016-12-29 22:46:30'),
(193, 3, 1, '107', 'MARIA', ' CARRILLO', '', '-12.146349', '-76.982128', '942625962', 'Alta', '1', 3, '0000-00-00 00:00:00', '2016-12-29 22:46:30', '2016-12-29 22:46:30'),
(194, 3, 1, '108', 'MARIA', ' CARRILLO', '', '-12.146349', '-76.982128', '942625962', 'Alta', '1', 3, '0000-00-00 00:00:00', '2016-12-29 22:46:30', '2016-12-29 22:46:30'),
(195, 3, 1, '110', 'MARIA', ' CARRILLO', '', '-12.146349', '-76.982128', '942625962', 'Alta', '1', 3, '0000-00-00 00:00:00', '2016-12-29 22:46:30', '2016-12-29 22:46:30'),
(196, 3, 1, '111', 'MARIA', ' CARRILLO', '', '-12.146349', '-76.982128', '942625962', 'Alta', '1', 3, '0000-00-00 00:00:00', '2016-12-29 22:46:30', '2016-12-29 22:46:30'),
(197, 3, 1, '113', 'MARIA', ' CARRILLO', '', '-12.148764', '-76.981408', '942625962', 'Alta', '1', 3, '0000-00-00 00:00:00', '2016-12-29 22:46:33', '2016-12-29 22:46:33'),
(198, 3, 1, '114', 'MARIA', ' CARRILLO', '', '-12.148764', '-76.981408', '942625962', 'Alta', '1', 3, '0000-00-00 00:00:00', '2016-12-29 22:46:35', '2016-12-29 22:46:35'),
(199, 3, 1, '118', 'MARIA', ' CARRILLO', '', '-12.148747', '-76.981048', '942625962', 'Alta', '1', 3, '0000-00-00 00:00:00', '2016-12-29 22:46:40', '2016-12-29 22:46:40'),
(200, 3, 1, '115', 'MARIA', ' CARRILLO', '', '-12.148764', '-76.981408', '942625962', 'Alta', '1', 3, '0000-00-00 00:00:00', '2016-12-29 22:46:41', '2016-12-29 22:46:41'),
(201, 3, 1, '116', 'MARIA', ' CARRILLO', '', '-12.148747', '-76.981048', '942625962', 'Alta', '1', 3, '0000-00-00 00:00:00', '2016-12-29 22:55:14', '2016-12-29 22:55:14'),
(202, 3, 1, '117', 'MARIA', ' CARRILLO', '', '-12.148747', '-76.981048', '942625962', 'Alta', '1', 3, '0000-00-00 00:00:00', '2016-12-29 22:55:15', '2016-12-29 22:55:15'),
(203, 3, 1, '120', 'MARIA', ' CARRILLO', '', '-12.148747', '-76.981048', '942625962', 'Alta', '1', 3, '0000-00-00 00:00:00', '2016-12-29 22:55:15', '2016-12-29 22:55:15'),
(204, 3, 1, '121', 'MARIA', ' CARRILLO', '', '-12.148747', '-76.981048', '942625962', 'Alta', '1', 3, '0000-00-00 00:00:00', '2016-12-29 22:55:15', '2016-12-29 22:55:15'),
(205, 3, 1, '123', 'MARIA', ' CARRILLO', '', '-12.148747', '-76.981048', '942625962', 'Alta', '1', 3, '0000-00-00 00:00:00', '2016-12-29 22:55:15', '2016-12-29 22:55:15'),
(206, 3, 1, '124', 'MARIA', ' CARRILLO', '', '-12.148747', '-76.981048', '942625962', 'Alta', '1', 3, '0000-00-00 00:00:00', '2016-12-29 22:55:15', '2016-12-29 22:55:15'),
(207, 3, 1, '122', 'MARIA', ' CARRILLO', '', '-12.148747', '-76.981048', '942625962', 'Alta', '1', 3, '0000-00-00 00:00:00', '2016-12-29 22:55:16', '2016-12-29 22:55:16'),
(208, 452, 1, '151', 'MARIA', ' CARRILLO', '', '-12.110661', '-77.026400', '942625962', 'Alta', '1', 3, '0000-00-00 00:00:00', '2016-12-30 02:40:29', '2016-12-30 02:40:29'),
(209, 452, 1, '155', 'MARIA', ' CARRILLO', '', '-12.110661', '-77.026400', '942625962', 'Alta', '1', 3, '0000-00-00 00:00:00', '2016-12-30 02:40:30', '2016-12-30 02:40:30'),
(210, 452, 1, '154', 'MARIA', ' CARRILLO', '', '-12.110661', '-77.026400', '942625962', 'Alta', '1', 3, '0000-00-00 00:00:00', '2016-12-30 02:40:31', '2016-12-30 02:40:31'),
(211, 452, 1, '160', 'MARIA', ' CARRILLO', '', '-12.110661', '-77.026400', '942625962', 'Alta', '1', 3, '0000-00-00 00:00:00', '2016-12-30 02:40:31', '2016-12-30 02:40:31'),
(212, 452, 1, '161', 'MARIA', ' CARRILLO', '', '-12.110661', '-77.026400', '942625962', 'Alta', '1', 3, '0000-00-00 00:00:00', '2016-12-30 02:40:31', '2016-12-30 02:40:31'),
(213, 17, 1, '187', 'MARIA', ' CARRILLO', '', '-12.119544', '-77.029279', '942625962', 'Alta', '1', 3, '0000-00-00 00:00:00', '2016-12-30 03:51:24', '2016-12-30 03:51:24'),
(214, 17, 1, '177', 'MARIA', ' CARRILLO', '', '-12.119544', '-77.029279', '942625962', 'Alta', '1', 3, '0000-00-00 00:00:00', '2016-12-30 03:51:24', '2016-12-30 03:51:24'),
(215, 17, 1, '174', 'MARIA', ' CARRILLO', '', '-12.118715', '-77.029324', '942625962', 'Alta', '1', 3, '0000-00-00 00:00:00', '2016-12-30 03:51:25', '2016-12-30 03:51:25'),
(216, 17, 1, '169', 'MARIA', ' CARRILLO', '', '-12.119544', '-77.029279', '942625962', 'Alta', '1', 3, '0000-00-00 00:00:00', '2016-12-30 03:51:25', '2016-12-30 03:51:25'),
(217, 17, 1, '175', 'MARIA', ' CARRILLO', '', '-12.118715', '-77.029324', '942625962', 'Alta', '1', 3, '0000-00-00 00:00:00', '2016-12-30 03:51:25', '2016-12-30 03:51:25'),
(218, 17, 1, '176', 'MARIA', ' CARRILLO', '', '-12.119544', '-77.029279', '942625962', 'Alta', '1', 3, '0000-00-00 00:00:00', '2016-12-30 03:51:25', '2016-12-30 03:51:25'),
(219, 17, 1, '170', 'MARIA', ' CARRILLO', '', '-12.119544', '-77.029279', '942625962', 'Alta', '1', 3, '0000-00-00 00:00:00', '2016-12-30 03:51:25', '2016-12-30 03:51:25'),
(220, 17, 1, '178', 'MARIA', ' CARRILLO', '', '-12.119544', '-77.029279', '942625962', 'Alta', '1', 3, '0000-00-00 00:00:00', '2016-12-30 03:51:25', '2016-12-30 03:51:25'),
(221, 17, 1, '179', 'MARIA', ' CARRILLO', '', '-12.119544', '-77.029279', '942625962', 'Alta', '1', 3, '0000-00-00 00:00:00', '2016-12-30 03:51:25', '2016-12-30 03:51:25'),
(222, 17, 1, '181', 'MARIA', ' CARRILLO', '', '-12.119544', '-77.029279', '942625962', 'Alta', '1', 3, '0000-00-00 00:00:00', '2016-12-30 03:51:26', '2016-12-30 03:51:26'),
(223, 17, 1, '182', 'MARIA', ' CARRILLO', '', '-12.119544', '-77.029279', '942625962', 'Alta', '1', 3, '0000-00-00 00:00:00', '2016-12-30 03:51:26', '2016-12-30 03:51:26'),
(224, 17, 1, '180', 'MARIA', ' CARRILLO', '', '-12.119544', '-77.029279', '942625962', 'Alta', '1', 3, '0000-00-00 00:00:00', '2016-12-30 03:51:26', '2016-12-30 03:51:26'),
(225, 17, 1, '183', 'MARIA', ' CARRILLO', '', '-12.119544', '-77.029279', '942625962', 'Alta', '1', 3, '0000-00-00 00:00:00', '2016-12-30 03:51:26', '2016-12-30 03:51:26'),
(226, 17, 1, '185', 'MARIA', ' CARRILLO', '', '-12.119544', '-77.029279', '942625962', 'Alta', '1', 3, '0000-00-00 00:00:00', '2016-12-30 03:51:26', '2016-12-30 03:51:26'),
(227, 17, 1, '186', 'MARIA', ' CARRILLO', '', '-12.119544', '-77.029279', '942625962', 'Alta', '1', 3, '0000-00-00 00:00:00', '2016-12-30 03:51:26', '2016-12-30 03:51:26'),
(228, 17, 1, '171', 'MARIA', ' CARRILLO', '', '-12.119544', '-77.029279', '942625962', 'Alta', '1', 3, '0000-00-00 00:00:00', '2016-12-30 03:51:26', '2016-12-30 03:51:26'),
(229, 17, 1, '172', 'MARIA', ' CARRILLO', '', '-12.119544', '-77.029279', '942625962', 'Alta', '1', 3, '0000-00-00 00:00:00', '2016-12-30 03:51:26', '2016-12-30 03:51:26'),
(230, 17, 1, '173', 'MARIA', ' CARRILLO', '', '-12.119544', '-77.029279', '942625962', 'Alta', '1', 3, '0000-00-00 00:00:00', '2016-12-30 03:51:26', '2016-12-30 03:51:26'),
(231, 17, 1, '184', 'MARIA', ' CARRILLO', '', '-12.119544', '-77.029279', '942625962', 'Alta', '1', 3, '0000-00-00 00:00:00', '2016-12-30 03:51:27', '2016-12-30 03:51:27'),
(308, 65, 1, '339', 'JULIO', ' IMAN', '', '-12.086829', '-76.976412', '943134011', 'Alta', '1', 6, '0000-00-00 00:00:00', '2016-12-30 23:22:27', '2016-12-30 23:22:27'),
(309, 65, 1, '340', 'JULIO', ' IMAN', '', '-12.086865', '-76.975332', '943134011', 'Alta', '1', 6, '0000-00-00 00:00:00', '2016-12-30 23:22:27', '2016-12-30 23:22:27'),
(310, 13, 1, '356', 'JULIO', ' IMAN', '', '-12.086630', '-76.977763', '943134011', 'Alta', '1', 6, '0000-00-00 00:00:00', '2016-12-30 23:22:28', '2016-12-30 23:22:28'),
(311, 13, 1, '357', 'JULIO', ' IMAN', 'Se salió la letra H del logo', '-12.086630', '-76.977763', '943134011', 'Alta', '1', 6, '0000-00-00 00:00:00', '2016-12-30 23:22:28', '2016-12-30 23:22:28'),
(312, 13, 1, '362', 'JULIO', ' IMAN', '', '-12.086630', '-76.977763', '943134011', 'Alta', '1', 6, '0000-00-00 00:00:00', '2016-12-30 23:22:28', '2016-12-30 23:22:28'),
(313, 30, 1, '326', 'JULIO', ' IMAN', '', '-12.086261', '-76.975512', '943134011', 'Alta', '1', 6, '0000-00-00 00:00:00', '2016-12-31 00:03:46', '2016-12-31 00:03:46'),
(314, 30, 1, '317', 'JULIO', ' IMAN', '', '-12.086261', '-76.975512', '943134011', 'Alta', '1', 6, '0000-00-00 00:00:00', '2016-12-31 00:03:46', '2016-12-31 00:03:46'),
(315, 30, 1, '313', 'JULIO', ' IMAN', '', '-12.086261', '-76.975512', '943134011', 'Alta', '1', 6, '0000-00-00 00:00:00', '2016-12-31 00:03:47', '2016-12-31 00:03:47'),
(316, 30, 1, '314', 'JULIO', ' IMAN', '', '-12.086261', '-76.975512', '943134011', 'Alta', '1', 6, '0000-00-00 00:00:00', '2016-12-31 00:03:47', '2016-12-31 00:03:47'),
(317, 30, 1, '316', 'JULIO', ' IMAN', '', '-12.086261', '-76.975512', '943134011', 'Alta', '1', 6, '0000-00-00 00:00:00', '2016-12-31 00:03:47', '2016-12-31 00:03:47'),
(318, 30, 1, '325', 'JULIO', ' IMAN', '', '-12.086261', '-76.975512', '943134011', 'Alta', '1', 6, '0000-00-00 00:00:00', '2016-12-31 00:03:47', '2016-12-31 00:03:47'),
(319, 30, 1, '315', 'JULIO', ' IMAN', '', '-12.086261', '-76.975512', '943134011', 'Alta', '1', 6, '0000-00-00 00:00:00', '2016-12-31 00:03:47', '2016-12-31 00:03:47'),
(320, 30, 1, '327', 'JULIO', ' IMAN', '', '-12.086261', '-76.975512', '943134011', 'Alta', '1', 6, '0000-00-00 00:00:00', '2016-12-31 00:03:47', '2016-12-31 00:03:47'),
(321, 30, 1, '323', 'JULIO', ' IMAN', '', '-12.086261', '-76.975512', '943134011', 'Alta', '1', 6, '0000-00-00 00:00:00', '2016-12-31 00:03:47', '2016-12-31 00:03:47'),
(322, 30, 1, '319', 'JULIO', ' IMAN', '', '-12.086261', '-76.975512', '943134011', 'Alta', '1', 6, '0000-00-00 00:00:00', '2016-12-31 00:03:48', '2016-12-31 00:03:48'),
(323, 30, 1, '318', 'JULIO', ' IMAN', '', '-12.086261', '-76.975512', '943134011', 'Alta', '1', 6, '0000-00-00 00:00:00', '2016-12-31 00:03:48', '2016-12-31 00:03:48'),
(324, 30, 1, '320', 'JULIO', ' IMAN', '', '-12.086261', '-76.975512', '943134011', 'Alta', '1', 6, '0000-00-00 00:00:00', '2016-12-31 00:03:48', '2016-12-31 00:03:48'),
(325, 30, 1, '321', 'JULIO', ' IMAN', '', '-12.086261', '-76.975512', '943134011', 'Alta', '1', 6, '0000-00-00 00:00:00', '2016-12-31 00:03:48', '2016-12-31 00:03:48'),
(326, 30, 1, '322', 'JULIO', ' IMAN', '', '-12.086261', '-76.975512', '943134011', 'Alta', '1', 6, '0000-00-00 00:00:00', '2016-12-31 00:03:49', '2016-12-31 00:03:49'),
(327, 24, 3, '259', '', '', 'Mesa LG en buen estado ', '-12.076595', '-77.083922', '980785186', 'Alta', '1', 113, '0000-00-00 00:00:00', '2016-12-31 00:29:39', '2016-12-31 00:29:39'),
(328, 24, 3, '265', '', '', 'Columna LG requiere mantenimiento ya que hdmi no funciona', '-12.076595', '-77.083922', '980785186', 'Alta', '1', 113, '0000-00-00 00:00:00', '2016-12-31 00:29:39', '2016-12-31 00:29:39'),
(329, 24, 3, '260', '', '', 'Mesa LG en buen estado', '-12.076595', '-77.083922', '980785186', 'Alta', '1', 113, '0000-00-00 00:00:00', '2016-12-31 00:29:39', '2016-12-31 00:29:39'),
(330, 24, 3, '261', '', '', 'Mesa LG en buen estado', '-12.076707', '-77.083517', '980785186', 'Alta', '1', 113, '0000-00-00 00:00:00', '2016-12-31 00:29:40', '2016-12-31 00:29:40'),
(331, 24, 3, '262', '', '', 'Mesa lg en buen estado ', '-12.076631', '-77.083674', '980785186', 'Alta', '1', 113, '0000-00-00 00:00:00', '2016-12-31 00:29:40', '2016-12-31 00:29:40'),
(332, 24, 3, '263', '', '', 'Mesa LG en buen estado ', '-12.076595', '-77.083922', '980785186', 'Alta', '1', 113, '0000-00-00 00:00:00', '2016-12-31 00:29:40', '2016-12-31 00:29:40'),
(333, 24, 3, '264', '', '', 'Mesa LG en buen estado ', '-12.076661', '-77.083472', '980785186', 'Alta', '1', 113, '0000-00-00 00:00:00', '2016-12-31 00:29:40', '2016-12-31 00:29:40'),
(334, 24, 3, '266', '', '', 'Pared LG requiere mantenimiento debido a que los cables se encuentran expuestos, tiene hdmi internos malogrados. ', '-12.076661', '-77.083472', '980785186', 'Alta', '1', 113, '0000-00-00 00:00:00', '2016-12-31 00:29:40', '2016-12-31 00:29:40'),
(335, 24, 3, '267', '', '', 'Mesa LG en buen estado ', '-12.076661', '-77.083472', '980785186', 'Alta', '1', 113, '0000-00-00 00:00:00', '2016-12-31 00:29:41', '2016-12-31 00:29:41'),
(336, 24, 3, '258', '', '', 'Mesa LG en buen estado', '-12.076595', '-77.083922', '980785186', 'Alta', '1', 113, '0000-00-00 00:00:00', '2016-12-31 00:29:41', '2016-12-31 00:29:41'),
(337, 24, 3, '254', '', '', 'Colunma LG - Se requiere mantenimiento ya que los hdmi no funcionan ', '-12.076661', '-77.083472', '980785186', 'Alta', '1', 113, '0000-00-00 00:00:00', '2016-12-31 00:29:41', '2016-12-31 00:29:41'),
(338, 24, 3, '257', '', '', 'Mesa LG en buen estado', '-12.076595', '-77.083922', '980785186', 'Alta', '1', 113, '0000-00-00 00:00:00', '2016-12-31 00:29:41', '2016-12-31 00:29:41'),
(339, 24, 3, '255', '', '', 'Mesa Oled en buen estado', '-12.076595', '-77.083922', '980785186', 'Alta', '1', 113, '0000-00-00 00:00:00', '2016-12-31 00:29:41', '2016-12-31 00:29:41'),
(340, 24, 3, '256', '', '', '', '-12.076595', '-77.083922', '980785186', 'Alta', '1', 113, '0000-00-00 00:00:00', '2016-12-31 00:29:42', '2016-12-31 00:29:42'),
(341, 200, 1, '301', 'JULIO', ' IMAN', '', '-12.085496', '-76.975962', '943134011', 'Alta', '1', 6, '0000-00-00 00:00:00', '2016-12-31 01:10:26', '2016-12-31 01:10:26'),
(342, 200, 1, '302', 'JULIO', ' IMAN', '', '-12.085542', '-76.976007', '943134011', 'Alta', '1', 6, '0000-00-00 00:00:00', '2016-12-31 01:10:26', '2016-12-31 01:10:26'),
(343, 783, 1, '347', 'JULIO', ' IMAN', '', '-12.087042', '-76.977223', '943134011', 'Alta', '1', 6, '0000-00-00 00:00:00', '2016-12-31 01:10:27', '2016-12-31 01:10:27'),
(344, 783, 1, '349', 'JULIO', ' IMAN', '', '-12.087042', '-76.977223', '943134011', 'Alta', '1', 6, '0000-00-00 00:00:00', '2016-12-31 01:10:28', '2016-12-31 01:10:28'),
(345, 200, 1, '303', 'JULIO', ' IMAN', '', '-12.085542', '-76.976007', '943134011', 'Alta', '1', 6, '0000-00-00 00:00:00', '2016-12-31 01:10:28', '2016-12-31 01:10:28'),
(346, 200, 1, '304', 'JULIO', ' IMAN', '', '-12.085542', '-76.976007', '943134011', 'Alta', '1', 6, '0000-00-00 00:00:00', '2016-12-31 01:10:29', '2016-12-31 01:10:29'),
(347, 200, 1, '310', 'JULIO', ' IMAN', '', '-12.085192', '-76.976007', '943134011', 'Alta', '1', 6, '0000-00-00 00:00:00', '2016-12-31 01:10:37', '2016-12-31 01:10:37'),
(348, 783, 1, '344', 'JULIO', ' IMAN', '', '-12.087042', '-76.977223', '943134011', 'Alta', '1', 6, '0000-00-00 00:00:00', '2016-12-31 01:10:37', '2016-12-31 01:10:37'),
(349, 783, 1, '345', 'JULIO', ' IMAN', '', '-12.087042', '-76.977223', '943134011', 'Alta', '1', 6, '0000-00-00 00:00:00', '2016-12-31 01:10:41', '2016-12-31 01:10:41'),
(350, 200, 1, '311', 'JULIO', ' IMAN', '', '-12.085496', '-76.975962', '943134011', 'Alta', '1', 6, '0000-00-00 00:00:00', '2016-12-31 01:10:42', '2016-12-31 01:10:42'),
(351, 200, 1, '312', 'JULIO', ' IMAN', '', '-12.085496', '-76.975962', '943134011', 'Alta', '1', 6, '0000-00-00 00:00:00', '2016-12-31 01:10:45', '2016-12-31 01:10:45'),
(352, 783, 1, '342', 'JULIO', ' IMAN', '', '-12.087042', '-76.977223', '943134011', 'Alta', '1', 6, '0000-00-00 00:00:00', '2016-12-31 01:10:45', '2016-12-31 01:10:45'),
(353, 783, 1, '343', 'JULIO', ' IMAN', '', '-12.087042', '-76.977223', '943134011', 'Alta', '1', 6, '0000-00-00 00:00:00', '2016-12-31 01:10:48', '2016-12-31 01:10:48'),
(354, 200, 1, '305', 'JULIO', ' IMAN', '', '-12.085192', '-76.976007', '943134011', 'Alta', '1', 6, '0000-00-00 00:00:00', '2016-12-31 01:10:49', '2016-12-31 01:10:49'),
(355, 200, 1, '309', 'JULIO', ' IMAN', '', '-12.085192', '-76.976007', '943134011', 'Alta', '1', 6, '0000-00-00 00:00:00', '2016-12-31 01:10:53', '2016-12-31 01:10:53'),
(356, 200, 1, '307', 'JULIO', ' IMAN', '', '-12.085192', '-76.976007', '943134011', 'Alta', '1', 6, '0000-00-00 00:00:00', '2016-12-31 01:10:54', '2016-12-31 01:10:54'),
(357, 200, 1, '308', 'JULIO', ' IMAN', '', '-12.085192', '-76.976007', '943134011', 'Alta', '1', 6, '0000-00-00 00:00:00', '2016-12-31 01:10:54', '2016-12-31 01:10:54'),
(358, 200, 1, '306', 'JULIO', ' IMAN', '', '-12.085192', '-76.976007', '943134011', 'Alta', '1', 6, '0000-00-00 00:00:00', '2016-12-31 01:10:56', '2016-12-31 01:10:56'),
(359, 783, 1, '350', 'JULIO', ' IMAN', '', '-12.087046', '-76.977313', '943134011', 'Alta', '1', 6, '0000-00-00 00:00:00', '2016-12-31 01:10:56', '2016-12-31 01:10:56'),
(360, 783, 1, '346', 'JULIO', ' IMAN', '', '-12.087042', '-76.977223', '943134011', 'Alta', '1', 6, '0000-00-00 00:00:00', '2016-12-31 01:10:57', '2016-12-31 01:10:57'),
(361, 4, 1, '295', 'Jhan', 'Calua', 'Buen estado', '-12.055838', '-77.100962', '957408204', 'Alta', '1', 114, '0000-00-00 00:00:00', '2016-12-31 01:57:49', '2017-01-02 22:33:15'),
(362, 7, 1, '501', 'Jhan', 'Calua', 'Buen Estado', '-12.057369', '-77.037601', '957408204', 'Alta', '1', 114, '0000-00-00 00:00:00', '2016-12-31 02:14:19', '2017-01-02 22:33:15'),
(363, 7, 1, '502', 'Jhan', 'Calua', 'Buen Estado', '-12.057282', '-77.037601', '957408204', 'Alta', '1', 114, '0000-00-00 00:00:00', '2016-12-31 02:14:19', '2017-01-02 22:33:15'),
(364, 7, 1, '509', 'Jhan', 'Calua', 'Buen Estado', '-12.057282', '-77.037601', '957408204', 'Alta', '1', 114, '0000-00-00 00:00:00', '2016-12-31 02:14:19', '2017-01-02 22:33:15'),
(365, 7, 1, '503', 'Jhan', 'Calua', 'Buen estado', '-12.057282', '-77.037601', '957408204', 'Alta', '1', 114, '0000-00-00 00:00:00', '2016-12-31 02:14:20', '2017-01-02 22:33:15'),
(366, 7, 1, '506', 'Jhan', 'Calua', 'Buen Estado', '-12.057369', '-77.037601', '957408204', 'Alta', '1', 114, '0000-00-00 00:00:00', '2016-12-31 02:14:20', '2017-01-02 22:33:15'),
(367, 7, 1, '508', 'Jhan', 'Calua', 'Buen Estado', '-12.057369', '-77.037601', '957408204', 'Alta', '1', 114, '0000-00-00 00:00:00', '2016-12-31 02:14:20', '2017-01-02 22:33:15'),
(368, 7, 1, '505', 'Jhan', 'Calua', 'Buen Estado', '-12.057369', '-77.037601', '957408204', 'Alta', '1', 114, '0000-00-00 00:00:00', '2016-12-31 02:14:21', '2017-01-02 22:33:15'),
(369, 7, 1, '504', 'Jhan', 'Calua', 'Buen Estado', '-12.057282', '-77.037601', '957408204', 'Alta', '1', 114, '0000-00-00 00:00:00', '2016-12-31 02:14:21', '2017-01-02 22:33:15'),
(370, 7, 1, '507', 'Jhan', 'Calua', 'Buen Estado', '-12.045713', '-77.038773', '957408204', 'Alta', '1', 114, '0000-00-00 00:00:00', '2016-12-31 02:16:18', '2017-01-02 22:33:15'),
(371, 36, 1, '138', 'MARIA', ' CARRILLO', '', '-12.172324', '-77.014119', '942625962', 'Alta', '1', 3, '0000-00-00 00:00:00', '2016-12-31 02:45:49', '2016-12-31 02:45:49'),
(372, 36, 1, '137', 'MARIA', ' CARRILLO', '', '-12.172324', '-77.014119', '942625962', 'Alta', '1', 3, '0000-00-00 00:00:00', '2016-12-31 02:45:50', '2016-12-31 02:45:50'),
(373, 200, 1, '312', 'benni', 'huaman santillan', 'Pintura y resane en area de cajones.', '-12.085500', '-76.976052', '942951373', 'Alta', '1', 115, '0000-00-00 00:00:00', '2016-12-31 15:44:20', '2017-01-02 22:33:11'),
(374, 138, 1, '393', 'benni', 'huaman santillan', 'Actualizar Comunicacion ', '-12.007075', '-77.002286', '942951373', 'Alta', '1', 115, '0000-00-00 00:00:00', '2016-12-31 15:44:21', '2017-01-02 22:33:11'),
(375, 138, 1, '392', 'benni', 'huaman santillan', 'Actualizar Comunicación', '-12.007075', '-77.002286', '942951373', 'Alta', '1', 115, '0000-00-00 00:00:00', '2016-12-31 15:44:21', '2017-01-02 22:33:11'),
(376, 138, 1, '394', 'benni', 'huaman santillan', 'Actualizar Logo LG', '-12.007075', '-77.002286', '942951373', 'Alta', '1', 115, '0000-00-00 00:00:00', '2016-12-31 15:44:21', '2017-01-02 22:33:11'),
(377, 25, 1, '389', 'benni', 'huaman santillan', 'Falta tapa de llave electrica', '-12.056957', '-76.971372', '942951373', 'Alta', '1', 115, '0000-00-00 00:00:00', '2016-12-31 15:44:21', '2017-01-02 22:33:11'),
(378, 138, 1, '397', 'benni', 'huaman santillan', '', '-12.007075', '-77.002286', '942951373', 'Baja', '1', 115, '0000-00-00 00:00:00', '2016-12-31 15:44:22', '2017-01-02 22:33:11'),
(379, 138, 1, '395', 'benni', 'huaman santillan', 'Actualizar Logo de LG', '-12.007075', '-77.002286', '942951373', 'Alta', '1', 115, '0000-00-00 00:00:00', '2016-12-31 15:44:22', '2017-01-02 22:33:11'),
(380, 108, 1, '399', 'benni', 'huaman santillan', 'Ok', '-12.054013', '-77.041514', '942951373', 'Baja', '1', 115, '0000-00-00 00:00:00', '2016-12-31 15:44:22', '2017-01-02 22:33:11'),
(381, 138, 1, '396', 'benni', 'huaman santillan', 'Actualizar Logo de LG', '-12.007075', '-77.002286', '942951373', 'Alta', '1', 115, '0000-00-00 00:00:00', '2016-12-31 15:44:22', '2017-01-02 22:33:11'),
(382, 108, 1, '398', 'benni', 'huaman santillan', '', '-12.054013', '-77.041514', '942951373', 'Baja', '1', 115, '0000-00-00 00:00:00', '2016-12-31 15:44:22', '2017-01-02 22:33:11'),
(383, 108, 1, '400', 'benni', 'huaman santillan', 'Actualizar Logo de LG', '-12.053943', '-77.042505', '942951373', 'Baja', '1', 115, '0000-00-00 00:00:00', '2016-12-31 15:44:22', '2017-01-02 22:33:11'),
(384, 218, 1, '404', 'benni', 'huaman santillan', 'Ok', '-12.013678', '-76.883086', '942951373', 'Alta', '1', 115, '0000-00-00 00:00:00', '2016-12-31 15:44:22', '2017-01-02 22:33:11'),
(385, 108, 1, '401', 'benni', 'huaman santillan', 'Ok', '-12.054013', '-77.041514', '942951373', 'Alta', '1', 115, '0000-00-00 00:00:00', '2016-12-31 15:44:22', '2017-01-02 22:33:11'),
(386, 203, 1, '413', 'benni', 'huaman santillan', 'Mueble antiguo.', '-12.091878', '-76.954764', '942951373', 'Baja', '1', 115, '0000-00-00 00:00:00', '2016-12-31 15:44:23', '2017-01-02 22:33:11'),
(387, 178, 1, '407', 'benni', 'huaman santillan', 'Pintura y Resane.', '-12.053742', '-76.961606', '942951373', 'Alta', '1', 115, '0000-00-00 00:00:00', '2016-12-31 15:44:23', '2017-01-02 22:33:11'),
(388, 236, 1, '402', 'benni', 'huaman santillan', 'Pintura y Resane', '-11.937994', '-77.071736', '942951373', 'Alta', '1', 115, '0000-00-00 00:00:00', '2016-12-31 15:44:23', '2017-01-02 22:33:11'),
(389, 136, 1, '416', 'benni', 'huaman santillan', 'Actualizar Logo de LG y arreglo de Luces del Logo de LG', '-11.975569', '-77.001972', '942951373', 'Alta', '1', 115, '0000-00-00 00:00:00', '2016-12-31 15:44:23', '2017-01-02 22:33:11'),
(390, 136, 1, '417', 'benni', 'huaman santillan', 'Ok', '-11.975652', '-77.001882', '942951373', 'Alta', '1', 115, '0000-00-00 00:00:00', '2016-12-31 15:44:23', '2017-01-02 22:33:11'),
(391, 74, 1, '901', 'ALEJANDRO', 'PAZ DEL CARPIO', 'Pared principal de TV se encuentra deteriorada con comunicación antigua', '-16.389846', '-71.549908', '999659902', 'Baja', '1', 117, '0000-00-00 00:00:00', '2017-01-03 02:26:25', '2017-01-04 02:25:27'),
(392, 74, 1, '909', 'ALEJANDRO', 'PAZ DEL CARPIO', 'Mesa ultra HD 4K con logo 3D quemado', '-16.389749', '-71.549815', '999659902', 'Alta', '1', 117, '0000-00-00 00:00:00', '2017-01-03 02:26:26', '2017-01-04 02:25:27'),
(393, 91, 1, '910', 'ALEJANDRO', 'PAZ DEL CARPIO', 'Mesa Ultra HD 4k de 43 - 49 necesita cambio de spec adhesivo', '-16.388882', '-71.550001', '999659902', 'Alta', '1', 117, '0000-00-00 00:00:00', '2017-01-03 02:26:26', '2017-01-04 02:25:27'),
(394, 74, 1, '907', 'ALEJANDRO', 'PAZ DEL CARPIO', 'Mesa cubo roja con formato antiguo', '-16.389846', '-71.549908', '999659902', 'Baja', '1', 117, '0000-00-00 00:00:00', '2017-01-03 02:26:26', '2017-01-04 02:25:27'),
(395, 74, 1, '908', 'ALEJANDRO', 'PAZ DEL CARPIO', 'Pared cabecera de ingreso a tienda', '-16.389749', '-71.549815', '999659902', 'Alta', '1', 117, '0000-00-00 00:00:00', '2017-01-03 02:26:26', '2017-01-04 02:25:27'),
(396, 91, 1, '911', 'ALEJANDRO', 'PAZ DEL CARPIO', 'Mesa Ultra HD 4k de 43 - 49 necesita cambio de spec adhesivo', '-16.389067', '-71.550094', '999659902', 'Alta', '1', 117, '0000-00-00 00:00:00', '2017-01-03 02:26:26', '2017-01-04 02:25:27'),
(397, 2, 1, '912', 'ALEJANDRO', 'PAZ DEL CARPIO', 'Pared L principal LG del area de electro, con información samrt TV, super UHD TV y OLED TV tiene focos LEDS superiores quemados y una letra T se salio, base OLED se esta despintando', '-16.390533', '-71.546755', '999659902', 'Alta', '1', 117, '0000-00-00 00:00:00', '2017-01-03 03:03:01', '2017-01-04 02:25:27'),
(398, 2, 1, '7118289', 'ALEJANDRO', 'PAZ DEL CARPIO', 'Isla de TV con letras acrilicas se encuentran quemadas.', '-16.390533', '-71.546755', '999659902', 'Alta', '1', 117, '0000-00-00 00:00:00', '2017-01-03 03:03:02', '2017-01-04 02:25:27'),
(399, 2, 1, '914', 'ALEJANDRO', 'PAZ DEL CARPIO', 'Mesa UHD de 43 - 49 tiene Logo 3D quemado', '-16.390533', '-71.546755', '999659902', 'Alta', '1', 117, '0000-00-00 00:00:00', '2017-01-03 03:15:30', '2017-01-04 02:25:27'),
(400, 2, 1, '916', 'ALEJANDRO', 'PAZ DEL CARPIO', 'Mesa Super UHD TV 4k contiene letras acrilicas rotas y quemadas', '-16.390533', '-71.546755', '999659902', 'Alta', '1', 117, '0000-00-00 00:00:00', '2017-01-03 03:15:30', '2017-01-04 02:25:27'),
(401, 2, 1, '915', 'ALEJANDRO', 'PAZ DEL CARPIO', 'Mesa UHD 4k de 43 - 49 tiene la puerta trasera rota', '-16.390533', '-71.546755', '999659902', 'Alta', '1', 117, '0000-00-00 00:00:00', '2017-01-03 03:15:30', '2017-01-04 02:25:27'),
(402, 2, 1, '913', 'ALEJANDRO', 'PAZ DEL CARPIO', 'Isla de TV principal contiene letras acrilicas Super UHD TV quemadas', '-16.390533', '-71.546755', '999659902', 'Alta', '1', 117, '0000-00-00 00:00:00', '2017-01-03 03:15:31', '2017-01-04 02:25:27'),
(403, 80, 1, '917', 'ALEJANDRO', 'PAZ DEL CARPIO', 'Mesa OLED fhd', '-16.374202', '-71.558208', '999659902', 'Alta', '1', 117, '0000-00-00 00:00:00', '2017-01-03 23:54:59', '2017-01-04 02:25:27'),
(404, 80, 1, '918', 'ALEJANDRO', 'PAZ DEL CARPIO', 'Pared principal de TV con comunicación antigua, caja de luz spec adhesivo se salio la "S" de Web OS. Spec adhesivo con comunicación antigua', '-16.374242', '-71.558161', '999659902', 'Alta', '1', 117, '0000-00-00 00:00:00', '2017-01-03 23:55:00', '2017-01-04 02:25:27'),
(405, 90, 1, '923', 'ALEJANDRO', 'PAZ DEL CARPIO', 'Mesa Ultra HD 4K de 55 -60 con Logo antiguo ', '-16.398992', '-71.533772', '999659902', 'Alta', '1', 117, '0000-00-00 00:00:00', '2017-01-04 02:24:38', '2017-01-04 02:25:27'),
(406, 90, 1, '919', 'ALEJANDRO', 'PAZ DEL CARPIO', 'Pared principal de TV con logo 3D quemado y comunicación antigua', '-16.398920', '-71.533958', '999659902', 'Baja', '1', 117, '0000-00-00 00:00:00', '2017-01-04 02:24:38', '2017-01-04 02:25:27'),
(407, 90, 1, '920', 'ALEJANDRO', 'PAZ DEL CARPIO', 'Mesa OLED UHD 4k', '-16.398920', '-71.533958', '999659902', 'Alta', '1', 117, '0000-00-00 00:00:00', '2017-01-04 02:24:39', '2017-01-04 02:25:27'),
(408, 90, 1, '921', 'ALEJANDRO', 'PAZ DEL CARPIO', 'Mesa UHD 4K de 43 - 49', '-16.399032', '-71.533726', '999659902', 'Alta', '1', 117, '0000-00-00 00:00:00', '2017-01-04 02:24:39', '2017-01-04 02:25:27'),
(409, 90, 1, '922', 'ALEJANDRO', 'PAZ DEL CARPIO', 'Mesa UHD 4K de 43 - 49', '-16.398920', '-71.533958', '999659902', 'Alta', '1', 117, '0000-00-00 00:00:00', '2017-01-04 02:24:39', '2017-01-04 02:25:27'),
(410, 457, 1, '924', 'ALEJANDRO', 'PAZ DEL CARPIO', 'Pared lateral de lg, con comunicación antigua logo 3D antiguo letras y logo quemados', '-16.397847', '-71.534792', '999659902', 'Alta', '1', 117, '0000-00-00 00:00:00', '2017-01-04 03:02:58', '2017-01-04 03:02:58'),
(411, 457, 1, '927', 'ALEJANDRO', 'PAZ DEL CARPIO', 'Isla de TV para 5 TVS de 43 a 55 contiene 3 logos 3D LG veteados', '-16.397847', '-71.534792', '999659902', 'Alta', '1', 117, '0000-00-00 00:00:00', '2017-01-04 03:02:58', '2017-01-04 03:02:58'),
(412, 457, 1, '925', 'ALEJANDRO', 'PAZ DEL CARPIO', 'Pared principal de TV tiene 1 logo 3D veteado', '-16.397847', '-71.534792', '999659902', 'Alta', '1', 117, '0000-00-00 00:00:00', '2017-01-04 03:02:58', '2017-01-04 03:02:58'),
(413, 457, 1, '926', 'ALEJANDRO', 'PAZ DEL CARPIO', 'Isla de tv para 5 tvs de 43 a 55 contiene 3 logos 3D LG veteados', '-16.397847', '-71.534792', '999659902', 'Alta', '1', 117, '0000-00-00 00:00:00', '2017-01-04 03:02:59', '2017-01-04 03:02:59');

-- --------------------------------------------------------

--
-- Estructura de tabla para la tabla `track_imagen`
--

CREATE TABLE `track_imagen` (
  `id` int(10) UNSIGNED NOT NULL,
  `track_id` int(10) UNSIGNED NOT NULL,
  `url` varchar(255) COLLATE utf8_unicode_ci NOT NULL,
  `name` varchar(255) COLLATE utf8_unicode_ci NOT NULL,
  `type` varchar(255) COLLATE utf8_unicode_ci NOT NULL,
  `created_at` timestamp NULL DEFAULT NULL,
  `updated_at` timestamp NULL DEFAULT NULL
) ENGINE=MyISAM DEFAULT CHARSET=utf8 COLLATE=utf8_unicode_ci;

--
-- Volcado de datos para la tabla `track_imagen`
--

INSERT INTO `track_imagen` (`id`, `track_id`, `url`, `name`, `type`, `created_at`, `updated_at`) VALUES
(364, 361, 'http://lg.neoprojects.com.pe/images/361_1_1483138669.jpg', '361_1_1483138669.jpg', 'jpg', '2016-12-31 01:57:49', '2016-12-31 01:57:49'),
(363, 360, 'http://lg.neoprojects.com.pe/images/360_1_1483135857.jpg', '360_1_1483135857.jpg', 'jpg', '2016-12-31 01:10:57', '2016-12-31 01:10:57'),
(362, 359, 'http://lg.neoprojects.com.pe/images/359_1_1483135856.jpg', '359_1_1483135856.jpg', 'jpg', '2016-12-31 01:10:56', '2016-12-31 01:10:56'),
(361, 358, 'http://lg.neoprojects.com.pe/images/358_1_1483135856.jpg', '358_1_1483135856.jpg', 'jpg', '2016-12-31 01:10:56', '2016-12-31 01:10:56'),
(360, 357, 'http://lg.neoprojects.com.pe/images/357_1_1483135854.jpg', '357_1_1483135854.jpg', 'jpg', '2016-12-31 01:10:54', '2016-12-31 01:10:54'),
(359, 356, 'http://lg.neoprojects.com.pe/images/356_1_1483135854.jpg', '356_1_1483135854.jpg', 'jpg', '2016-12-31 01:10:54', '2016-12-31 01:10:54'),
(358, 355, 'http://lg.neoprojects.com.pe/images/355_1_1483135853.jpg', '355_1_1483135853.jpg', 'jpg', '2016-12-31 01:10:53', '2016-12-31 01:10:53'),
(357, 354, 'http://lg.neoprojects.com.pe/images/354_1_1483135849.jpg', '354_1_1483135849.jpg', 'jpg', '2016-12-31 01:10:49', '2016-12-31 01:10:49'),
(356, 353, 'http://lg.neoprojects.com.pe/images/353_1_1483135848.jpg', '353_1_1483135848.jpg', 'jpg', '2016-12-31 01:10:48', '2016-12-31 01:10:48'),
(355, 352, 'http://lg.neoprojects.com.pe/images/352_1_1483135845.jpg', '352_1_1483135845.jpg', 'jpg', '2016-12-31 01:10:45', '2016-12-31 01:10:45'),
(354, 351, 'http://lg.neoprojects.com.pe/images/351_1_1483135845.jpg', '351_1_1483135845.jpg', 'jpg', '2016-12-31 01:10:45', '2016-12-31 01:10:45'),
(353, 350, 'http://lg.neoprojects.com.pe/images/350_1_1483135842.jpg', '350_1_1483135842.jpg', 'jpg', '2016-12-31 01:10:42', '2016-12-31 01:10:42'),
(352, 349, 'http://lg.neoprojects.com.pe/images/349_1_1483135841.jpg', '349_1_1483135841.jpg', 'jpg', '2016-12-31 01:10:41', '2016-12-31 01:10:41'),
(351, 348, 'http://lg.neoprojects.com.pe/images/348_1_1483135837.jpg', '348_1_1483135837.jpg', 'jpg', '2016-12-31 01:10:37', '2016-12-31 01:10:37'),
(350, 347, 'http://lg.neoprojects.com.pe/images/347_1_1483135837.jpg', '347_1_1483135837.jpg', 'jpg', '2016-12-31 01:10:37', '2016-12-31 01:10:37'),
(349, 346, 'http://lg.neoprojects.com.pe/images/346_1_1483135829.jpg', '346_1_1483135829.jpg', 'jpg', '2016-12-31 01:10:29', '2016-12-31 01:10:29'),
(348, 345, 'http://lg.neoprojects.com.pe/images/345_1_1483135828.jpg', '345_1_1483135828.jpg', 'jpg', '2016-12-31 01:10:28', '2016-12-31 01:10:28'),
(347, 344, 'http://lg.neoprojects.com.pe/images/344_1_1483135828.jpg', '344_1_1483135828.jpg', 'jpg', '2016-12-31 01:10:28', '2016-12-31 01:10:28'),
(346, 343, 'http://lg.neoprojects.com.pe/images/343_1_1483135827.jpg', '343_1_1483135827.jpg', 'jpg', '2016-12-31 01:10:27', '2016-12-31 01:10:27'),
(345, 342, 'http://lg.neoprojects.com.pe/images/342_1_1483135826.jpg', '342_1_1483135826.jpg', 'jpg', '2016-12-31 01:10:26', '2016-12-31 01:10:26'),
(344, 341, 'http://lg.neoprojects.com.pe/images/341_1_1483135826.jpg', '341_1_1483135826.jpg', 'jpg', '2016-12-31 01:10:26', '2016-12-31 01:10:26'),
(343, 340, 'http://lg.neoprojects.com.pe/images/340_1_1483133382.jpg', '340_1_1483133382.jpg', 'jpg', '2016-12-31 00:29:42', '2016-12-31 00:29:42'),
(342, 339, 'http://lg.neoprojects.com.pe/images/339_1_1483133381.jpg', '339_1_1483133381.jpg', 'jpg', '2016-12-31 00:29:41', '2016-12-31 00:29:41'),
(341, 338, 'http://lg.neoprojects.com.pe/images/338_1_1483133381.jpg', '338_1_1483133381.jpg', 'jpg', '2016-12-31 00:29:41', '2016-12-31 00:29:41'),
(340, 337, 'http://lg.neoprojects.com.pe/images/337_1_1483133381.jpg', '337_1_1483133381.jpg', 'jpg', '2016-12-31 00:29:41', '2016-12-31 00:29:41'),
(339, 336, 'http://lg.neoprojects.com.pe/images/336_1_1483133381.jpg', '336_1_1483133381.jpg', 'jpg', '2016-12-31 00:29:41', '2016-12-31 00:29:41'),
(338, 335, 'http://lg.neoprojects.com.pe/images/335_1_1483133381.jpg', '335_1_1483133381.jpg', 'jpg', '2016-12-31 00:29:41', '2016-12-31 00:29:41'),
(337, 334, 'http://lg.neoprojects.com.pe/images/334_1_1483133380.jpg', '334_1_1483133380.jpg', 'jpg', '2016-12-31 00:29:40', '2016-12-31 00:29:40'),
(336, 333, 'http://lg.neoprojects.com.pe/images/333_1_1483133380.jpg', '333_1_1483133380.jpg', 'jpg', '2016-12-31 00:29:40', '2016-12-31 00:29:40'),
(335, 332, 'http://lg.neoprojects.com.pe/images/332_1_1483133380.jpg', '332_1_1483133380.jpg', 'jpg', '2016-12-31 00:29:40', '2016-12-31 00:29:40'),
(334, 331, 'http://lg.neoprojects.com.pe/images/331_1_1483133380.jpg', '331_1_1483133380.jpg', 'jpg', '2016-12-31 00:29:40', '2016-12-31 00:29:40'),
(333, 330, 'http://lg.neoprojects.com.pe/images/330_1_1483133380.jpg', '330_1_1483133380.jpg', 'jpg', '2016-12-31 00:29:40', '2016-12-31 00:29:40'),
(332, 329, 'http://lg.neoprojects.com.pe/images/329_1_1483133379.jpg', '329_1_1483133379.jpg', 'jpg', '2016-12-31 00:29:39', '2016-12-31 00:29:39'),
(331, 328, 'http://lg.neoprojects.com.pe/images/328_1_1483133379.jpg', '328_1_1483133379.jpg', 'jpg', '2016-12-31 00:29:39', '2016-12-31 00:29:39'),
(330, 327, 'http://lg.neoprojects.com.pe/images/327_1_1483133379.jpg', '327_1_1483133379.jpg', 'jpg', '2016-12-31 00:29:39', '2016-12-31 00:29:39'),
(329, 326, 'http://lg.neoprojects.com.pe/images/326_1_1483131829.jpg', '326_1_1483131829.jpg', 'jpg', '2016-12-31 00:03:49', '2016-12-31 00:03:49'),
(328, 325, 'http://lg.neoprojects.com.pe/images/325_1_1483131828.jpg', '325_1_1483131828.jpg', 'jpg', '2016-12-31 00:03:48', '2016-12-31 00:03:48'),
(327, 324, 'http://lg.neoprojects.com.pe/images/324_1_1483131828.jpg', '324_1_1483131828.jpg', 'jpg', '2016-12-31 00:03:48', '2016-12-31 00:03:48'),
(326, 323, 'http://lg.neoprojects.com.pe/images/323_1_1483131828.jpg', '323_1_1483131828.jpg', 'jpg', '2016-12-31 00:03:48', '2016-12-31 00:03:48'),
(325, 322, 'http://lg.neoprojects.com.pe/images/322_1_1483131828.jpg', '322_1_1483131828.jpg', 'jpg', '2016-12-31 00:03:48', '2016-12-31 00:03:48'),
(324, 321, 'http://lg.neoprojects.com.pe/images/321_1_1483131827.jpg', '321_1_1483131827.jpg', 'jpg', '2016-12-31 00:03:47', '2016-12-31 00:03:47'),
(323, 320, 'http://lg.neoprojects.com.pe/images/320_1_1483131827.jpg', '320_1_1483131827.jpg', 'jpg', '2016-12-31 00:03:47', '2016-12-31 00:03:47'),
(322, 319, 'http://lg.neoprojects.com.pe/images/319_1_1483131827.jpg', '319_1_1483131827.jpg', 'jpg', '2016-12-31 00:03:47', '2016-12-31 00:03:47'),
(321, 318, 'http://lg.neoprojects.com.pe/images/318_1_1483131827.jpg', '318_1_1483131827.jpg', 'jpg', '2016-12-31 00:03:47', '2016-12-31 00:03:47'),
(320, 317, 'http://lg.neoprojects.com.pe/images/317_1_1483131827.jpg', '317_1_1483131827.jpg', 'jpg', '2016-12-31 00:03:47', '2016-12-31 00:03:47'),
(319, 316, 'http://lg.neoprojects.com.pe/images/316_1_1483131827.jpg', '316_1_1483131827.jpg', 'jpg', '2016-12-31 00:03:47', '2016-12-31 00:03:47'),
(318, 315, 'http://lg.neoprojects.com.pe/images/315_1_1483131827.jpg', '315_1_1483131827.jpg', 'jpg', '2016-12-31 00:03:47', '2016-12-31 00:03:47'),
(317, 314, 'http://lg.neoprojects.com.pe/images/314_1_1483131826.jpg', '314_1_1483131826.jpg', 'jpg', '2016-12-31 00:03:46', '2016-12-31 00:03:46'),
(316, 313, 'http://lg.neoprojects.com.pe/images/313_1_1483131826.jpg', '313_1_1483131826.jpg', 'jpg', '2016-12-31 00:03:46', '2016-12-31 00:03:46'),
(315, 312, 'http://lg.neoprojects.com.pe/images/312_1_1483129348.jpg', '312_1_1483129348.jpg', 'jpg', '2016-12-30 23:22:28', '2016-12-30 23:22:28'),
(314, 311, 'http://lg.neoprojects.com.pe/images/311_1_1483129348.jpg', '311_1_1483129348.jpg', 'jpg', '2016-12-30 23:22:28', '2016-12-30 23:22:28'),
(313, 310, 'http://lg.neoprojects.com.pe/images/310_1_1483129348.jpg', '310_1_1483129348.jpg', 'jpg', '2016-12-30 23:22:28', '2016-12-30 23:22:28'),
(312, 309, 'http://lg.neoprojects.com.pe/images/309_1_1483129347.jpg', '309_1_1483129347.jpg', 'jpg', '2016-12-30 23:22:27', '2016-12-30 23:22:27'),
(311, 308, 'http://lg.neoprojects.com.pe/images/308_1_1483129347.jpg', '308_1_1483129347.jpg', 'jpg', '2016-12-30 23:22:27', '2016-12-30 23:22:27'),
(310, 306, 'http://lg.neoprojects.com.pe/images/306_1_1483129347.jpg', '306_1_1483129347.jpg', 'jpg', '2016-12-30 23:22:27', '2016-12-30 23:22:27'),
(309, 307, 'http://lg.neoprojects.com.pe/images/307_1_1483129347.jpg', '307_1_1483129347.jpg', 'jpg', '2016-12-30 23:22:27', '2016-12-30 23:22:27'),
(308, 305, 'http://lg.neoprojects.com.pe/images/305_1_1483129347.jpg', '305_1_1483129347.jpg', 'jpg', '2016-12-30 23:22:27', '2016-12-30 23:22:27'),
(307, 304, 'http://lg.neoprojects.com.pe/images/304_1_1483129347.jpg', '304_1_1483129347.jpg', 'jpg', '2016-12-30 23:22:27', '2016-12-30 23:22:27'),
(306, 303, 'http://lg.neoprojects.com.pe/images/303_1_1483129347.jpg', '303_1_1483129347.jpg', 'jpg', '2016-12-30 23:22:27', '2016-12-30 23:22:27'),
(305, 302, 'http://lg.neoprojects.com.pe/images/302_1_1483129347.jpg', '302_1_1483129347.jpg', 'jpg', '2016-12-30 23:22:27', '2016-12-30 23:22:27'),
(304, 301, 'http://lg.neoprojects.com.pe/images/301_1_1483129347.jpg', '301_1_1483129347.jpg', 'jpg', '2016-12-30 23:22:27', '2016-12-30 23:22:27'),
(303, 300, 'http://lg.neoprojects.com.pe/images/300_1_1483129347.jpg', '300_1_1483129347.jpg', 'jpg', '2016-12-30 23:22:27', '2016-12-30 23:22:27'),
(302, 299, 'http://lg.neoprojects.com.pe/images/299_1_1483129347.jpg', '299_1_1483129347.jpg', 'jpg', '2016-12-30 23:22:27', '2016-12-30 23:22:27'),
(301, 298, 'http://lg.neoprojects.com.pe/images/298_1_1483129346.jpg', '298_1_1483129346.jpg', 'jpg', '2016-12-30 23:22:26', '2016-12-30 23:22:26'),
(300, 297, 'http://lg.neoprojects.com.pe/images/297_1_1483129346.jpg', '297_1_1483129346.jpg', 'jpg', '2016-12-30 23:22:26', '2016-12-30 23:22:26'),
(299, 296, 'http://lg.neoprojects.com.pe/images/296_1_1483129345.jpg', '296_1_1483129345.jpg', 'jpg', '2016-12-30 23:22:25', '2016-12-30 23:22:25'),
(298, 295, 'http://lg.neoprojects.com.pe/images/295_1_1483123131.jpg', '295_1_1483123131.jpg', 'jpg', '2016-12-30 21:38:51', '2016-12-30 21:38:51'),
(297, 294, 'http://lg.neoprojects.com.pe/images/294_1_1483123131.jpg', '294_1_1483123131.jpg', 'jpg', '2016-12-30 21:38:51', '2016-12-30 21:38:51'),
(296, 293, 'http://lg.neoprojects.com.pe/images/293_1_1483123131.jpg', '293_1_1483123131.jpg', 'jpg', '2016-12-30 21:38:51', '2016-12-30 21:38:51'),
(295, 292, 'http://lg.neoprojects.com.pe/images/292_1_1483123131.jpg', '292_1_1483123131.jpg', 'jpg', '2016-12-30 21:38:51', '2016-12-30 21:38:51'),
(294, 291, 'http://lg.neoprojects.com.pe/images/291_1_1483123130.jpg', '291_1_1483123130.jpg', 'jpg', '2016-12-30 21:38:50', '2016-12-30 21:38:50'),
(293, 290, 'http://lg.neoprojects.com.pe/images/290_1_1483123130.jpg', '290_1_1483123130.jpg', 'jpg', '2016-12-30 21:38:50', '2016-12-30 21:38:50'),
(292, 289, 'http://lg.neoprojects.com.pe/images/289_1_1483123129.jpg', '289_1_1483123129.jpg', 'jpg', '2016-12-30 21:38:49', '2016-12-30 21:38:49'),
(291, 288, 'http://lg.neoprojects.com.pe/images/288_1_1483122605.jpg', '288_1_1483122605.jpg', 'jpg', '2016-12-30 21:30:05', '2016-12-30 21:30:05'),
(290, 287, 'http://lg.neoprojects.com.pe/images/287_1_1483122605.jpg', '287_1_1483122605.jpg', 'jpg', '2016-12-30 21:30:05', '2016-12-30 21:30:05'),
(289, 286, 'http://lg.neoprojects.com.pe/images/286_1_1483122605.jpg', '286_1_1483122605.jpg', 'jpg', '2016-12-30 21:30:05', '2016-12-30 21:30:05'),
(288, 285, 'http://lg.neoprojects.com.pe/images/285_1_1483122605.jpg', '285_1_1483122605.jpg', 'jpg', '2016-12-30 21:30:05', '2016-12-30 21:30:05'),
(287, 284, 'http://lg.neoprojects.com.pe/images/284_1_1483122604.jpg', '284_1_1483122604.jpg', 'jpg', '2016-12-30 21:30:04', '2016-12-30 21:30:04'),
(286, 283, 'http://lg.neoprojects.com.pe/images/283_1_1483122604.jpg', '283_1_1483122604.jpg', 'jpg', '2016-12-30 21:30:04', '2016-12-30 21:30:04'),
(285, 282, 'http://lg.neoprojects.com.pe/images/282_1_1483122604.jpg', '282_1_1483122604.jpg', 'jpg', '2016-12-30 21:30:04', '2016-12-30 21:30:04'),
(284, 281, 'http://lg.neoprojects.com.pe/images/281_1_1483122604.jpg', '281_1_1483122604.jpg', 'jpg', '2016-12-30 21:30:04', '2016-12-30 21:30:04'),
(283, 280, 'http://lg.neoprojects.com.pe/images/280_1_1483122604.jpg', '280_1_1483122604.jpg', 'jpg', '2016-12-30 21:30:04', '2016-12-30 21:30:04'),
(282, 279, 'http://lg.neoprojects.com.pe/images/279_1_1483122604.jpg', '279_1_1483122604.jpg', 'jpg', '2016-12-30 21:30:04', '2016-12-30 21:30:04'),
(281, 278, 'http://lg.neoprojects.com.pe/images/278_1_1483122604.jpg', '278_1_1483122604.jpg', 'jpg', '2016-12-30 21:30:04', '2016-12-30 21:30:04'),
(280, 277, 'http://lg.neoprojects.com.pe/images/277_1_1483122604.jpg', '277_1_1483122604.jpg', 'jpg', '2016-12-30 21:30:04', '2016-12-30 21:30:04'),
(279, 276, 'http://lg.neoprojects.com.pe/images/276_2_1483122603.jpg', '276_2_1483122603.jpg', 'jpg', '2016-12-30 21:30:03', '2016-12-30 21:30:03'),
(278, 276, 'http://lg.neoprojects.com.pe/images/276_1_1483122603.jpg', '276_1_1483122603.jpg', 'jpg', '2016-12-30 21:30:03', '2016-12-30 21:30:03'),
(277, 275, 'http://lg.neoprojects.com.pe/images/275_1_1483122603.jpg', '275_1_1483122603.jpg', 'jpg', '2016-12-30 21:30:03', '2016-12-30 21:30:03'),
(276, 274, 'http://lg.neoprojects.com.pe/images/274_1_1483122603.jpg', '274_1_1483122603.jpg', 'jpg', '2016-12-30 21:30:03', '2016-12-30 21:30:03'),
(275, 273, 'http://lg.neoprojects.com.pe/images/273_1_1483122603.jpg', '273_1_1483122603.jpg', 'jpg', '2016-12-30 21:30:03', '2016-12-30 21:30:03'),
(274, 272, 'http://lg.neoprojects.com.pe/images/272_1_1483122367.jpg', '272_1_1483122367.jpg', 'jpg', '2016-12-30 21:26:07', '2016-12-30 21:26:07'),
(273, 271, 'http://lg.neoprojects.com.pe/images/271_1_1483122366.jpg', '271_1_1483122366.jpg', 'jpg', '2016-12-30 21:26:06', '2016-12-30 21:26:06'),
(272, 270, 'http://lg.neoprojects.com.pe/images/270_1_1483122366.jpg', '270_1_1483122366.jpg', 'jpg', '2016-12-30 21:26:06', '2016-12-30 21:26:06'),
(271, 269, 'http://lg.neoprojects.com.pe/images/269_1_1483122366.jpg', '269_1_1483122366.jpg', 'jpg', '2016-12-30 21:26:06', '2016-12-30 21:26:06'),
(270, 268, 'http://lg.neoprojects.com.pe/images/268_1_1483122366.jpg', '268_1_1483122366.jpg', 'jpg', '2016-12-30 21:26:06', '2016-12-30 21:26:06'),
(269, 267, 'http://lg.neoprojects.com.pe/images/267_1_1483122366.jpg', '267_1_1483122366.jpg', 'jpg', '2016-12-30 21:26:06', '2016-12-30 21:26:06'),
(268, 266, 'http://lg.neoprojects.com.pe/images/266_1_1483122365.jpg', '266_1_1483122365.jpg', 'jpg', '2016-12-30 21:26:05', '2016-12-30 21:26:05'),
(267, 265, 'http://lg.neoprojects.com.pe/images/265_2_1483120658.jpg', '265_2_1483120658.jpg', 'jpg', '2016-12-30 20:57:38', '2016-12-30 20:57:38'),
(266, 264, 'http://lg.neoprojects.com.pe/images/264_1_1483120658.jpg', '264_1_1483120658.jpg', 'jpg', '2016-12-30 20:57:38', '2016-12-30 20:57:38'),
(265, 265, 'http://lg.neoprojects.com.pe/images/265_1_1483120658.jpg', '265_1_1483120658.jpg', 'jpg', '2016-12-30 20:57:38', '2016-12-30 20:57:38'),
(264, 263, 'http://lg.neoprojects.com.pe/images/263_1_1483120658.jpg', '263_1_1483120658.jpg', 'jpg', '2016-12-30 20:57:38', '2016-12-30 20:57:38'),
(263, 262, 'http://lg.neoprojects.com.pe/images/262_1_1483120657.jpg', '262_1_1483120657.jpg', 'jpg', '2016-12-30 20:57:37', '2016-12-30 20:57:37'),
(262, 261, 'http://lg.neoprojects.com.pe/images/261_1_1483120656.jpg', '261_1_1483120656.jpg', 'jpg', '2016-12-30 20:57:36', '2016-12-30 20:57:36'),
(261, 260, 'http://lg.neoprojects.com.pe/images/260_1_1483120078.jpg', '260_1_1483120078.jpg', 'jpg', '2016-12-30 20:47:58', '2016-12-30 20:47:58'),
(260, 259, 'http://lg.neoprojects.com.pe/images/259_1_1483120078.jpg', '259_1_1483120078.jpg', 'jpg', '2016-12-30 20:47:58', '2016-12-30 20:47:58'),
(259, 258, 'http://lg.neoprojects.com.pe/images/258_1_1483120078.jpg', '258_1_1483120078.jpg', 'jpg', '2016-12-30 20:47:58', '2016-12-30 20:47:58'),
(258, 257, 'http://lg.neoprojects.com.pe/images/257_1_1483120078.jpg', '257_1_1483120078.jpg', 'jpg', '2016-12-30 20:47:58', '2016-12-30 20:47:58'),
(257, 256, 'http://lg.neoprojects.com.pe/images/256_1_1483120078.jpg', '256_1_1483120078.jpg', 'jpg', '2016-12-30 20:47:58', '2016-12-30 20:47:58'),
(256, 255, 'http://lg.neoprojects.com.pe/images/255_1_1483120078.jpg', '255_1_1483120078.jpg', 'jpg', '2016-12-30 20:47:58', '2016-12-30 20:47:58'),
(255, 254, 'http://lg.neoprojects.com.pe/images/254_1_1483120076.jpg', '254_1_1483120076.jpg', 'jpg', '2016-12-30 20:47:56', '2016-12-30 20:47:56'),
(254, 253, 'http://lg.neoprojects.com.pe/images/253_1_1483117153.jpg', '253_1_1483117153.jpg', 'jpg', '2016-12-30 19:59:13', '2016-12-30 19:59:13'),
(253, 252, 'http://lg.neoprojects.com.pe/images/252_1_1483117153.jpg', '252_1_1483117153.jpg', 'jpg', '2016-12-30 19:59:13', '2016-12-30 19:59:13'),
(252, 251, 'http://lg.neoprojects.com.pe/images/251_1_1483117153.jpg', '251_1_1483117153.jpg', 'jpg', '2016-12-30 19:59:13', '2016-12-30 19:59:13'),
(251, 250, 'http://lg.neoprojects.com.pe/images/250_1_1483117153.jpg', '250_1_1483117153.jpg', 'jpg', '2016-12-30 19:59:13', '2016-12-30 19:59:13'),
(250, 249, 'http://lg.neoprojects.com.pe/images/249_1_1483117153.jpg', '249_1_1483117153.jpg', 'jpg', '2016-12-30 19:59:13', '2016-12-30 19:59:13'),
(249, 248, 'http://lg.neoprojects.com.pe/images/248_1_1483117153.jpg', '248_1_1483117153.jpg', 'jpg', '2016-12-30 19:59:13', '2016-12-30 19:59:13'),
(248, 247, 'http://lg.neoprojects.com.pe/images/247_1_1483117153.jpg', '247_1_1483117153.jpg', 'jpg', '2016-12-30 19:59:13', '2016-12-30 19:59:13'),
(247, 245, 'http://lg.neoprojects.com.pe/images/245_1_1483117152.jpg', '245_1_1483117152.jpg', 'jpg', '2016-12-30 19:59:12', '2016-12-30 19:59:12'),
(246, 246, 'http://lg.neoprojects.com.pe/images/246_1_1483117152.jpg', '246_1_1483117152.jpg', 'jpg', '2016-12-30 19:59:12', '2016-12-30 19:59:12'),
(245, 243, 'http://lg.neoprojects.com.pe/images/243_1_1483117152.jpg', '243_1_1483117152.jpg', 'jpg', '2016-12-30 19:59:12', '2016-12-30 19:59:12'),
(244, 244, 'http://lg.neoprojects.com.pe/images/244_1_1483117152.jpg', '244_1_1483117152.jpg', 'jpg', '2016-12-30 19:59:12', '2016-12-30 19:59:12'),
(243, 242, 'http://lg.neoprojects.com.pe/images/242_1_1483117152.jpg', '242_1_1483117152.jpg', 'jpg', '2016-12-30 19:59:12', '2016-12-30 19:59:12'),
(242, 241, 'http://lg.neoprojects.com.pe/images/241_1_1483117152.jpg', '241_1_1483117152.jpg', 'jpg', '2016-12-30 19:59:12', '2016-12-30 19:59:12'),
(241, 240, 'http://lg.neoprojects.com.pe/images/240_2_1483114837.jpg', '240_2_1483114837.jpg', 'jpg', '2016-12-30 19:20:37', '2016-12-30 19:20:37'),
(240, 240, 'http://lg.neoprojects.com.pe/images/240_1_1483114837.jpg', '240_1_1483114837.jpg', 'jpg', '2016-12-30 19:20:37', '2016-12-30 19:20:37'),
(239, 239, 'http://lg.neoprojects.com.pe/images/239_1_1483114837.jpg', '239_1_1483114837.jpg', 'jpg', '2016-12-30 19:20:37', '2016-12-30 19:20:37'),
(238, 238, 'http://lg.neoprojects.com.pe/images/238_1_1483114837.jpg', '238_1_1483114837.jpg', 'jpg', '2016-12-30 19:20:37', '2016-12-30 19:20:37'),
(237, 237, 'http://lg.neoprojects.com.pe/images/237_1_1483114837.jpg', '237_1_1483114837.jpg', 'jpg', '2016-12-30 19:20:37', '2016-12-30 19:20:37'),
(236, 232, 'http://lg.neoprojects.com.pe/images/232_1_1483114836.jpg', '232_1_1483114836.jpg', 'jpg', '2016-12-30 19:20:36', '2016-12-30 19:20:36'),
(235, 234, 'http://lg.neoprojects.com.pe/images/234_1_1483114836.jpg', '234_1_1483114836.jpg', 'jpg', '2016-12-30 19:20:36', '2016-12-30 19:20:36'),
(234, 233, 'http://lg.neoprojects.com.pe/images/233_1_1483114836.jpg', '233_1_1483114836.jpg', 'jpg', '2016-12-30 19:20:36', '2016-12-30 19:20:36'),
(233, 236, 'http://lg.neoprojects.com.pe/images/236_1_1483114836.jpg', '236_1_1483114836.jpg', 'jpg', '2016-12-30 19:20:36', '2016-12-30 19:20:36'),
(232, 235, 'http://lg.neoprojects.com.pe/images/235_1_1483114836.jpg', '235_1_1483114836.jpg', 'jpg', '2016-12-30 19:20:36', '2016-12-30 19:20:36'),
(144, 151, 'http://lg.neoprojects.com.pe/images/151_1_1483028595.jpg', '151_1_1483028595.jpg', 'jpg', '2016-12-29 19:23:15', '2016-12-29 19:23:15'),
(145, 152, 'http://lg.neoprojects.com.pe/images/152_1_1483028595.jpg', '152_1_1483028595.jpg', 'jpg', '2016-12-29 19:23:15', '2016-12-29 19:23:15'),
(146, 148, 'http://lg.neoprojects.com.pe/images/148_1_1483028595.jpg', '148_1_1483028595.jpg', 'jpg', '2016-12-29 19:23:15', '2016-12-29 19:23:15'),
(147, 149, 'http://lg.neoprojects.com.pe/images/149_1_1483028595.jpg', '149_1_1483028595.jpg', 'jpg', '2016-12-29 19:23:15', '2016-12-29 19:23:15'),
(148, 150, 'http://lg.neoprojects.com.pe/images/150_1_1483028595.jpg', '150_1_1483028595.jpg', 'jpg', '2016-12-29 19:23:15', '2016-12-29 19:23:15'),
(149, 147, 'http://lg.neoprojects.com.pe/images/147_1_1483028595.jpg', '147_1_1483028595.jpg', 'jpg', '2016-12-29 19:23:15', '2016-12-29 19:23:15'),
(150, 153, 'http://lg.neoprojects.com.pe/images/153_1_1483028597.jpg', '153_1_1483028597.jpg', 'jpg', '2016-12-29 19:23:17', '2016-12-29 19:23:17'),
(151, 154, 'http://lg.neoprojects.com.pe/images/154_1_1483028597.jpg', '154_1_1483028597.jpg', 'jpg', '2016-12-29 19:23:17', '2016-12-29 19:23:17'),
(152, 155, 'http://lg.neoprojects.com.pe/images/155_1_1483028597.jpg', '155_1_1483028597.jpg', 'jpg', '2016-12-29 19:23:17', '2016-12-29 19:23:17'),
(153, 156, 'http://lg.neoprojects.com.pe/images/156_1_1483028598.jpg', '156_1_1483028598.jpg', 'jpg', '2016-12-29 19:23:18', '2016-12-29 19:23:18'),
(154, 157, 'http://lg.neoprojects.com.pe/images/157_1_1483028598.jpg', '157_1_1483028598.jpg', 'jpg', '2016-12-29 19:23:18', '2016-12-29 19:23:18'),
(155, 158, 'http://lg.neoprojects.com.pe/images/158_1_1483028599.jpg', '158_1_1483028599.jpg', 'jpg', '2016-12-29 19:23:19', '2016-12-29 19:23:19'),
(156, 159, 'http://lg.neoprojects.com.pe/images/159_1_1483028599.jpg', '159_1_1483028599.jpg', 'jpg', '2016-12-29 19:23:19', '2016-12-29 19:23:19'),
(157, 160, 'http://lg.neoprojects.com.pe/images/160_1_1483028599.jpg', '160_1_1483028599.jpg', 'jpg', '2016-12-29 19:23:19', '2016-12-29 19:23:19'),
(158, 161, 'http://lg.neoprojects.com.pe/images/161_1_1483028599.jpg', '161_1_1483028599.jpg', 'jpg', '2016-12-29 19:23:19', '2016-12-29 19:23:19'),
(159, 162, 'http://lg.neoprojects.com.pe/images/162_1_1483028599.jpg', '162_1_1483028599.jpg', 'jpg', '2016-12-29 19:23:19', '2016-12-29 19:23:19'),
(160, 163, 'http://lg.neoprojects.com.pe/images/163_1_1483028600.jpg', '163_1_1483028600.jpg', 'jpg', '2016-12-29 19:23:20', '2016-12-29 19:23:20'),
(161, 164, 'http://lg.neoprojects.com.pe/images/164_1_1483028600.jpg', '164_1_1483028600.jpg', 'jpg', '2016-12-29 19:23:20', '2016-12-29 19:23:20'),
(162, 165, 'http://lg.neoprojects.com.pe/images/165_1_1483028600.jpg', '165_1_1483028600.jpg', 'jpg', '2016-12-29 19:23:20', '2016-12-29 19:23:20'),
(163, 166, 'http://lg.neoprojects.com.pe/images/166_1_1483030908.jpg', '166_1_1483030908.jpg', 'jpg', '2016-12-29 20:01:48', '2016-12-29 20:01:48'),
(164, 167, 'http://lg.neoprojects.com.pe/images/167_1_1483030908.jpg', '167_1_1483030908.jpg', 'jpg', '2016-12-29 20:01:48', '2016-12-29 20:01:48'),
(165, 168, 'http://lg.neoprojects.com.pe/images/168_1_1483030908.jpg', '168_1_1483030908.jpg', 'jpg', '2016-12-29 20:01:48', '2016-12-29 20:01:48'),
(166, 169, 'http://lg.neoprojects.com.pe/images/169_1_1483030908.jpg', '169_1_1483030908.jpg', 'jpg', '2016-12-29 20:01:48', '2016-12-29 20:01:48'),
(167, 170, 'http://lg.neoprojects.com.pe/images/170_1_1483030908.jpg', '170_1_1483030908.jpg', 'jpg', '2016-12-29 20:01:48', '2016-12-29 20:01:48'),
(168, 171, 'http://lg.neoprojects.com.pe/images/171_1_1483030908.jpg', '171_1_1483030908.jpg', 'jpg', '2016-12-29 20:01:48', '2016-12-29 20:01:48'),
(169, 172, 'http://lg.neoprojects.com.pe/images/172_1_1483030908.jpg', '172_1_1483030908.jpg', 'jpg', '2016-12-29 20:01:48', '2016-12-29 20:01:48'),
(170, 173, 'http://lg.neoprojects.com.pe/images/173_1_1483032775.jpg', '173_1_1483032775.jpg', 'jpg', '2016-12-29 20:32:55', '2016-12-29 20:32:55'),
(171, 174, 'http://lg.neoprojects.com.pe/images/174_1_1483032776.jpg', '174_1_1483032776.jpg', 'jpg', '2016-12-29 20:32:56', '2016-12-29 20:32:56'),
(172, 175, 'http://lg.neoprojects.com.pe/images/175_1_1483032776.jpg', '175_1_1483032776.jpg', 'jpg', '2016-12-29 20:32:56', '2016-12-29 20:32:56'),
(173, 176, 'http://lg.neoprojects.com.pe/images/176_1_1483032776.jpg', '176_1_1483032776.jpg', 'jpg', '2016-12-29 20:32:56', '2016-12-29 20:32:56'),
(174, 177, 'http://lg.neoprojects.com.pe/images/177_1_1483032776.jpg', '177_1_1483032776.jpg', 'jpg', '2016-12-29 20:32:56', '2016-12-29 20:32:56'),
(175, 178, 'http://lg.neoprojects.com.pe/images/178_1_1483032776.jpg', '178_1_1483032776.jpg', 'jpg', '2016-12-29 20:32:56', '2016-12-29 20:32:56'),
(176, 179, 'http://lg.neoprojects.com.pe/images/179_1_1483032776.jpg', '179_1_1483032776.jpg', 'jpg', '2016-12-29 20:32:56', '2016-12-29 20:32:56'),
(177, 179, 'http://lg.neoprojects.com.pe/images/179_2_1483032776.jpg', '179_2_1483032776.jpg', 'jpg', '2016-12-29 20:32:56', '2016-12-29 20:32:56'),
(178, 180, 'http://lg.neoprojects.com.pe/images/180_1_1483032777.jpg', '180_1_1483032777.jpg', 'jpg', '2016-12-29 20:32:57', '2016-12-29 20:32:57'),
(179, 181, 'http://lg.neoprojects.com.pe/images/181_1_1483032777.jpg', '181_1_1483032777.jpg', 'jpg', '2016-12-29 20:32:57', '2016-12-29 20:32:57'),
(180, 182, 'http://lg.neoprojects.com.pe/images/182_1_1483032777.jpg', '182_1_1483032777.jpg', 'jpg', '2016-12-29 20:32:57', '2016-12-29 20:32:57'),
(181, 183, 'http://lg.neoprojects.com.pe/images/183_1_1483032777.jpg', '183_1_1483032777.jpg', 'jpg', '2016-12-29 20:32:57', '2016-12-29 20:32:57'),
(182, 184, 'http://lg.neoprojects.com.pe/images/184_1_1483032777.jpg', '184_1_1483032777.jpg', 'jpg', '2016-12-29 20:32:57', '2016-12-29 20:32:57'),
(183, 185, 'http://lg.neoprojects.com.pe/images/185_1_1483032777.jpg', '185_1_1483032777.jpg', 'jpg', '2016-12-29 20:32:57', '2016-12-29 20:32:57'),
(184, 186, 'http://lg.neoprojects.com.pe/images/186_1_1483032777.jpg', '186_1_1483032777.jpg', 'jpg', '2016-12-29 20:32:57', '2016-12-29 20:32:57'),
(185, 187, 'http://lg.neoprojects.com.pe/images/187_1_1483035783.jpg', '187_1_1483035783.jpg', 'jpg', '2016-12-29 21:23:03', '2016-12-29 21:23:03'),
(186, 188, 'http://lg.neoprojects.com.pe/images/188_1_1483035783.jpg', '188_1_1483035783.jpg', 'jpg', '2016-12-29 21:23:03', '2016-12-29 21:23:03'),
(187, 189, 'http://lg.neoprojects.com.pe/images/189_1_1483035783.jpg', '189_1_1483035783.jpg', 'jpg', '2016-12-29 21:23:04', '2016-12-29 21:23:04'),
(188, 190, 'http://lg.neoprojects.com.pe/images/190_1_1483035784.jpg', '190_1_1483035784.jpg', 'jpg', '2016-12-29 21:23:04', '2016-12-29 21:23:04'),
(189, 191, 'http://lg.neoprojects.com.pe/images/191_1_1483040789.jpg', '191_1_1483040789.jpg', 'jpg', '2016-12-29 22:46:29', '2016-12-29 22:46:29'),
(190, 192, 'http://lg.neoprojects.com.pe/images/192_1_1483040790.jpg', '192_1_1483040790.jpg', 'jpg', '2016-12-29 22:46:30', '2016-12-29 22:46:30'),
(191, 193, 'http://lg.neoprojects.com.pe/images/193_1_1483040790.jpg', '193_1_1483040790.jpg', 'jpg', '2016-12-29 22:46:30', '2016-12-29 22:46:30'),
(192, 194, 'http://lg.neoprojects.com.pe/images/194_1_1483040790.jpg', '194_1_1483040790.jpg', 'jpg', '2016-12-29 22:46:30', '2016-12-29 22:46:30'),
(193, 195, 'http://lg.neoprojects.com.pe/images/195_1_1483040790.jpg', '195_1_1483040790.jpg', 'jpg', '2016-12-29 22:46:30', '2016-12-29 22:46:30'),
(194, 196, 'http://lg.neoprojects.com.pe/images/196_1_1483040790.jpg', '196_1_1483040790.jpg', 'jpg', '2016-12-29 22:46:30', '2016-12-29 22:46:30'),
(195, 197, 'http://lg.neoprojects.com.pe/images/197_1_1483040793.jpg', '197_1_1483040793.jpg', 'jpg', '2016-12-29 22:46:33', '2016-12-29 22:46:33'),
(196, 198, 'http://lg.neoprojects.com.pe/images/198_1_1483040795.jpg', '198_1_1483040795.jpg', 'jpg', '2016-12-29 22:46:35', '2016-12-29 22:46:35'),
(197, 199, 'http://lg.neoprojects.com.pe/images/199_1_1483040800.jpg', '199_1_1483040800.jpg', 'jpg', '2016-12-29 22:46:40', '2016-12-29 22:46:40'),
(198, 200, 'http://lg.neoprojects.com.pe/images/200_1_1483040801.jpg', '200_1_1483040801.jpg', 'jpg', '2016-12-29 22:46:41', '2016-12-29 22:46:41'),
(199, 201, 'http://lg.neoprojects.com.pe/images/201_1_1483041314.jpg', '201_1_1483041314.jpg', 'jpg', '2016-12-29 22:55:14', '2016-12-29 22:55:14'),
(200, 202, 'http://lg.neoprojects.com.pe/images/202_1_1483041315.jpg', '202_1_1483041315.jpg', 'jpg', '2016-12-29 22:55:15', '2016-12-29 22:55:15'),
(201, 203, 'http://lg.neoprojects.com.pe/images/203_1_1483041315.jpg', '203_1_1483041315.jpg', 'jpg', '2016-12-29 22:55:15', '2016-12-29 22:55:15'),
(202, 204, 'http://lg.neoprojects.com.pe/images/204_1_1483041315.jpg', '204_1_1483041315.jpg', 'jpg', '2016-12-29 22:55:15', '2016-12-29 22:55:15'),
(203, 205, 'http://lg.neoprojects.com.pe/images/205_1_1483041315.jpg', '205_1_1483041315.jpg', 'jpg', '2016-12-29 22:55:15', '2016-12-29 22:55:15'),
(204, 206, 'http://lg.neoprojects.com.pe/images/206_1_1483041315.jpg', '206_1_1483041315.jpg', 'jpg', '2016-12-29 22:55:15', '2016-12-29 22:55:15'),
(205, 207, 'http://lg.neoprojects.com.pe/images/207_1_1483041316.jpg', '207_1_1483041316.jpg', 'jpg', '2016-12-29 22:55:16', '2016-12-29 22:55:16'),
(206, 207, 'http://lg.neoprojects.com.pe/images/207_2_1483041316.jpg', '207_2_1483041316.jpg', 'jpg', '2016-12-29 22:55:16', '2016-12-29 22:55:16'),
(207, 207, 'http://lg.neoprojects.com.pe/images/207_3_1483041316.jpg', '207_3_1483041316.jpg', 'jpg', '2016-12-29 22:55:16', '2016-12-29 22:55:16'),
(208, 208, 'http://lg.neoprojects.com.pe/images/208_1_1483054829.jpg', '208_1_1483054829.jpg', 'jpg', '2016-12-30 02:40:29', '2016-12-30 02:40:29'),
(209, 209, 'http://lg.neoprojects.com.pe/images/209_1_1483054830.jpg', '209_1_1483054830.jpg', 'jpg', '2016-12-30 02:40:30', '2016-12-30 02:40:30'),
(210, 210, 'http://lg.neoprojects.com.pe/images/210_1_1483054831.jpg', '210_1_1483054831.jpg', 'jpg', '2016-12-30 02:40:31', '2016-12-30 02:40:31'),
(211, 211, 'http://lg.neoprojects.com.pe/images/211_1_1483054831.jpg', '211_1_1483054831.jpg', 'jpg', '2016-12-30 02:40:31', '2016-12-30 02:40:31'),
(212, 212, 'http://lg.neoprojects.com.pe/images/212_1_1483054831.jpg', '212_1_1483054831.jpg', 'jpg', '2016-12-30 02:40:31', '2016-12-30 02:40:31'),
(213, 213, 'http://lg.neoprojects.com.pe/images/213_1_1483059084.jpg', '213_1_1483059084.jpg', 'jpg', '2016-12-30 03:51:24', '2016-12-30 03:51:24'),
(214, 214, 'http://lg.neoprojects.com.pe/images/214_1_1483059084.jpg', '214_1_1483059084.jpg', 'jpg', '2016-12-30 03:51:24', '2016-12-30 03:51:24'),
(215, 215, 'http://lg.neoprojects.com.pe/images/215_1_1483059085.jpg', '215_1_1483059085.jpg', 'jpg', '2016-12-30 03:51:25', '2016-12-30 03:51:25'),
(216, 216, 'http://lg.neoprojects.com.pe/images/216_1_1483059085.jpg', '216_1_1483059085.jpg', 'jpg', '2016-12-30 03:51:25', '2016-12-30 03:51:25'),
(217, 217, 'http://lg.neoprojects.com.pe/images/217_1_1483059085.jpg', '217_1_1483059085.jpg', 'jpg', '2016-12-30 03:51:25', '2016-12-30 03:51:25'),
(218, 218, 'http://lg.neoprojects.com.pe/images/218_1_1483059085.jpg', '218_1_1483059085.jpg', 'jpg', '2016-12-30 03:51:25', '2016-12-30 03:51:25'),
(219, 219, 'http://lg.neoprojects.com.pe/images/219_1_1483059085.jpg', '219_1_1483059085.jpg', 'jpg', '2016-12-30 03:51:25', '2016-12-30 03:51:25'),
(220, 220, 'http://lg.neoprojects.com.pe/images/220_1_1483059085.jpg', '220_1_1483059085.jpg', 'jpg', '2016-12-30 03:51:25', '2016-12-30 03:51:25'),
(221, 221, 'http://lg.neoprojects.com.pe/images/221_1_1483059085.jpg', '221_1_1483059085.jpg', 'jpg', '2016-12-30 03:51:25', '2016-12-30 03:51:25'),
(222, 222, 'http://lg.neoprojects.com.pe/images/222_1_1483059086.jpg', '222_1_1483059086.jpg', 'jpg', '2016-12-30 03:51:26', '2016-12-30 03:51:26'),
(223, 223, 'http://lg.neoprojects.com.pe/images/223_1_1483059086.jpg', '223_1_1483059086.jpg', 'jpg', '2016-12-30 03:51:26', '2016-12-30 03:51:26'),
(224, 224, 'http://lg.neoprojects.com.pe/images/224_1_1483059086.jpg', '224_1_1483059086.jpg', 'jpg', '2016-12-30 03:51:26', '2016-12-30 03:51:26'),
(225, 225, 'http://lg.neoprojects.com.pe/images/225_1_1483059086.jpg', '225_1_1483059086.jpg', 'jpg', '2016-12-30 03:51:26', '2016-12-30 03:51:26'),
(226, 226, 'http://lg.neoprojects.com.pe/images/226_1_1483059086.jpg', '226_1_1483059086.jpg', 'jpg', '2016-12-30 03:51:26', '2016-12-30 03:51:26'),
(227, 227, 'http://lg.neoprojects.com.pe/images/227_1_1483059086.jpg', '227_1_1483059086.jpg', 'jpg', '2016-12-30 03:51:26', '2016-12-30 03:51:26'),
(228, 228, 'http://lg.neoprojects.com.pe/images/228_1_1483059086.jpg', '228_1_1483059086.jpg', 'jpg', '2016-12-30 03:51:26', '2016-12-30 03:51:26'),
(229, 229, 'http://lg.neoprojects.com.pe/images/229_1_1483059086.jpg', '229_1_1483059086.jpg', 'jpg', '2016-12-30 03:51:26', '2016-12-30 03:51:26'),
(230, 230, 'http://lg.neoprojects.com.pe/images/230_1_1483059086.jpg', '230_1_1483059086.jpg', 'jpg', '2016-12-30 03:51:26', '2016-12-30 03:51:26'),
(231, 231, 'http://lg.neoprojects.com.pe/images/231_1_1483059087.jpg', '231_1_1483059087.jpg', 'jpg', '2016-12-30 03:51:27', '2016-12-30 03:51:27'),
(365, 361, 'http://lg.neoprojects.com.pe/images/361_2_1483138669.jpg', '361_2_1483138669.jpg', 'jpg', '2016-12-31 01:57:49', '2016-12-31 01:57:49'),
(366, 362, 'http://lg.neoprojects.com.pe/images/362_1_1483139659.jpg', '362_1_1483139659.jpg', 'jpg', '2016-12-31 02:14:19', '2016-12-31 02:14:19'),
(367, 362, 'http://lg.neoprojects.com.pe/images/362_2_1483139659.jpg', '362_2_1483139659.jpg', 'jpg', '2016-12-31 02:14:19', '2016-12-31 02:14:19'),
(368, 363, 'http://lg.neoprojects.com.pe/images/363_1_1483139659.jpg', '363_1_1483139659.jpg', 'jpg', '2016-12-31 02:14:19', '2016-12-31 02:14:19'),
(369, 363, 'http://lg.neoprojects.com.pe/images/363_2_1483139659.jpg', '363_2_1483139659.jpg', 'jpg', '2016-12-31 02:14:19', '2016-12-31 02:14:19'),
(370, 364, 'http://lg.neoprojects.com.pe/images/364_1_1483139659.jpg', '364_1_1483139659.jpg', 'jpg', '2016-12-31 02:14:19', '2016-12-31 02:14:19'),
(371, 364, 'http://lg.neoprojects.com.pe/images/364_2_1483139659.jpg', '364_2_1483139659.jpg', 'jpg', '2016-12-31 02:14:19', '2016-12-31 02:14:19'),
(372, 365, 'http://lg.neoprojects.com.pe/images/365_1_1483139660.jpg', '365_1_1483139660.jpg', 'jpg', '2016-12-31 02:14:20', '2016-12-31 02:14:20'),
(373, 365, 'http://lg.neoprojects.com.pe/images/365_2_1483139660.jpg', '365_2_1483139660.jpg', 'jpg', '2016-12-31 02:14:20', '2016-12-31 02:14:20'),
(374, 366, 'http://lg.neoprojects.com.pe/images/366_1_1483139660.jpg', '366_1_1483139660.jpg', 'jpg', '2016-12-31 02:14:20', '2016-12-31 02:14:20'),
(375, 366, 'http://lg.neoprojects.com.pe/images/366_2_1483139660.jpg', '366_2_1483139660.jpg', 'jpg', '2016-12-31 02:14:20', '2016-12-31 02:14:20'),
(376, 367, 'http://lg.neoprojects.com.pe/images/367_1_1483139660.jpg', '367_1_1483139660.jpg', 'jpg', '2016-12-31 02:14:20', '2016-12-31 02:14:20'),
(377, 367, 'http://lg.neoprojects.com.pe/images/367_2_1483139660.jpg', '367_2_1483139660.jpg', 'jpg', '2016-12-31 02:14:20', '2016-12-31 02:14:20'),
(378, 368, 'http://lg.neoprojects.com.pe/images/368_1_1483139661.jpg', '368_1_1483139661.jpg', 'jpg', '2016-12-31 02:14:21', '2016-12-31 02:14:21'),
(379, 368, 'http://lg.neoprojects.com.pe/images/368_2_1483139661.jpg', '368_2_1483139661.jpg', 'jpg', '2016-12-31 02:14:21', '2016-12-31 02:14:21'),
(380, 369, 'http://lg.neoprojects.com.pe/images/369_1_1483139661.jpg', '369_1_1483139661.jpg', 'jpg', '2016-12-31 02:14:21', '2016-12-31 02:14:21'),
(381, 369, 'http://lg.neoprojects.com.pe/images/369_2_1483139661.jpg', '369_2_1483139661.jpg', 'jpg', '2016-12-31 02:14:21', '2016-12-31 02:14:21'),
(382, 370, 'http://lg.neoprojects.com.pe/images/370_1_1483139778.jpg', '370_1_1483139778.jpg', 'jpg', '2016-12-31 02:16:18', '2016-12-31 02:16:18'),
(383, 370, 'http://lg.neoprojects.com.pe/images/370_2_1483139778.jpg', '370_2_1483139778.jpg', 'jpg', '2016-12-31 02:16:18', '2016-12-31 02:16:18'),
(384, 371, 'http://lg.neoprojects.com.pe/images/371_1_1483141549.jpg', '371_1_1483141549.jpg', 'jpg', '2016-12-31 02:45:49', '2016-12-31 02:45:49'),
(385, 372, 'http://lg.neoprojects.com.pe/images/372_1_1483141550.jpg', '372_1_1483141550.jpg', 'jpg', '2016-12-31 02:45:50', '2016-12-31 02:45:50'),
(386, 372, 'http://lg.neoprojects.com.pe/images/372_2_1483141550.jpg', '372_2_1483141550.jpg', 'jpg', '2016-12-31 02:45:50', '2016-12-31 02:45:50'),
(387, 373, 'http://lg.neoprojects.com.pe/images/373_1_1483188260.jpg', '373_1_1483188260.jpg', 'jpg', '2016-12-31 15:44:20', '2016-12-31 15:44:20'),
(388, 374, 'http://lg.neoprojects.com.pe/images/374_1_1483188261.jpg', '374_1_1483188261.jpg', 'jpg', '2016-12-31 15:44:21', '2016-12-31 15:44:21'),
(389, 375, 'http://lg.neoprojects.com.pe/images/375_1_1483188261.jpg', '375_1_1483188261.jpg', 'jpg', '2016-12-31 15:44:21', '2016-12-31 15:44:21'),
(390, 376, 'http://lg.neoprojects.com.pe/images/376_1_1483188261.jpg', '376_1_1483188261.jpg', 'jpg', '2016-12-31 15:44:21', '2016-12-31 15:44:21'),
(391, 377, 'http://lg.neoprojects.com.pe/images/377_1_1483188261.jpg', '377_1_1483188261.jpg', 'jpg', '2016-12-31 15:44:21', '2016-12-31 15:44:21'),
(392, 378, 'http://lg.neoprojects.com.pe/images/378_1_1483188262.jpg', '378_1_1483188262.jpg', 'jpg', '2016-12-31 15:44:22', '2016-12-31 15:44:22'),
(393, 379, 'http://lg.neoprojects.com.pe/images/379_1_1483188262.jpg', '379_1_1483188262.jpg', 'jpg', '2016-12-31 15:44:22', '2016-12-31 15:44:22'),
(394, 380, 'http://lg.neoprojects.com.pe/images/380_1_1483188262.jpg', '380_1_1483188262.jpg', 'jpg', '2016-12-31 15:44:22', '2016-12-31 15:44:22'),
(395, 381, 'http://lg.neoprojects.com.pe/images/381_1_1483188262.jpg', '381_1_1483188262.jpg', 'jpg', '2016-12-31 15:44:22', '2016-12-31 15:44:22'),
(396, 382, 'http://lg.neoprojects.com.pe/images/382_1_1483188262.jpg', '382_1_1483188262.jpg', 'jpg', '2016-12-31 15:44:22', '2016-12-31 15:44:22'),
(397, 383, 'http://lg.neoprojects.com.pe/images/383_1_1483188262.jpg', '383_1_1483188262.jpg', 'jpg', '2016-12-31 15:44:22', '2016-12-31 15:44:22'),
(398, 384, 'http://lg.neoprojects.com.pe/images/384_1_1483188262.jpg', '384_1_1483188262.jpg', 'jpg', '2016-12-31 15:44:22', '2016-12-31 15:44:22'),
(399, 385, 'http://lg.neoprojects.com.pe/images/385_1_1483188262.jpg', '385_1_1483188262.jpg', 'jpg', '2016-12-31 15:44:23', '2016-12-31 15:44:23'),
(400, 386, 'http://lg.neoprojects.com.pe/images/386_1_1483188263.jpg', '386_1_1483188263.jpg', 'jpg', '2016-12-31 15:44:23', '2016-12-31 15:44:23'),
(401, 387, 'http://lg.neoprojects.com.pe/images/387_1_1483188263.jpg', '387_1_1483188263.jpg', 'jpg', '2016-12-31 15:44:23', '2016-12-31 15:44:23'),
(402, 388, 'http://lg.neoprojects.com.pe/images/388_1_1483188263.jpg', '388_1_1483188263.jpg', 'jpg', '2016-12-31 15:44:23', '2016-12-31 15:44:23'),
(403, 389, 'http://lg.neoprojects.com.pe/images/389_1_1483188263.jpg', '389_1_1483188263.jpg', 'jpg', '2016-12-31 15:44:23', '2016-12-31 15:44:23'),
(404, 390, 'http://lg.neoprojects.com.pe/images/390_1_1483188263.jpg', '390_1_1483188263.jpg', 'jpg', '2016-12-31 15:44:23', '2016-12-31 15:44:23'),
(405, 391, 'http://lg.neoprojects.com.pe/images/391_1_1483399585.jpg', '391_1_1483399585.jpg', 'jpg', '2017-01-03 02:26:25', '2017-01-03 02:26:25'),
(406, 392, 'http://lg.neoprojects.com.pe/images/392_1_1483399586.jpg', '392_1_1483399586.jpg', 'jpg', '2017-01-03 02:26:26', '2017-01-03 02:26:26'),
(407, 393, 'http://lg.neoprojects.com.pe/images/393_1_1483399586.jpg', '393_1_1483399586.jpg', 'jpg', '2017-01-03 02:26:26', '2017-01-03 02:26:26'),
(408, 394, 'http://lg.neoprojects.com.pe/images/394_1_1483399586.jpg', '394_1_1483399586.jpg', 'jpg', '2017-01-03 02:26:26', '2017-01-03 02:26:26'),
(409, 395, 'http://lg.neoprojects.com.pe/images/395_1_1483399586.jpg', '395_1_1483399586.jpg', 'jpg', '2017-01-03 02:26:26', '2017-01-03 02:26:26'),
(410, 396, 'http://lg.neoprojects.com.pe/images/396_1_1483399586.jpg', '396_1_1483399586.jpg', 'jpg', '2017-01-03 02:26:26', '2017-01-03 02:26:26'),
(411, 397, 'http://lg.neoprojects.com.pe/images/397_1_1483401781.jpg', '397_1_1483401781.jpg', 'jpg', '2017-01-03 03:03:01', '2017-01-03 03:03:01'),
(412, 397, 'http://lg.neoprojects.com.pe/images/397_2_1483401781.jpg', '397_2_1483401781.jpg', 'jpg', '2017-01-03 03:03:01', '2017-01-03 03:03:01'),
(413, 397, 'http://lg.neoprojects.com.pe/images/397_3_1483401781.jpg', '397_3_1483401781.jpg', 'jpg', '2017-01-03 03:03:01', '2017-01-03 03:03:01'),
(414, 397, 'http://lg.neoprojects.com.pe/images/397_4_1483401781.jpg', '397_4_1483401781.jpg', 'jpg', '2017-01-03 03:03:01', '2017-01-03 03:03:01'),
(415, 398, 'http://lg.neoprojects.com.pe/images/398_1_1483401782.jpg', '398_1_1483401782.jpg', 'jpg', '2017-01-03 03:03:02', '2017-01-03 03:03:02'),
(416, 398, 'http://lg.neoprojects.com.pe/images/398_2_1483401782.jpg', '398_2_1483401782.jpg', 'jpg', '2017-01-03 03:03:02', '2017-01-03 03:03:02'),
(417, 398, 'http://lg.neoprojects.com.pe/images/398_3_1483401782.jpg', '398_3_1483401782.jpg', 'jpg', '2017-01-03 03:03:02', '2017-01-03 03:03:02'),
(418, 399, 'http://lg.neoprojects.com.pe/images/399_1_1483402530.jpg', '399_1_1483402530.jpg', 'jpg', '2017-01-03 03:15:30', '2017-01-03 03:15:30'),
(419, 400, 'http://lg.neoprojects.com.pe/images/400_1_1483402530.jpg', '400_1_1483402530.jpg', 'jpg', '2017-01-03 03:15:30', '2017-01-03 03:15:30'),
(420, 401, 'http://lg.neoprojects.com.pe/images/401_1_1483402530.jpg', '401_1_1483402530.jpg', 'jpg', '2017-01-03 03:15:30', '2017-01-03 03:15:30'),
(421, 401, 'http://lg.neoprojects.com.pe/images/401_2_1483402530.jpg', '401_2_1483402530.jpg', 'jpg', '2017-01-03 03:15:30', '2017-01-03 03:15:30'),
(422, 402, 'http://lg.neoprojects.com.pe/images/402_1_1483402531.jpg', '402_1_1483402531.jpg', 'jpg', '2017-01-03 03:15:31', '2017-01-03 03:15:31'),
(423, 402, 'http://lg.neoprojects.com.pe/images/402_2_1483402531.jpg', '402_2_1483402531.jpg', 'jpg', '2017-01-03 03:15:31', '2017-01-03 03:15:31'),
(424, 402, 'http://lg.neoprojects.com.pe/images/402_3_1483402531.jpg', '402_3_1483402531.jpg', 'jpg', '2017-01-03 03:15:31', '2017-01-03 03:15:31'),
(425, 402, 'http://lg.neoprojects.com.pe/images/402_4_1483402531.jpg', '402_4_1483402531.jpg', 'jpg', '2017-01-03 03:15:31', '2017-01-03 03:15:31'),
(426, 403, 'http://lg.neoprojects.com.pe/images/403_1_1483476899.jpg', '403_1_1483476899.jpg', 'jpg', '2017-01-03 23:54:59', '2017-01-03 23:54:59'),
(427, 404, 'http://lg.neoprojects.com.pe/images/404_1_1483476900.jpg', '404_1_1483476900.jpg', 'jpg', '2017-01-03 23:55:00', '2017-01-03 23:55:00'),
(428, 404, 'http://lg.neoprojects.com.pe/images/404_2_1483476900.jpg', '404_2_1483476900.jpg', 'jpg', '2017-01-03 23:55:00', '2017-01-03 23:55:00'),
(429, 404, 'http://lg.neoprojects.com.pe/images/404_3_1483476900.jpg', '404_3_1483476900.jpg', 'jpg', '2017-01-03 23:55:00', '2017-01-03 23:55:00'),
(430, 404, 'http://lg.neoprojects.com.pe/images/404_4_1483476900.jpg', '404_4_1483476900.jpg', 'jpg', '2017-01-03 23:55:00', '2017-01-03 23:55:00'),
(431, 405, 'http://lg.neoprojects.com.pe/images/405_1_1483485878.jpg', '405_1_1483485878.jpg', 'jpg', '2017-01-04 02:24:38', '2017-01-04 02:24:38'),
(432, 406, 'http://lg.neoprojects.com.pe/images/406_1_1483485878.jpg', '406_1_1483485878.jpg', 'jpg', '2017-01-04 02:24:38', '2017-01-04 02:24:38'),
(433, 406, 'http://lg.neoprojects.com.pe/images/406_2_1483485878.jpg', '406_2_1483485878.jpg', 'jpg', '2017-01-04 02:24:38', '2017-01-04 02:24:38'),
(434, 407, 'http://lg.neoprojects.com.pe/images/407_1_1483485879.jpg', '407_1_1483485879.jpg', 'jpg', '2017-01-04 02:24:39', '2017-01-04 02:24:39'),
(435, 408, 'http://lg.neoprojects.com.pe/images/408_1_1483485879.jpg', '408_1_1483485879.jpg', 'jpg', '2017-01-04 02:24:39', '2017-01-04 02:24:39'),
(436, 409, 'http://lg.neoprojects.com.pe/images/409_1_1483485879.jpg', '409_1_1483485879.jpg', 'jpg', '2017-01-04 02:24:39', '2017-01-04 02:24:39'),
(437, 411, 'http://lg.neoprojects.com.pe/images/411_1_1483488178.jpg', '411_1_1483488178.jpg', 'jpg', '2017-01-04 03:02:58', '2017-01-04 03:02:58'),
(438, 410, 'http://lg.neoprojects.com.pe/images/410_1_1483488178.jpg', '410_1_1483488178.jpg', 'jpg', '2017-01-04 03:02:58', '2017-01-04 03:02:58'),
(439, 411, 'http://lg.neoprojects.com.pe/images/411_2_1483488178.jpg', '411_2_1483488178.jpg', 'jpg', '2017-01-04 03:02:58', '2017-01-04 03:02:58'),
(440, 410, 'http://lg.neoprojects.com.pe/images/410_2_1483488178.jpg', '410_2_1483488178.jpg', 'jpg', '2017-01-04 03:02:58', '2017-01-04 03:02:58'),
(441, 412, 'http://lg.neoprojects.com.pe/images/412_1_1483488178.jpg', '412_1_1483488178.jpg', 'jpg', '2017-01-04 03:02:58', '2017-01-04 03:02:58'),
(442, 411, 'http://lg.neoprojects.com.pe/images/411_3_1483488178.jpg', '411_3_1483488178.jpg', 'jpg', '2017-01-04 03:02:58', '2017-01-04 03:02:58'),
(443, 412, 'http://lg.neoprojects.com.pe/images/412_2_1483488178.jpg', '412_2_1483488178.jpg', 'jpg', '2017-01-04 03:02:58', '2017-01-04 03:02:58'),
(444, 410, 'http://lg.neoprojects.com.pe/images/410_3_1483488178.jpg', '410_3_1483488178.jpg', 'jpg', '2017-01-04 03:02:58', '2017-01-04 03:02:58'),
(445, 412, 'http://lg.neoprojects.com.pe/images/412_3_1483488178.jpg', '412_3_1483488178.jpg', 'jpg', '2017-01-04 03:02:58', '2017-01-04 03:02:58'),
(446, 410, 'http://lg.neoprojects.com.pe/images/410_4_1483488178.jpg', '410_4_1483488178.jpg', 'jpg', '2017-01-04 03:02:58', '2017-01-04 03:02:58'),
(447, 413, 'http://lg.neoprojects.com.pe/images/413_1_1483488179.jpg', '413_1_1483488179.jpg', 'jpg', '2017-01-04 03:02:59', '2017-01-04 03:02:59'),
(448, 413, 'http://lg.neoprojects.com.pe/images/413_2_1483488179.jpg', '413_2_1483488179.jpg', 'jpg', '2017-01-04 03:02:59', '2017-01-04 03:02:59'),
(449, 413, 'http://lg.neoprojects.com.pe/images/413_3_1483488179.jpg', '413_3_1483488179.jpg', 'jpg', '2017-01-04 03:02:59', '2017-01-04 03:02:59');

-- --------------------------------------------------------

--
-- Estructura de tabla para la tabla `track_status`
--

CREATE TABLE `track_status` (
  `id` int(10) UNSIGNED NOT NULL,
  `name` varchar(255) COLLATE utf8_unicode_ci NOT NULL,
  `created_at` timestamp NULL DEFAULT NULL,
  `updated_at` timestamp NULL DEFAULT NULL
) ENGINE=MyISAM DEFAULT CHARSET=utf8 COLLATE=utf8_unicode_ci;

--
-- Volcado de datos para la tabla `track_status`
--

INSERT INTO `track_status` (`id`, `name`, `created_at`, `updated_at`) VALUES
(1, 'alta', '2016-11-07 01:52:17', '2016-11-07 01:52:17'),
(2, 'baja', '2016-11-07 01:52:17', '2016-11-07 01:52:17'),
(3, 'pendiente', '2016-11-07 01:52:17', '2016-11-07 01:52:17');

-- --------------------------------------------------------

--
-- Estructura de tabla para la tabla `users`
--

CREATE TABLE `users` (
  `id` int(10) UNSIGNED NOT NULL,
  `username` varchar(255) COLLATE utf8_unicode_ci NOT NULL,
  `first_name` varchar(255) COLLATE utf8_unicode_ci NOT NULL,
  `last_name` varchar(255) COLLATE utf8_unicode_ci NOT NULL,
  `company` varchar(255) COLLATE utf8_unicode_ci NOT NULL,
  `phone_number` varchar(255) COLLATE utf8_unicode_ci NOT NULL,
  `status` enum('activo','pendiente','baja') COLLATE utf8_unicode_ci NOT NULL DEFAULT 'pendiente',
  `email` varchar(255) COLLATE utf8_unicode_ci NOT NULL,
  `password` varchar(255) COLLATE utf8_unicode_ci NOT NULL,
  `remember_token` varchar(100) COLLATE utf8_unicode_ci DEFAULT NULL,
  `created_at` timestamp NULL DEFAULT NULL,
  `updated_at` timestamp NULL DEFAULT NULL,
  `linea` varchar(255) COLLATE utf8_unicode_ci NOT NULL,
  `ciudad` varchar(255) COLLATE utf8_unicode_ci NOT NULL,
  `cargo` varchar(255) COLLATE utf8_unicode_ci NOT NULL
) ENGINE=MyISAM DEFAULT CHARSET=utf8 COLLATE=utf8_unicode_ci;

--
-- Volcado de datos para la tabla `users`
--

INSERT INTO `users` (`id`, `username`, `first_name`, `last_name`, `company`, `phone_number`, `status`, `email`, `password`, `remember_token`, `created_at`, `updated_at`, `linea`, `ciudad`, `cargo`) VALUES
(1, 'Admin', '', '', '', '956235689', 'activo', 'admin@trackingsystem.com', '$2y$10$6bC1Y3/mROkQgsONzSa6ReJp4c.iktpOT5zdUAZw6ezJDNbPIfbzm', NULL, '2016-11-11 13:18:06', '2016-11-11 13:18:06', '', '', ''),
(3, '', 'MARIA', ' CARRILLO', '', '942625962', 'activo', 'mcarrillo@pae.pe', '', NULL, NULL, NULL, 'HE', 'LIMA', ''),
(4, '', 'WILMER', ' MALLMA', '', '999659683', 'activo', 'wjmallma@pae.pe', '', NULL, NULL, NULL, 'HE', 'LIMA', ''),
(28, '', 'LIDNEY', ' DIAZ', '', '952643764', 'activo', 'lcdiaz@pae.pe', '', NULL, NULL, NULL, 'HE', 'LIMA', ''),
(6, '', 'JULIO', ' IMAN', '', '943134011', 'activo', 'jciman@pae.pe', '', NULL, NULL, NULL, 'HE', 'LIMA', ''),
(7, '', 'CLAUDIA', ' MAINICTA', '', '943492102', 'activo', '\r', '', NULL, NULL, NULL, 'HE', 'LIMA', ''),
(8, '', 'KAREN', ' RIOS', '', '990436877', 'activo', 'kjrios@pae.pe', '', NULL, NULL, NULL, 'GENERAL', 'PUCALLPA', ''),
(9, '', 'CECILIA', ' ZEVALLOS', '', '990436899', 'activo', 'czevallos@pae.pe', '', NULL, NULL, NULL, 'GENERAL', 'HUANCAYO', ''),
(10, '', 'STANLY', ' GREEM', '', '999659637', 'activo', 'gsmartos@pae.pe', '', NULL, NULL, NULL, 'GENERAL', 'CAJAMARCA', ''),
(11, '', 'HUYGENS', 'VELEZ', '', '999659587', 'activo', 'hjvelez@pae.pe', '', NULL, NULL, NULL, 'GENERAL', 'HUNUCO', ''),
(12, '', 'MOISES', ' ARIAS', '', '956839259', 'activo', 'mgarias@pae.pe', '', NULL, NULL, NULL, 'GENERAL', 'ICA', ''),
(13, '', 'STEVEN', ' ALVA', '', '985023735', 'activo', 'slalva@pae.pe', '', NULL, NULL, NULL, 'GENERAL', 'IQUITOS', ''),
(14, '', 'ARNOLD', 'CAYLLAHUANCA', '', '985054654', 'activo', 'acayllahua@pae.pe', '', NULL, NULL, NULL, 'GENERAL', 'CUSCO', ''),
(15, '', 'MARCO', 'ALFARO', '', '985054975', 'activo', 'maalfaro@pae.pe', '', NULL, NULL, NULL, 'GENERAL', 'CHICLAYO', ''),
(16, '', 'ANGELA', ' SALZAR', '', '985054993', 'activo', 'aisalazar@pae.pe', '', NULL, NULL, NULL, 'GENERAL', 'PUNO-JULIACA', ''),
(17, '', 'CARMEN', ' PIÑIN', '', '983667861', 'activo', 'crpinin@pae.pe', '', NULL, NULL, NULL, 'GENERAL', 'PIURA', ''),
(18, '', 'GILMAR', 'LOZANO', '', '975559028', 'activo', 'galozano@pae.pe', '', NULL, NULL, NULL, 'GENERAL', 'TRUJILLO', ''),
(19, '', 'ENZO', 'TRUJILLO', '', '959923576', 'activo', 'ejtrujillo@pae.pe', '', NULL, NULL, NULL, 'GENERAL', 'CHIMBOTE', ''),
(20, '', 'CATHERINE', 'RIVERA', '', '942483566', 'activo', 'carivera@pae.pe\r', '', NULL, NULL, NULL, 'GENERAL', 'AREQUIPA', ''),
(21, '', 'CLAUDIA', 'RAMOS', '', '959923720', 'activo', 'cramos@pae.pe', '', NULL, NULL, NULL, 'GENERAL', 'PIURA', ''),
(22, '', 'JUNIOR', 'ALBORNOZ', '', '967909369', 'activo', 'jtalbornjoz@pae.pe', '$2y$10$9e6yeOuqaKXItS2VwfrQzOaNBbW7i9NYjS1EHm1zi1cc7ZVmbaM/C', NULL, NULL, '2017-01-02 22:08:44', 'GENERAL', 'LIMA', ''),
(23, '', 'CALLUPE', 'CUYO', '', '990436893', 'activo', 'cecallupe@pae.pe', '$2y$10$OLYY6xOGR.a5PfLg/xvHAu5/gkc.7LzKdqwzd6T7Bk/mTXUlBDk6u', NULL, NULL, '2017-01-02 17:28:39', 'GENERAL', 'LIMA', ''),
(24, '', 'RENZO', 'LUYO', '', '976403641', 'activo', 'raluyo@pae.pe', '$2y$10$/tZz9ZQS2X4ZmFilFKQ4cuwGXz8eNoH0RLcDRjjYpNJNmhgWe/vLm', NULL, NULL, '2017-01-02 17:29:00', 'GENERAL', 'LIMA', ''),
(25, '', 'MANUEL', 'HORNA', '', '996472731', 'activo', 'jmhorna@pae.pe', '$2y$10$bICcHF.jXtL2VZ./pqv7XuXyIpn0HErpOAbxC2.pFA/bEc7xVwTC2', NULL, NULL, '2017-01-02 17:27:56', 'GENERAL', 'LIMA', ''),
(26, '', 'EMELY', 'LEON', '', '981944180', 'activo', 'ejleon@pae.pe', '', NULL, NULL, NULL, 'GENERAL', 'LIMA', ''),
(27, '', 'ALBERTO', 'VALDIVIA', '', '999659703', 'activo', 'javaldivia@pae.pe', '$2y$10$MU5JAunhGwbZJpCpL2hRXO5zGZZIy24FNuVx.ZX6C52cXVAx0l2MG', NULL, NULL, '2017-01-02 17:27:01', 'GENERAL', 'LIMA', ''),
(5, '', 'javier', 'puppo', '', '***942781552', 'activo', 'javierpuppo@fmail.com', '', NULL, '2016-11-09 23:36:39', '2016-11-09 23:43:42', '', '', ''),
(101, '', 'celular', 'de prueba', '', '***923419444', 'activo', 'j@f.com', '', NULL, '2016-11-12 01:13:01', '2016-11-14 19:47:42', '', '', ''),
(105, '', 'abc', '', '', '', 'baja', '', '', NULL, '2016-11-23 19:11:20', '2016-11-23 21:11:51', '', '', ''),
(104, '', 'celular de prueba 2', 'c', '', '996666567', 'activo', '', '', NULL, '2016-11-21 00:49:34', '2016-11-21 21:25:37', '', '', ''),
(106, '', 'cde', '', '', '9515705278', 'baja', '', '', NULL, '2016-11-23 19:41:25', '2017-01-02 22:32:34', '', '', ''),
(107, '', 'efg', '', '', '1942781552', 'baja', '', '', NULL, '2016-11-23 20:54:20', '2017-01-02 22:32:07', '', '', ''),
(108, '', 'javier', 'puppo', '', '942781552', 'activo', '', '', NULL, '2016-11-24 02:47:28', '2016-11-24 02:50:19', '', '', ''),
(109, '', 'John', 'Doe', '', '949149804', 'activo', 'john@doe.com', '', NULL, '2016-11-24 06:02:37', '2016-12-02 06:38:33', '', '', ''),
(110, '', 'g4 beat', 'test', '', '923419444', 'activo', '', '', NULL, '2016-12-01 21:02:42', '2016-12-01 21:04:16', '', '', ''),
(111, '', '', '', '', '995735667', 'baja', '', '', NULL, '2016-12-07 18:02:10', '2017-01-02 22:27:29', '', '', ''),
(112, '', 'IVAN', 'CASTAÑEDA', '', '985023883', 'activo', 'icastaneda@pae.pe', '', NULL, '2016-12-15 01:22:49', '2017-01-02 22:33:26', '', '', ''),
(113, '', '', '', '', '980785186', 'pendiente', '', '', NULL, '2016-12-30 20:47:56', '2016-12-30 20:47:56', '', '', ''),
(114, '', 'Jhan', 'Calua', '', '957408204', 'activo', 'jpcalua@pae.pe', '', NULL, '2016-12-31 01:57:49', '2017-01-02 22:33:21', '', '', ''),
(115, '', 'benni', 'huaman santillan', '', '942951373', 'activo', 'bhuaman@pae.pe', '', NULL, '2016-12-31 15:44:20', '2017-01-02 22:33:12', '', '', ''),
(117, '', 'ALEJANDRO', 'PAZ DEL CARPIO', '', '999659902', 'activo', 'aapaz@pae.pe', '', NULL, '2017-01-03 02:26:19', '2017-01-04 02:25:27', '', '', '');

--
-- Índices para tablas volcadas
--

--
-- Indices de la tabla `categoria`
--
ALTER TABLE `categoria`
  ADD PRIMARY KEY (`id`);

--
-- Indices de la tabla `channel`
--
ALTER TABLE `channel`
  ADD PRIMARY KEY (`id`);

--
-- Indices de la tabla `ciudad`
--
ALTER TABLE `ciudad`
  ADD PRIMARY KEY (`id`),
  ADD KEY `ciudad_provincia_id_foreign` (`provincia_id`);

--
-- Indices de la tabla `config`
--
ALTER TABLE `config`
  ADD PRIMARY KEY (`id`);

--
-- Indices de la tabla `departamento`
--
ALTER TABLE `departamento`
  ADD PRIMARY KEY (`id`),
  ADD KEY `departamento_region2_id_foreign` (`region2_id`);

--
-- Indices de la tabla `direccion_ubicacion`
--
ALTER TABLE `direccion_ubicacion`
  ADD PRIMARY KEY (`id`),
  ADD KEY `direccion_ubicacion_provincia_id_foreign` (`provincia_id`),
  ADD KEY `direccion_ubicacion_departamento_id_foreign` (`departamento_id`),
  ADD KEY `direccion_ubicacion_region1_id_foreign` (`region1_id`),
  ADD KEY `direccion_ubicacion_region2_id_foreign` (`region2_id`);

--
-- Indices de la tabla `distrito`
--
ALTER TABLE `distrito`
  ADD PRIMARY KEY (`id`),
  ADD KEY `distrito_ciudad_id_foreign` (`ciudad_id`);

--
-- Indices de la tabla `mobiliario`
--
ALTER TABLE `mobiliario`
  ADD PRIMARY KEY (`id`),
  ADD KEY `mobiliario_categoria_id_foreign` (`categoria_id`),
  ADD KEY `mobiliario_subcategoria1_id_foreign` (`subcategoria1_id`),
  ADD KEY `mobiliario_subcategoria2_id_foreign` (`subcategoria2_id`);

--
-- Indices de la tabla `movimientos`
--
ALTER TABLE `movimientos`
  ADD PRIMARY KEY (`id`),
  ADD KEY `movimientos_id_stock_foreign` (`id_stock`);

--
-- Indices de la tabla `password_resets`
--
ALTER TABLE `password_resets`
  ADD KEY `password_resets_email_index` (`email`),
  ADD KEY `password_resets_token_index` (`token`);

--
-- Indices de la tabla `permissions`
--
ALTER TABLE `permissions`
  ADD PRIMARY KEY (`id`),
  ADD UNIQUE KEY `permissions_name_unique` (`name`);

--
-- Indices de la tabla `permission_role`
--
ALTER TABLE `permission_role`
  ADD PRIMARY KEY (`permission_id`,`role_id`),
  ADD KEY `permission_role_role_id_foreign` (`role_id`);

--
-- Indices de la tabla `provincia`
--
ALTER TABLE `provincia`
  ADD PRIMARY KEY (`id`),
  ADD KEY `provincia_departamento_id_foreign` (`departamento_id`);

--
-- Indices de la tabla `region1`
--
ALTER TABLE `region1`
  ADD PRIMARY KEY (`id`);

--
-- Indices de la tabla `region2`
--
ALTER TABLE `region2`
  ADD PRIMARY KEY (`id`),
  ADD KEY `region2_region1_id_foreign` (`region1_id`);

--
-- Indices de la tabla `retail`
--
ALTER TABLE `retail`
  ADD PRIMARY KEY (`id`);

--
-- Indices de la tabla `roles`
--
ALTER TABLE `roles`
  ADD PRIMARY KEY (`id`),
  ADD UNIQUE KEY `roles_name_unique` (`name`);

--
-- Indices de la tabla `role_user`
--
ALTER TABLE `role_user`
  ADD PRIMARY KEY (`user_id`,`role_id`),
  ADD KEY `role_user_role_id_foreign` (`role_id`);

--
-- Indices de la tabla `stock`
--
ALTER TABLE `stock`
  ADD PRIMARY KEY (`id`),
  ADD UNIQUE KEY `stock_codigo_unique` (`codigo`),
  ADD KEY `stock_categoria_id_foreign` (`categoria_id`),
  ADD KEY `stock_status_foreign` (`status`),
  ADD KEY `stock_subcategoria1_id_foreign` (`subcategoria1_id`),
  ADD KEY `stock_subcategoria2_id_foreign` (`subcategoria2_id`),
  ADD KEY `stock_tienda_id_foreign` (`tienda_id`);

--
-- Indices de la tabla `stock_imagen`
--
ALTER TABLE `stock_imagen`
  ADD PRIMARY KEY (`id`),
  ADD KEY `stock_imagen_stock_id_foreign` (`stock_id`);

--
-- Indices de la tabla `stock_status`
--
ALTER TABLE `stock_status`
  ADD PRIMARY KEY (`id`);

--
-- Indices de la tabla `subcategoria1`
--
ALTER TABLE `subcategoria1`
  ADD PRIMARY KEY (`id`);

--
-- Indices de la tabla `subcategoria2`
--
ALTER TABLE `subcategoria2`
  ADD PRIMARY KEY (`id`);

--
-- Indices de la tabla `tienda`
--
ALTER TABLE `tienda`
  ADD PRIMARY KEY (`id`),
  ADD KEY `tienda_channel_id_foreign` (`channel_id`),
  ADD KEY `tienda_direccion_ubicacion_id_foreign` (`direccion_ubicacion_id`),
  ADD KEY `tienda_retail_id_foreign` (`retail_id`),
  ADD KEY `tienda_tipo_tienda_id_foreign` (`tipo_tienda_id`);

--
-- Indices de la tabla `tipo_tienda`
--
ALTER TABLE `tipo_tienda`
  ADD PRIMARY KEY (`id`);

--
-- Indices de la tabla `track`
--
ALTER TABLE `track`
  ADD PRIMARY KEY (`id`),
  ADD KEY `track_status_id_foreign` (`status_id`),
  ADD KEY `track_tienda_id_foreign` (`tienda_id`);

--
-- Indices de la tabla `track_imagen`
--
ALTER TABLE `track_imagen`
  ADD PRIMARY KEY (`id`),
  ADD KEY `track_imagen_track_id_foreign` (`track_id`);

--
-- Indices de la tabla `track_status`
--
ALTER TABLE `track_status`
  ADD PRIMARY KEY (`id`);

--
-- Indices de la tabla `users`
--
ALTER TABLE `users`
  ADD PRIMARY KEY (`id`),
  ADD UNIQUE KEY `users_phone_number_unique` (`phone_number`);

--
-- AUTO_INCREMENT de las tablas volcadas
--

--
-- AUTO_INCREMENT de la tabla `categoria`
--
ALTER TABLE `categoria`
  MODIFY `id` int(10) UNSIGNED NOT NULL AUTO_INCREMENT, AUTO_INCREMENT=7;
--
-- AUTO_INCREMENT de la tabla `channel`
--
ALTER TABLE `channel`
  MODIFY `id` int(10) UNSIGNED NOT NULL AUTO_INCREMENT, AUTO_INCREMENT=5;
--
-- AUTO_INCREMENT de la tabla `ciudad`
--
ALTER TABLE `ciudad`
  MODIFY `id` int(10) UNSIGNED NOT NULL AUTO_INCREMENT, AUTO_INCREMENT=161;
--
-- AUTO_INCREMENT de la tabla `config`
--
ALTER TABLE `config`
  MODIFY `id` int(10) UNSIGNED NOT NULL AUTO_INCREMENT;
--
-- AUTO_INCREMENT de la tabla `departamento`
--
ALTER TABLE `departamento`
  MODIFY `id` int(10) UNSIGNED NOT NULL AUTO_INCREMENT, AUTO_INCREMENT=26;
--
-- AUTO_INCREMENT de la tabla `direccion_ubicacion`
--
ALTER TABLE `direccion_ubicacion`
  MODIFY `id` int(10) UNSIGNED NOT NULL AUTO_INCREMENT, AUTO_INCREMENT=811;
--
-- AUTO_INCREMENT de la tabla `distrito`
--
ALTER TABLE `distrito`
  MODIFY `id` int(10) UNSIGNED NOT NULL AUTO_INCREMENT, AUTO_INCREMENT=141;
--
-- AUTO_INCREMENT de la tabla `mobiliario`
--
ALTER TABLE `mobiliario`
  MODIFY `id` int(10) UNSIGNED NOT NULL AUTO_INCREMENT, AUTO_INCREMENT=5;
--
-- AUTO_INCREMENT de la tabla `movimientos`
--
ALTER TABLE `movimientos`
  MODIFY `id` int(10) UNSIGNED NOT NULL AUTO_INCREMENT;
--
-- AUTO_INCREMENT de la tabla `permissions`
--
ALTER TABLE `permissions`
  MODIFY `id` int(10) UNSIGNED NOT NULL AUTO_INCREMENT, AUTO_INCREMENT=8;
--
-- AUTO_INCREMENT de la tabla `provincia`
--
ALTER TABLE `provincia`
  MODIFY `id` int(10) UNSIGNED NOT NULL AUTO_INCREMENT, AUTO_INCREMENT=77;
--
-- AUTO_INCREMENT de la tabla `region1`
--
ALTER TABLE `region1`
  MODIFY `id` int(10) UNSIGNED NOT NULL AUTO_INCREMENT, AUTO_INCREMENT=3;
--
-- AUTO_INCREMENT de la tabla `region2`
--
ALTER TABLE `region2`
  MODIFY `id` int(10) UNSIGNED NOT NULL AUTO_INCREMENT, AUTO_INCREMENT=7;
--
-- AUTO_INCREMENT de la tabla `retail`
--
ALTER TABLE `retail`
  MODIFY `id` int(10) UNSIGNED NOT NULL AUTO_INCREMENT, AUTO_INCREMENT=27;
--
-- AUTO_INCREMENT de la tabla `roles`
--
ALTER TABLE `roles`
  MODIFY `id` int(10) UNSIGNED NOT NULL AUTO_INCREMENT, AUTO_INCREMENT=3;
--
-- AUTO_INCREMENT de la tabla `stock`
--
ALTER TABLE `stock`
  MODIFY `id` int(10) UNSIGNED NOT NULL AUTO_INCREMENT, AUTO_INCREMENT=324;
--
-- AUTO_INCREMENT de la tabla `stock_imagen`
--
ALTER TABLE `stock_imagen`
  MODIFY `id` int(10) UNSIGNED NOT NULL AUTO_INCREMENT;
--
-- AUTO_INCREMENT de la tabla `stock_status`
--
ALTER TABLE `stock_status`
  MODIFY `id` int(10) UNSIGNED NOT NULL AUTO_INCREMENT, AUTO_INCREMENT=6;
--
-- AUTO_INCREMENT de la tabla `subcategoria1`
--
ALTER TABLE `subcategoria1`
  MODIFY `id` int(10) UNSIGNED NOT NULL AUTO_INCREMENT, AUTO_INCREMENT=12;
--
-- AUTO_INCREMENT de la tabla `subcategoria2`
--
ALTER TABLE `subcategoria2`
  MODIFY `id` int(10) UNSIGNED NOT NULL AUTO_INCREMENT, AUTO_INCREMENT=16;
--
-- AUTO_INCREMENT de la tabla `tienda`
--
ALTER TABLE `tienda`
  MODIFY `id` int(10) UNSIGNED NOT NULL AUTO_INCREMENT, AUTO_INCREMENT=811;
--
-- AUTO_INCREMENT de la tabla `tipo_tienda`
--
ALTER TABLE `tipo_tienda`
  MODIFY `id` int(10) UNSIGNED NOT NULL AUTO_INCREMENT, AUTO_INCREMENT=65;
--
-- AUTO_INCREMENT de la tabla `track`
--
ALTER TABLE `track`
  MODIFY `id` int(10) UNSIGNED NOT NULL AUTO_INCREMENT, AUTO_INCREMENT=414;
--
-- AUTO_INCREMENT de la tabla `track_imagen`
--
ALTER TABLE `track_imagen`
  MODIFY `id` int(10) UNSIGNED NOT NULL AUTO_INCREMENT, AUTO_INCREMENT=450;
--
-- AUTO_INCREMENT de la tabla `track_status`
--
ALTER TABLE `track_status`
  MODIFY `id` int(10) UNSIGNED NOT NULL AUTO_INCREMENT, AUTO_INCREMENT=4;
--
-- AUTO_INCREMENT de la tabla `users`
--
ALTER TABLE `users`
  MODIFY `id` int(10) UNSIGNED NOT NULL AUTO_INCREMENT, AUTO_INCREMENT=118;
/*!40101 SET CHARACTER_SET_CLIENT=@OLD_CHARACTER_SET_CLIENT */;
/*!40101 SET CHARACTER_SET_RESULTS=@OLD_CHARACTER_SET_RESULTS */;
/*!40101 SET COLLATION_CONNECTION=@OLD_COLLATION_CONNECTION */;
